MSCB01	No data	0	0	0	
MSCB02	No data	0	0	0	
MSCB03	No data	0	0	0	
MSCB04	No data	0	0	0	
MSCB05	No data	0	0	0	
MSCB06	No data	0	0	0	
MSCB07	No data	0	0	0	
MSCB08	No data	0	0	0	
MSCB09	No data	0	0	0	
MSCB10	No data	0	0	0	
MSCB11	No data	0	0	0	
MSCB12	No data	0	0	0	
MSCB13	No data	0	0	0	
MSCB14	No data	0	0	0	
MSCB15	Other sequences	1	0	1	
MSCB16	No data	0	0	0	
MSCB17	Other sequences	2	0	2	
MSCB18	No data	0	0	0	
MSCB19	No data	0	0	0	
MSCB20	No data	0	0	0	
MSCB21	Other sequences	1	0	1	
MSCB22	Other sequences	1	0	1	
MSCB23	No data	0	0	0	
MSCB24	No data	0	0	0	
MSCB25	No data	0	0	0	
MSCB26	TTGTAGGTATGGAAAGCGCTGACTCTTCGACGTC(1)CGG(5)ACCTCAGCTTCCTC(1)CGG(1)GGTTC(1)	2	0	2	
MSCB27	Other sequences	1	0	1	
MSCB28	No data	0	0	0	
MSCB29	No data	0	0	0	
MSCB30	No data	0	0	0	
MSCB31	No data	0	0	0	
MSCB32	No data	0	0	0	
MSCB33	No data	0	0	0	
MSCB34	No data	0	0	0	
MSCB35	No data	0	0	0	
MSCB36	No data	0	0	0	
MSCB37	No data	0	0	0	
MSCB38	No data	0	0	0	
