Serial,Sample,Loci,like_AA,like_AB
1,NC-2_A,Arm01,0.0,0.0
2,NC-2_A,Arm02,1.0,0.0
3,NC-2_A,Arm03,0.0,0.0
4,NC-2_A,Arm04,0.0,0.0
5,NC-2_A,Arm05,0.0,0.0
6,NC-2_A,Arm06,0.0,0.0
7,NC-2_A,Arm07,0.0,0.0
8,NC-2_A,Arm08,0.0,0.0
9,NC-2_A,Arm09,0.0,0.0
10,NC-2_A,Arm10,0.0,0.0
11,NC-2_A,Arm11,0.0,0.0
12,NC-2_A,Armo01,0.0,0.0
13,NC-2_A,Armo02,0.0,0.0
14,NC-2_A,Armo03,0.0,0.0
15,NC-2_A,Am-AG-1,0.0,0.0
16,NC-2_A,Am-AG-10,0.0,0.0
17,NC-2_A,Am-AG-4B,0.0,0.0
18,NC-2_A,Am-AG-11,0.0,0.0
19,NC-2_A,Am-CT-5,0.0,0.0
20,NC-2_A,Am-ATC-2,0.0,0.0
21,NC-2_A,Am-ATC-3,0.0,0.0
22,NC-2_A,Am-CT-2,0.0,0.0
23,NC-2_A,Am-AG-2B,0.0,0.0
24,NC-2_B,Arm01,0.0,0.0
25,NC-2_B,Arm02,1.0,0.0
26,NC-2_B,Arm03,0.0,0.0
27,NC-2_B,Arm04,0.0,0.0
28,NC-2_B,Arm05,0.0,0.0
29,NC-2_B,Arm06,0.0,0.0
30,NC-2_B,Arm07,0.0,0.0
31,NC-2_B,Arm08,0.0,0.0
32,NC-2_B,Arm09,0.0,0.0
33,NC-2_B,Arm10,0.0,0.0
34,NC-2_B,Arm11,0.0,0.0
35,NC-2_B,Armo01,0.0,0.0
36,NC-2_B,Armo02,0.0,0.0
37,NC-2_B,Armo03,0.0,0.0
38,NC-2_B,Am-AG-1,0.0,0.0
39,NC-2_B,Am-AG-10,0.0,0.0
40,NC-2_B,Am-AG-4B,0.0,0.0
41,NC-2_B,Am-AG-11,0.0,0.0
42,NC-2_B,Am-CT-5,0.0,0.0
43,NC-2_B,Am-ATC-2,0.0,0.0
44,NC-2_B,Am-ATC-3,0.0,0.0
45,NC-2_B,Am-CT-2,0.0,0.0
46,NC-2_B,Am-AG-2B,0.0,0.0
47,SB-COUT-01_A,Arm01,1.0,0.0
48,SB-COUT-01_A,Arm02,0.0,0.0
49,SB-COUT-01_A,Arm03,0.0,0.0
50,SB-COUT-01_A,Arm04,1.0,0.0
51,SB-COUT-01_A,Arm05,0.0,0.0
52,SB-COUT-01_A,Arm06,0.0,0.0
53,SB-COUT-01_A,Arm07,0.0,0.0
54,SB-COUT-01_A,Arm08,1.0,0.0
55,SB-COUT-01_A,Arm09,0.0,0.0
56,SB-COUT-01_A,Arm10,1.0,0.0
57,SB-COUT-01_A,Arm11,0.0,0.0
58,SB-COUT-01_A,Armo01,0.0,0.0
59,SB-COUT-01_A,Armo02,0.0,0.0
60,SB-COUT-01_A,Armo03,1.0,0.0
61,SB-COUT-01_A,Am-AG-1,1.0,0.0
62,SB-COUT-01_A,Am-AG-10,0.0,0.0
63,SB-COUT-01_A,Am-AG-4B,0.0,0.0
64,SB-COUT-01_A,Am-AG-11,1.0,0.0
65,SB-COUT-01_A,Am-CT-5,0.0,0.0
66,SB-COUT-01_A,Am-ATC-2,0.0,0.0
67,SB-COUT-01_A,Am-ATC-3,1.0,0.0
68,SB-COUT-01_A,Am-CT-2,1.0,0.0
69,SB-COUT-01_A,Am-AG-2B,1.0,0.0
70,SB-COUT-01_B,Arm01,0.0,0.0
71,SB-COUT-01_B,Arm02,0.0,0.0
72,SB-COUT-01_B,Arm03,0.0,0.0
73,SB-COUT-01_B,Arm04,0.0,0.0
74,SB-COUT-01_B,Arm05,0.0,0.0
75,SB-COUT-01_B,Arm06,0.0,0.0
76,SB-COUT-01_B,Arm07,0.0,0.0
77,SB-COUT-01_B,Arm08,1.0,0.0
78,SB-COUT-01_B,Arm09,0.0,0.0
79,SB-COUT-01_B,Arm10,1.0,0.0
80,SB-COUT-01_B,Arm11,0.0,0.0
81,SB-COUT-01_B,Armo01,0.0,0.0
82,SB-COUT-01_B,Armo02,0.0,0.0
83,SB-COUT-01_B,Armo03,0.0,0.0
84,SB-COUT-01_B,Am-AG-1,1.0,0.0
85,SB-COUT-01_B,Am-AG-10,0.0,0.0
86,SB-COUT-01_B,Am-AG-4B,0.0,0.0
87,SB-COUT-01_B,Am-AG-11,1.0,0.0
88,SB-COUT-01_B,Am-CT-5,1.0,0.0
89,SB-COUT-01_B,Am-ATC-2,0.0,0.0
90,SB-COUT-01_B,Am-ATC-3,1.0,0.0
91,SB-COUT-01_B,Am-CT-2,0.0,0.0
92,SB-COUT-01_B,Am-AG-2B,0.0,0.0
93,SB-COUT-02_A,Arm01,0.0,0.0
94,SB-COUT-02_A,Arm02,0.0,0.0
95,SB-COUT-02_A,Arm03,1.0,0.0
96,SB-COUT-02_A,Arm04,0.0,0.0
97,SB-COUT-02_A,Arm05,0.0,0.0
98,SB-COUT-02_A,Arm06,1.0,0.0
99,SB-COUT-02_A,Arm07,1.0,0.0
100,SB-COUT-02_A,Arm08,1.0,0.0
101,SB-COUT-02_A,Arm09,0.0,0.0
102,SB-COUT-02_A,Arm10,0.0,0.0
103,SB-COUT-02_A,Arm11,0.0,0.0
104,SB-COUT-02_A,Armo01,0.0,0.0
105,SB-COUT-02_A,Armo02,0.0,0.0
106,SB-COUT-02_A,Armo03,0.0,0.0
107,SB-COUT-02_A,Am-AG-1,1.0,0.0
108,SB-COUT-02_A,Am-AG-10,0.0,0.0
109,SB-COUT-02_A,Am-AG-4B,0.0,0.0
110,SB-COUT-02_A,Am-AG-11,1.0,0.0
111,SB-COUT-02_A,Am-CT-5,1.0,0.0
112,SB-COUT-02_A,Am-ATC-2,1.0,0.0
113,SB-COUT-02_A,Am-ATC-3,1.0,0.0
114,SB-COUT-02_A,Am-CT-2,1.0,0.0
115,SB-COUT-02_A,Am-AG-2B,1.0,0.0
116,SB-COUT-02_B,Arm01,0.0,0.0
117,SB-COUT-02_B,Arm02,0.0,0.0
118,SB-COUT-02_B,Arm03,1.0,0.0
119,SB-COUT-02_B,Arm04,0.0,0.0
120,SB-COUT-02_B,Arm05,0.0,0.0
121,SB-COUT-02_B,Arm06,1.0,0.0
122,SB-COUT-02_B,Arm07,1.0,0.0
123,SB-COUT-02_B,Arm08,1.0,0.0
124,SB-COUT-02_B,Arm09,0.0,0.0
125,SB-COUT-02_B,Arm10,0.0,0.0
126,SB-COUT-02_B,Arm11,0.0,0.0
127,SB-COUT-02_B,Armo01,0.0,0.0
128,SB-COUT-02_B,Armo02,0.0,0.0
129,SB-COUT-02_B,Armo03,0.0,0.0
130,SB-COUT-02_B,Am-AG-1,1.0,0.0
131,SB-COUT-02_B,Am-AG-10,0.0,0.0
132,SB-COUT-02_B,Am-AG-4B,0.0,0.0
133,SB-COUT-02_B,Am-AG-11,0.0,0.0
134,SB-COUT-02_B,Am-CT-5,1.0,0.0
135,SB-COUT-02_B,Am-ATC-2,1.0,0.0
136,SB-COUT-02_B,Am-ATC-3,1.0,0.0
137,SB-COUT-02_B,Am-CT-2,1.0,0.0
138,SB-COUT-02_B,Am-AG-2B,1.0,0.0
139,SB-COUT-04_A,Arm01,0.0,0.0
140,SB-COUT-04_A,Arm02,0.0,0.0
141,SB-COUT-04_A,Arm03,0.0,0.0
142,SB-COUT-04_A,Arm04,1.0,0.0
143,SB-COUT-04_A,Arm05,0.0,0.0
144,SB-COUT-04_A,Arm06,1.0,0.0
145,SB-COUT-04_A,Arm07,1.0,0.0
146,SB-COUT-04_A,Arm08,1.0,0.0
147,SB-COUT-04_A,Arm09,0.0,0.0
148,SB-COUT-04_A,Arm10,1.0,0.0
149,SB-COUT-04_A,Arm11,1.0,0.0
150,SB-COUT-04_A,Armo01,0.0,0.0
151,SB-COUT-04_A,Armo02,0.0,0.0
152,SB-COUT-04_A,Armo03,0.0,0.0
153,SB-COUT-04_A,Am-AG-1,1.0,0.0
154,SB-COUT-04_A,Am-AG-10,0.0,0.0
155,SB-COUT-04_A,Am-AG-4B,0.0,0.0
156,SB-COUT-04_A,Am-AG-11,0.0,0.0
157,SB-COUT-04_A,Am-CT-5,0.0,0.0
158,SB-COUT-04_A,Am-ATC-2,1.0,0.0
159,SB-COUT-04_A,Am-ATC-3,0.0,0.0
160,SB-COUT-04_A,Am-CT-2,1.0,0.0
161,SB-COUT-04_A,Am-AG-2B,0.0,0.0
162,SB-COUT-04_B,Arm01,0.0,0.0
163,SB-COUT-04_B,Arm02,0.0,0.0
164,SB-COUT-04_B,Arm03,0.0,0.0
165,SB-COUT-04_B,Arm04,1.0,0.0
166,SB-COUT-04_B,Arm05,0.0,0.0
167,SB-COUT-04_B,Arm06,1.0,0.0
168,SB-COUT-04_B,Arm07,1.0,0.0
169,SB-COUT-04_B,Arm08,1.0,0.0
170,SB-COUT-04_B,Arm09,0.0,0.0
171,SB-COUT-04_B,Arm10,1.0,0.0
172,SB-COUT-04_B,Arm11,1.0,0.0
173,SB-COUT-04_B,Armo01,0.0,0.0
174,SB-COUT-04_B,Armo02,0.0,0.0
175,SB-COUT-04_B,Armo03,0.0,0.0
176,SB-COUT-04_B,Am-AG-1,1.0,0.0
177,SB-COUT-04_B,Am-AG-10,0.0,0.0
178,SB-COUT-04_B,Am-AG-4B,0.0,0.0
179,SB-COUT-04_B,Am-AG-11,0.0,0.0
180,SB-COUT-04_B,Am-CT-5,0.0,0.0
181,SB-COUT-04_B,Am-ATC-2,0.0,0.0
182,SB-COUT-04_B,Am-ATC-3,0.0,0.0
183,SB-COUT-04_B,Am-CT-2,1.0,0.0
184,SB-COUT-04_B,Am-AG-2B,0.0,0.0
185,SB-PIND-03_A,Arm01,0.0,0.0
186,SB-PIND-03_A,Arm02,1.0,0.0
187,SB-PIND-03_A,Arm03,0.0,0.0
188,SB-PIND-03_A,Arm04,0.0,0.0
189,SB-PIND-03_A,Arm05,1.0,0.0
190,SB-PIND-03_A,Arm06,0.0,0.0
191,SB-PIND-03_A,Arm07,0.0,0.0
192,SB-PIND-03_A,Arm08,1.0,0.0
193,SB-PIND-03_A,Arm09,1.0,0.0
194,SB-PIND-03_A,Arm10,1.0,0.0
195,SB-PIND-03_A,Arm11,0.0,0.0
196,SB-PIND-03_A,Armo01,0.0,0.0
197,SB-PIND-03_A,Armo02,0.0,0.0
198,SB-PIND-03_A,Armo03,1.0,0.0
199,SB-PIND-03_A,Am-AG-1,0.0,0.0
200,SB-PIND-03_A,Am-AG-10,0.0,0.0
201,SB-PIND-03_A,Am-AG-4B,0.0,0.0
202,SB-PIND-03_A,Am-AG-11,1.0,0.0
203,SB-PIND-03_A,Am-CT-5,0.0,0.0
204,SB-PIND-03_A,Am-ATC-2,1.0,0.0
205,SB-PIND-03_A,Am-ATC-3,0.0,0.0
206,SB-PIND-03_A,Am-CT-2,0.0,0.0
207,SB-PIND-03_A,Am-AG-2B,0.0,0.0
208,SB-PIND-03_B,Arm01,0.0,0.0
209,SB-PIND-03_B,Arm02,1.0,0.0
210,SB-PIND-03_B,Arm03,0.0,0.0
211,SB-PIND-03_B,Arm04,0.0,0.0
212,SB-PIND-03_B,Arm05,1.0,0.0
213,SB-PIND-03_B,Arm06,0.0,0.0
214,SB-PIND-03_B,Arm07,0.0,0.0
215,SB-PIND-03_B,Arm08,1.0,0.0
216,SB-PIND-03_B,Arm09,1.0,0.0
217,SB-PIND-03_B,Arm10,1.0,0.0
218,SB-PIND-03_B,Arm11,0.0,0.0
219,SB-PIND-03_B,Armo01,0.0,0.0
220,SB-PIND-03_B,Armo02,0.0,0.0
221,SB-PIND-03_B,Armo03,1.0,0.0
222,SB-PIND-03_B,Am-AG-1,0.0,0.0
223,SB-PIND-03_B,Am-AG-10,1.0,0.0
224,SB-PIND-03_B,Am-AG-4B,1.0,0.0
225,SB-PIND-03_B,Am-AG-11,1.0,0.0
226,SB-PIND-03_B,Am-CT-5,0.0,0.0
227,SB-PIND-03_B,Am-ATC-2,1.0,0.0
228,SB-PIND-03_B,Am-ATC-3,0.0,0.0
229,SB-PIND-03_B,Am-CT-2,1.0,0.0
230,SB-PIND-03_B,Am-AG-2B,1.0,0.0
231,SB-POZO-03_A,Arm01,0.0,0.0
232,SB-POZO-03_A,Arm02,1.0,0.0
233,SB-POZO-03_A,Arm03,0.0,0.0
234,SB-POZO-03_A,Arm04,0.0,0.0
235,SB-POZO-03_A,Arm05,0.0,0.0
236,SB-POZO-03_A,Arm06,0.0,0.0
237,SB-POZO-03_A,Arm07,0.0,0.0
238,SB-POZO-03_A,Arm08,0.0,0.0
239,SB-POZO-03_A,Arm09,0.0,0.0
240,SB-POZO-03_A,Arm10,0.0,0.0
241,SB-POZO-03_A,Arm11,0.0,0.0
242,SB-POZO-03_A,Armo01,0.0,0.0
243,SB-POZO-03_A,Armo02,0.0,0.0
244,SB-POZO-03_A,Armo03,0.0,0.0
245,SB-POZO-03_A,Am-AG-1,1.0,0.0
246,SB-POZO-03_A,Am-AG-10,0.0,0.0
247,SB-POZO-03_A,Am-AG-4B,0.0,0.0
248,SB-POZO-03_A,Am-AG-11,1.0,0.0
249,SB-POZO-03_A,Am-CT-5,0.0,0.0
250,SB-POZO-03_A,Am-ATC-2,0.0,0.0
251,SB-POZO-03_A,Am-ATC-3,1.0,0.0
252,SB-POZO-03_A,Am-CT-2,0.0,0.0
253,SB-POZO-03_A,Am-AG-2B,0.0,0.0
254,SB-POZO-03_B,Arm01,0.0,0.0
255,SB-POZO-03_B,Arm02,1.0,0.0
256,SB-POZO-03_B,Arm03,0.0,0.0
257,SB-POZO-03_B,Arm04,0.0,0.0
258,SB-POZO-03_B,Arm05,0.0,0.0
259,SB-POZO-03_B,Arm06,0.0,0.0
260,SB-POZO-03_B,Arm07,0.0,0.0
261,SB-POZO-03_B,Arm08,0.0,0.0
262,SB-POZO-03_B,Arm09,0.0,0.0
263,SB-POZO-03_B,Arm10,0.0,0.0
264,SB-POZO-03_B,Arm11,1.0,0.0
265,SB-POZO-03_B,Armo01,0.0,0.0
266,SB-POZO-03_B,Armo02,0.0,0.0
267,SB-POZO-03_B,Armo03,0.0,0.0
268,SB-POZO-03_B,Am-AG-1,1.0,0.0
269,SB-POZO-03_B,Am-AG-10,0.0,0.0
270,SB-POZO-03_B,Am-AG-4B,0.0,0.0
271,SB-POZO-03_B,Am-AG-11,0.0,0.0
272,SB-POZO-03_B,Am-CT-5,0.0,0.0
273,SB-POZO-03_B,Am-ATC-2,0.0,0.0
274,SB-POZO-03_B,Am-ATC-3,1.0,0.0
275,SB-POZO-03_B,Am-CT-2,0.0,0.0
276,SB-POZO-03_B,Am-AG-2B,0.0,0.0
277,SB-POZO-09_A,Arm01,0.0,0.0
278,SB-POZO-09_A,Arm02,1.0,0.0
279,SB-POZO-09_A,Arm03,1.0,0.0
280,SB-POZO-09_A,Arm04,0.0,0.0
281,SB-POZO-09_A,Arm05,1.0,0.0
282,SB-POZO-09_A,Arm06,1.0,0.0
283,SB-POZO-09_A,Arm07,0.0,0.0
284,SB-POZO-09_A,Arm08,1.0,0.0
285,SB-POZO-09_A,Arm09,0.0,0.0
286,SB-POZO-09_A,Arm10,1.0,0.0
287,SB-POZO-09_A,Arm11,0.0,0.0
288,SB-POZO-09_A,Armo01,0.0,0.0
289,SB-POZO-09_A,Armo02,0.0,0.0
290,SB-POZO-09_A,Armo03,1.0,0.0
291,SB-POZO-09_A,Am-AG-1,1.0,0.0
292,SB-POZO-09_A,Am-AG-10,0.0,0.0
293,SB-POZO-09_A,Am-AG-4B,0.0,0.0
294,SB-POZO-09_A,Am-AG-11,1.0,0.0
295,SB-POZO-09_A,Am-CT-5,0.0,0.0
296,SB-POZO-09_A,Am-ATC-2,1.0,0.0
297,SB-POZO-09_A,Am-ATC-3,1.0,0.0
298,SB-POZO-09_A,Am-CT-2,1.0,0.0
299,SB-POZO-09_A,Am-AG-2B,0.0,0.0
300,SB-POZO-09_B,Arm01,0.0,0.0
301,SB-POZO-09_B,Arm02,1.0,0.0
302,SB-POZO-09_B,Arm03,1.0,0.0
303,SB-POZO-09_B,Arm04,0.0,0.0
304,SB-POZO-09_B,Arm05,1.0,0.0
305,SB-POZO-09_B,Arm06,1.0,0.0
306,SB-POZO-09_B,Arm07,0.0,0.0
307,SB-POZO-09_B,Arm08,1.0,0.0
308,SB-POZO-09_B,Arm09,0.0,0.0
309,SB-POZO-09_B,Arm10,1.0,0.0
310,SB-POZO-09_B,Arm11,0.0,0.0
311,SB-POZO-09_B,Armo01,0.0,0.0
312,SB-POZO-09_B,Armo02,0.0,0.0
313,SB-POZO-09_B,Armo03,1.0,0.0
314,SB-POZO-09_B,Am-AG-1,1.0,0.0
315,SB-POZO-09_B,Am-AG-10,1.0,0.0
316,SB-POZO-09_B,Am-AG-4B,0.0,0.0
317,SB-POZO-09_B,Am-AG-11,1.0,0.0
318,SB-POZO-09_B,Am-CT-5,0.0,0.0
319,SB-POZO-09_B,Am-ATC-2,1.0,0.0
320,SB-POZO-09_B,Am-ATC-3,1.0,0.0
321,SB-POZO-09_B,Am-CT-2,1.0,0.0
322,SB-POZO-09_B,Am-AG-2B,0.0,0.0
323,SB-SALD-04_A,Arm01,1.0,0.0
324,SB-SALD-04_A,Arm02,1.0,0.0
325,SB-SALD-04_A,Arm03,0.0,0.0
326,SB-SALD-04_A,Arm04,0.0,0.0
327,SB-SALD-04_A,Arm05,1.0,0.0
328,SB-SALD-04_A,Arm06,0.0,0.0
329,SB-SALD-04_A,Arm07,0.0,0.0
330,SB-SALD-04_A,Arm08,1.0,0.0
331,SB-SALD-04_A,Arm09,1.0,0.0
332,SB-SALD-04_A,Arm10,1.0,0.0
333,SB-SALD-04_A,Arm11,1.0,0.0
334,SB-SALD-04_A,Armo01,1.0,0.0
335,SB-SALD-04_A,Armo02,1.0,0.0
336,SB-SALD-04_A,Armo03,0.0,0.0
337,SB-SALD-04_A,Am-AG-1,1.0,0.0
338,SB-SALD-04_A,Am-AG-10,0.0,0.0
339,SB-SALD-04_A,Am-AG-4B,0.0,0.0
340,SB-SALD-04_A,Am-AG-11,1.0,0.0
341,SB-SALD-04_A,Am-CT-5,1.0,0.0
342,SB-SALD-04_A,Am-ATC-2,0.0,0.0
343,SB-SALD-04_A,Am-ATC-3,0.0,0.0
344,SB-SALD-04_A,Am-CT-2,0.0,0.0
345,SB-SALD-04_A,Am-AG-2B,0.0,0.0
346,SB-SALD-04_B,Arm01,1.0,0.0
347,SB-SALD-04_B,Arm02,1.0,0.0
348,SB-SALD-04_B,Arm03,0.0,0.0
349,SB-SALD-04_B,Arm04,0.0,0.0
350,SB-SALD-04_B,Arm05,1.0,0.0
351,SB-SALD-04_B,Arm06,0.0,0.0
352,SB-SALD-04_B,Arm07,0.0,0.0
353,SB-SALD-04_B,Arm08,1.0,0.0
354,SB-SALD-04_B,Arm09,1.0,0.0
355,SB-SALD-04_B,Arm10,1.0,0.0
356,SB-SALD-04_B,Arm11,1.0,0.0
357,SB-SALD-04_B,Armo01,1.0,0.0
358,SB-SALD-04_B,Armo02,1.0,0.0
359,SB-SALD-04_B,Armo03,0.0,0.0
360,SB-SALD-04_B,Am-AG-1,1.0,0.0
361,SB-SALD-04_B,Am-AG-10,0.0,0.0
362,SB-SALD-04_B,Am-AG-4B,0.0,0.0
363,SB-SALD-04_B,Am-AG-11,1.0,0.0
364,SB-SALD-04_B,Am-CT-5,0.0,0.0
365,SB-SALD-04_B,Am-ATC-2,0.0,0.0
366,SB-SALD-04_B,Am-ATC-3,0.0,0.0
367,SB-SALD-04_B,Am-CT-2,0.0,0.0
368,SB-SALD-04_B,Am-AG-2B,0.0,0.0
369,SC-CZE01-701_A,Arm01,0.0,0.0
370,SC-CZE01-701_A,Arm02,0.0,0.0
371,SC-CZE01-701_A,Arm03,0.0,0.0
372,SC-CZE01-701_A,Arm04,0.0,0.0
373,SC-CZE01-701_A,Arm05,1.0,0.0
374,SC-CZE01-701_A,Arm06,0.0,0.0
375,SC-CZE01-701_A,Arm07,0.0,0.0
376,SC-CZE01-701_A,Arm08,0.0,0.0
377,SC-CZE01-701_A,Arm09,0.0,0.0
378,SC-CZE01-701_A,Arm10,0.0,0.0
379,SC-CZE01-701_A,Arm11,1.0,0.0
380,SC-CZE01-701_A,Armo01,0.0,0.0
381,SC-CZE01-701_A,Armo02,0.0,0.0
382,SC-CZE01-701_A,Armo03,1.0,0.0
383,SC-CZE01-701_A,Am-AG-1,0.0,0.0
384,SC-CZE01-701_A,Am-AG-10,1.0,0.0
385,SC-CZE01-701_A,Am-AG-4B,0.0,0.0
386,SC-CZE01-701_A,Am-AG-11,0.0,0.0
387,SC-CZE01-701_A,Am-CT-5,1.0,0.0
388,SC-CZE01-701_A,Am-ATC-2,0.0,0.0
389,SC-CZE01-701_A,Am-ATC-3,0.0,0.0
390,SC-CZE01-701_A,Am-CT-2,1.0,0.0
391,SC-CZE01-701_A,Am-AG-2B,0.0,0.0
392,SC-CZE01-701_B,Arm01,0.0,0.0
393,SC-CZE01-701_B,Arm02,0.0,0.0
394,SC-CZE01-701_B,Arm03,0.0,0.0
395,SC-CZE01-701_B,Arm04,0.0,0.0
396,SC-CZE01-701_B,Arm05,1.0,0.0
397,SC-CZE01-701_B,Arm06,0.0,0.0
398,SC-CZE01-701_B,Arm07,0.0,0.0
399,SC-CZE01-701_B,Arm08,0.0,0.0
400,SC-CZE01-701_B,Arm09,0.0,0.0
401,SC-CZE01-701_B,Arm10,0.0,0.0
402,SC-CZE01-701_B,Arm11,1.0,0.0
403,SC-CZE01-701_B,Armo01,0.0,0.0
404,SC-CZE01-701_B,Armo02,0.0,0.0
405,SC-CZE01-701_B,Armo03,1.0,0.0
406,SC-CZE01-701_B,Am-AG-1,0.0,0.0
407,SC-CZE01-701_B,Am-AG-10,1.0,0.0
408,SC-CZE01-701_B,Am-AG-4B,0.0,0.0
409,SC-CZE01-701_B,Am-AG-11,0.0,0.0
410,SC-CZE01-701_B,Am-CT-5,1.0,0.0
411,SC-CZE01-701_B,Am-ATC-2,0.0,0.0
412,SC-CZE01-701_B,Am-ATC-3,0.0,0.0
413,SC-CZE01-701_B,Am-CT-2,1.0,0.0
414,SC-CZE01-701_B,Am-AG-2B,0.0,0.0
415,SC-CZE01-705_A,Arm01,0.0,0.0
416,SC-CZE01-705_A,Arm02,0.0,0.0
417,SC-CZE01-705_A,Arm03,0.0,0.0
418,SC-CZE01-705_A,Arm04,0.0,0.0
419,SC-CZE01-705_A,Arm05,1.0,0.0
420,SC-CZE01-705_A,Arm06,1.0,0.0
421,SC-CZE01-705_A,Arm07,1.0,0.0
422,SC-CZE01-705_A,Arm08,1.0,0.0
423,SC-CZE01-705_A,Arm09,1.0,0.0
424,SC-CZE01-705_A,Arm10,0.0,0.0
425,SC-CZE01-705_A,Arm11,0.0,0.0
426,SC-CZE01-705_A,Armo01,0.0,0.0
427,SC-CZE01-705_A,Armo02,0.0,0.0
428,SC-CZE01-705_A,Armo03,1.0,0.0
429,SC-CZE01-705_A,Am-AG-1,1.0,0.0
430,SC-CZE01-705_A,Am-AG-10,1.0,0.0
431,SC-CZE01-705_A,Am-AG-4B,0.0,0.0
432,SC-CZE01-705_A,Am-AG-11,0.0,0.0
433,SC-CZE01-705_A,Am-CT-5,1.0,0.0
434,SC-CZE01-705_A,Am-ATC-2,0.0,0.0
435,SC-CZE01-705_A,Am-ATC-3,0.0,0.0
436,SC-CZE01-705_A,Am-CT-2,0.0,0.0
437,SC-CZE01-705_A,Am-AG-2B,0.0,0.0
438,SC-CZE01-705_B,Arm01,0.0,0.0
439,SC-CZE01-705_B,Arm02,0.0,0.0
440,SC-CZE01-705_B,Arm03,0.0,0.0
441,SC-CZE01-705_B,Arm04,0.0,0.0
442,SC-CZE01-705_B,Arm05,1.0,0.0
443,SC-CZE01-705_B,Arm06,1.0,0.0
444,SC-CZE01-705_B,Arm07,1.0,0.0
445,SC-CZE01-705_B,Arm08,1.0,0.0
446,SC-CZE01-705_B,Arm09,1.0,0.0
447,SC-CZE01-705_B,Arm10,0.0,0.0
448,SC-CZE01-705_B,Arm11,0.0,0.0
449,SC-CZE01-705_B,Armo01,1.0,0.0
450,SC-CZE01-705_B,Armo02,0.0,0.0
451,SC-CZE01-705_B,Armo03,1.0,0.0
452,SC-CZE01-705_B,Am-AG-1,1.0,0.0
453,SC-CZE01-705_B,Am-AG-10,1.0,0.0
454,SC-CZE01-705_B,Am-AG-4B,0.0,0.0
455,SC-CZE01-705_B,Am-AG-11,0.0,0.0
456,SC-CZE01-705_B,Am-CT-5,1.0,0.0
457,SC-CZE01-705_B,Am-ATC-2,0.0,0.0
458,SC-CZE01-705_B,Am-ATC-3,0.0,0.0
459,SC-CZE01-705_B,Am-CT-2,0.0,0.0
460,SC-CZE01-705_B,Am-AG-2B,0.0,0.0
461,SC-FRA01-63_A,Arm01,0.0,0.0
462,SC-FRA01-63_A,Arm02,1.0,0.0
463,SC-FRA01-63_A,Arm03,0.0,0.0
464,SC-FRA01-63_A,Arm04,0.0,0.0
465,SC-FRA01-63_A,Arm05,1.0,0.0
466,SC-FRA01-63_A,Arm06,0.0,0.0
467,SC-FRA01-63_A,Arm07,0.0,0.0
468,SC-FRA01-63_A,Arm08,0.0,0.0
469,SC-FRA01-63_A,Arm09,1.0,0.0
470,SC-FRA01-63_A,Arm10,0.0,0.0
471,SC-FRA01-63_A,Arm11,0.0,0.0
472,SC-FRA01-63_A,Armo01,1.0,0.0
473,SC-FRA01-63_A,Armo02,0.0,0.0
474,SC-FRA01-63_A,Armo03,0.0,0.0
475,SC-FRA01-63_A,Am-AG-1,0.0,0.0
476,SC-FRA01-63_A,Am-AG-10,0.0,0.0
477,SC-FRA01-63_A,Am-AG-4B,0.0,0.0
478,SC-FRA01-63_A,Am-AG-11,0.0,0.0
479,SC-FRA01-63_A,Am-CT-5,0.0,0.0
480,SC-FRA01-63_A,Am-ATC-2,0.0,0.0
481,SC-FRA01-63_A,Am-ATC-3,0.0,0.0
482,SC-FRA01-63_A,Am-CT-2,1.0,0.0
483,SC-FRA01-63_A,Am-AG-2B,0.0,0.0
484,SC-FRA01-63_B,Arm01,0.0,0.0
485,SC-FRA01-63_B,Arm02,1.0,0.0
486,SC-FRA01-63_B,Arm03,0.0,0.0
487,SC-FRA01-63_B,Arm04,0.0,0.0
488,SC-FRA01-63_B,Arm05,1.0,0.0
489,SC-FRA01-63_B,Arm06,0.0,0.0
490,SC-FRA01-63_B,Arm07,0.0,0.0
491,SC-FRA01-63_B,Arm08,0.0,0.0
492,SC-FRA01-63_B,Arm09,1.0,0.0
493,SC-FRA01-63_B,Arm10,0.0,0.0
494,SC-FRA01-63_B,Arm11,0.0,0.0
495,SC-FRA01-63_B,Armo01,1.0,0.0
496,SC-FRA01-63_B,Armo02,0.0,0.0
497,SC-FRA01-63_B,Armo03,0.0,0.0
498,SC-FRA01-63_B,Am-AG-1,0.0,0.0
499,SC-FRA01-63_B,Am-AG-10,0.0,0.0
500,SC-FRA01-63_B,Am-AG-4B,0.0,0.0
501,SC-FRA01-63_B,Am-AG-11,0.0,0.0
502,SC-FRA01-63_B,Am-CT-5,0.0,0.0
503,SC-FRA01-63_B,Am-ATC-2,0.0,0.0
504,SC-FRA01-63_B,Am-ATC-3,0.0,0.0
505,SC-FRA01-63_B,Am-CT-2,0.0,0.0
506,SC-FRA01-63_B,Am-AG-2B,0.0,0.0
507,SC-FRA02-139_A,Arm01,0.0,0.0
508,SC-FRA02-139_A,Arm02,0.0,0.0
509,SC-FRA02-139_A,Arm03,0.0,0.0
510,SC-FRA02-139_A,Arm04,0.0,0.0
511,SC-FRA02-139_A,Arm05,0.0,0.0
512,SC-FRA02-139_A,Arm06,0.0,0.0
513,SC-FRA02-139_A,Arm07,0.0,0.0
514,SC-FRA02-139_A,Arm08,1.0,0.0
515,SC-FRA02-139_A,Arm09,0.0,0.0
516,SC-FRA02-139_A,Arm10,0.0,0.0
517,SC-FRA02-139_A,Arm11,0.0,0.0
518,SC-FRA02-139_A,Armo01,0.0,0.0
519,SC-FRA02-139_A,Armo02,0.0,0.0
520,SC-FRA02-139_A,Armo03,0.0,0.0
521,SC-FRA02-139_A,Am-AG-1,0.0,0.0
522,SC-FRA02-139_A,Am-AG-10,0.0,0.0
523,SC-FRA02-139_A,Am-AG-4B,0.0,0.0
524,SC-FRA02-139_A,Am-AG-11,0.0,0.0
525,SC-FRA02-139_A,Am-CT-5,0.0,0.0
526,SC-FRA02-139_A,Am-ATC-2,0.0,0.0
527,SC-FRA02-139_A,Am-ATC-3,0.0,0.0
528,SC-FRA02-139_A,Am-CT-2,0.0,0.0
529,SC-FRA02-139_A,Am-AG-2B,0.0,0.0
530,SC-FRA02-139_B,Arm01,0.0,0.0
531,SC-FRA02-139_B,Arm02,0.0,0.0
532,SC-FRA02-139_B,Arm03,0.0,0.0
533,SC-FRA02-139_B,Arm04,0.0,0.0
534,SC-FRA02-139_B,Arm05,0.0,0.0
535,SC-FRA02-139_B,Arm06,0.0,0.0
536,SC-FRA02-139_B,Arm07,0.0,0.0
537,SC-FRA02-139_B,Arm08,1.0,0.0
538,SC-FRA02-139_B,Arm09,0.0,0.0
539,SC-FRA02-139_B,Arm10,0.0,0.0
540,SC-FRA02-139_B,Arm11,0.0,0.0
541,SC-FRA02-139_B,Armo01,0.0,0.0
542,SC-FRA02-139_B,Armo02,0.0,0.0
543,SC-FRA02-139_B,Armo03,0.0,0.0
544,SC-FRA02-139_B,Am-AG-1,0.0,0.0
545,SC-FRA02-139_B,Am-AG-10,0.0,0.0
546,SC-FRA02-139_B,Am-AG-4B,0.0,0.0
547,SC-FRA02-139_B,Am-AG-11,1.0,0.0
548,SC-FRA02-139_B,Am-CT-5,0.0,0.0
549,SC-FRA02-139_B,Am-ATC-2,0.0,0.0
550,SC-FRA02-139_B,Am-ATC-3,0.0,0.0
551,SC-FRA02-139_B,Am-CT-2,0.0,0.0
552,SC-FRA02-139_B,Am-AG-2B,0.0,0.0
553,SC-GER03-317_A,Arm01,0.0,0.0
554,SC-GER03-317_A,Arm02,1.0,0.0
555,SC-GER03-317_A,Arm03,0.0,0.0
556,SC-GER03-317_A,Arm04,0.0,0.0
557,SC-GER03-317_A,Arm05,0.0,0.0
558,SC-GER03-317_A,Arm06,0.0,0.0
559,SC-GER03-317_A,Arm07,0.0,0.0
560,SC-GER03-317_A,Arm08,1.0,0.0
561,SC-GER03-317_A,Arm09,1.0,0.0
562,SC-GER03-317_A,Arm10,0.0,0.0
563,SC-GER03-317_A,Arm11,0.0,0.0
564,SC-GER03-317_A,Armo01,1.0,0.0
565,SC-GER03-317_A,Armo02,1.0,0.0
566,SC-GER03-317_A,Armo03,1.0,0.0
567,SC-GER03-317_A,Am-AG-1,0.0,0.0
568,SC-GER03-317_A,Am-AG-10,1.0,0.0
569,SC-GER03-317_A,Am-AG-4B,0.0,0.0
570,SC-GER03-317_A,Am-AG-11,1.0,0.0
571,SC-GER03-317_A,Am-CT-5,0.0,0.0
572,SC-GER03-317_A,Am-ATC-2,0.0,0.0
573,SC-GER03-317_A,Am-ATC-3,0.0,0.0
574,SC-GER03-317_A,Am-CT-2,0.0,0.0
575,SC-GER03-317_A,Am-AG-2B,1.0,0.0
576,SC-GER03-317_B,Arm01,0.0,0.0
577,SC-GER03-317_B,Arm02,1.0,0.0
578,SC-GER03-317_B,Arm03,0.0,0.0
579,SC-GER03-317_B,Arm04,0.0,0.0
580,SC-GER03-317_B,Arm05,0.0,0.0
581,SC-GER03-317_B,Arm06,0.0,0.0
582,SC-GER03-317_B,Arm07,0.0,0.0
583,SC-GER03-317_B,Arm08,1.0,0.0
584,SC-GER03-317_B,Arm09,1.0,0.0
585,SC-GER03-317_B,Arm10,0.0,0.0
586,SC-GER03-317_B,Arm11,0.0,0.0
587,SC-GER03-317_B,Armo01,0.0,0.0
588,SC-GER03-317_B,Armo02,1.0,0.0
589,SC-GER03-317_B,Armo03,1.0,0.0
590,SC-GER03-317_B,Am-AG-1,1.0,0.0
591,SC-GER03-317_B,Am-AG-10,1.0,0.0
592,SC-GER03-317_B,Am-AG-4B,0.0,0.0
593,SC-GER03-317_B,Am-AG-11,1.0,0.0
594,SC-GER03-317_B,Am-CT-5,0.0,0.0
595,SC-GER03-317_B,Am-ATC-2,0.0,0.0
596,SC-GER03-317_B,Am-ATC-3,0.0,0.0
597,SC-GER03-317_B,Am-CT-2,0.0,0.0
598,SC-GER03-317_B,Am-AG-2B,1.0,0.0
599,SC-GER03-319_A,Arm01,0.0,0.0
600,SC-GER03-319_A,Arm02,0.0,0.0
601,SC-GER03-319_A,Arm03,0.0,0.0
602,SC-GER03-319_A,Arm04,0.0,0.0
603,SC-GER03-319_A,Arm05,1.0,0.0
604,SC-GER03-319_A,Arm06,0.0,0.0
605,SC-GER03-319_A,Arm07,0.0,0.0
606,SC-GER03-319_A,Arm08,0.0,0.0
607,SC-GER03-319_A,Arm09,0.0,0.0
608,SC-GER03-319_A,Arm10,0.0,0.0
609,SC-GER03-319_A,Arm11,1.0,0.0
610,SC-GER03-319_A,Armo01,0.0,0.0
611,SC-GER03-319_A,Armo02,0.0,0.0
612,SC-GER03-319_A,Armo03,0.0,0.0
613,SC-GER03-319_A,Am-AG-1,0.0,0.0
614,SC-GER03-319_A,Am-AG-10,1.0,0.0
615,SC-GER03-319_A,Am-AG-4B,0.0,0.0
616,SC-GER03-319_A,Am-AG-11,0.0,0.0
617,SC-GER03-319_A,Am-CT-5,0.0,0.0
618,SC-GER03-319_A,Am-ATC-2,0.0,0.0
619,SC-GER03-319_A,Am-ATC-3,0.0,0.0
620,SC-GER03-319_A,Am-CT-2,0.0,0.0
621,SC-GER03-319_A,Am-AG-2B,0.0,0.0
622,SC-GER03-319_B,Arm01,0.0,0.0
623,SC-GER03-319_B,Arm02,0.0,0.0
624,SC-GER03-319_B,Arm03,0.0,0.0
625,SC-GER03-319_B,Arm04,1.0,0.0
626,SC-GER03-319_B,Arm05,1.0,0.0
627,SC-GER03-319_B,Arm06,0.0,0.0
628,SC-GER03-319_B,Arm07,0.0,0.0
629,SC-GER03-319_B,Arm08,0.0,0.0
630,SC-GER03-319_B,Arm09,0.0,0.0
631,SC-GER03-319_B,Arm10,0.0,0.0
632,SC-GER03-319_B,Arm11,0.0,0.0
633,SC-GER03-319_B,Armo01,0.0,0.0
634,SC-GER03-319_B,Armo02,0.0,0.0
635,SC-GER03-319_B,Armo03,0.0,0.0
636,SC-GER03-319_B,Am-AG-1,1.0,0.0
637,SC-GER03-319_B,Am-AG-10,1.0,0.0
638,SC-GER03-319_B,Am-AG-4B,1.0,0.0
639,SC-GER03-319_B,Am-AG-11,0.0,0.0
640,SC-GER03-319_B,Am-CT-5,0.0,0.0
641,SC-GER03-319_B,Am-ATC-2,1.0,0.0
642,SC-GER03-319_B,Am-ATC-3,0.0,0.0
643,SC-GER03-319_B,Am-CT-2,1.0,0.0
644,SC-GER03-319_B,Am-AG-2B,0.0,0.0
645,SC-GER06-744_A,Arm01,0.0,0.0
646,SC-GER06-744_A,Arm02,0.0,0.0
647,SC-GER06-744_A,Arm03,0.0,0.0
648,SC-GER06-744_A,Arm04,0.0,0.0
649,SC-GER06-744_A,Arm05,0.0,0.0
650,SC-GER06-744_A,Arm06,0.0,0.0
651,SC-GER06-744_A,Arm07,0.0,0.0
652,SC-GER06-744_A,Arm08,0.0,0.0
653,SC-GER06-744_A,Arm09,0.0,0.0
654,SC-GER06-744_A,Arm10,1.0,0.0
655,SC-GER06-744_A,Arm11,0.0,0.0
656,SC-GER06-744_A,Armo01,0.0,0.0
657,SC-GER06-744_A,Armo02,0.0,0.0
658,SC-GER06-744_A,Armo03,0.0,0.0
659,SC-GER06-744_A,Am-AG-1,1.0,0.0
660,SC-GER06-744_A,Am-AG-10,1.0,0.0
661,SC-GER06-744_A,Am-AG-4B,1.0,0.0
662,SC-GER06-744_A,Am-AG-11,0.0,0.0
663,SC-GER06-744_A,Am-CT-5,0.0,0.0
664,SC-GER06-744_A,Am-ATC-2,1.0,0.0
665,SC-GER06-744_A,Am-ATC-3,0.0,0.0
666,SC-GER06-744_A,Am-CT-2,0.0,0.0
667,SC-GER06-744_A,Am-AG-2B,1.0,0.0
668,SC-GER06-744_B,Arm01,0.0,0.0
669,SC-GER06-744_B,Arm02,0.0,0.0
670,SC-GER06-744_B,Arm03,0.0,0.0
671,SC-GER06-744_B,Arm04,0.0,0.0
672,SC-GER06-744_B,Arm05,0.0,0.0
673,SC-GER06-744_B,Arm06,0.0,0.0
674,SC-GER06-744_B,Arm07,0.0,0.0
675,SC-GER06-744_B,Arm08,0.0,0.0
676,SC-GER06-744_B,Arm09,0.0,0.0
677,SC-GER06-744_B,Arm10,1.0,0.0
678,SC-GER06-744_B,Arm11,0.0,0.0
679,SC-GER06-744_B,Armo01,0.0,0.0
680,SC-GER06-744_B,Armo02,0.0,0.0
681,SC-GER06-744_B,Armo03,0.0,0.0
682,SC-GER06-744_B,Am-AG-1,1.0,0.0
683,SC-GER06-744_B,Am-AG-10,1.0,0.0
684,SC-GER06-744_B,Am-AG-4B,1.0,0.0
685,SC-GER06-744_B,Am-AG-11,0.0,0.0
686,SC-GER06-744_B,Am-CT-5,0.0,0.0
687,SC-GER06-744_B,Am-ATC-2,1.0,0.0
688,SC-GER06-744_B,Am-ATC-3,0.0,0.0
689,SC-GER06-744_B,Am-CT-2,1.0,0.0
690,SC-GER06-744_B,Am-AG-2B,1.0,0.0
691,SC-GER06-747_A,Arm01,0.0,0.0
692,SC-GER06-747_A,Arm02,1.0,0.0
693,SC-GER06-747_A,Arm03,0.0,0.0
694,SC-GER06-747_A,Arm04,0.0,0.0
695,SC-GER06-747_A,Arm05,0.0,0.0
696,SC-GER06-747_A,Arm06,0.0,0.0
697,SC-GER06-747_A,Arm07,0.0,0.0
698,SC-GER06-747_A,Arm08,1.0,0.0
699,SC-GER06-747_A,Arm09,0.0,0.0
700,SC-GER06-747_A,Arm10,0.0,0.0
701,SC-GER06-747_A,Arm11,1.0,0.0
702,SC-GER06-747_A,Armo01,0.0,0.0
703,SC-GER06-747_A,Armo02,0.0,0.0
704,SC-GER06-747_A,Armo03,1.0,0.0
705,SC-GER06-747_A,Am-AG-1,0.0,0.0
706,SC-GER06-747_A,Am-AG-10,1.0,0.0
707,SC-GER06-747_A,Am-AG-4B,0.0,0.0
708,SC-GER06-747_A,Am-AG-11,0.0,0.0
709,SC-GER06-747_A,Am-CT-5,0.0,0.0
710,SC-GER06-747_A,Am-ATC-2,0.0,0.0
711,SC-GER06-747_A,Am-ATC-3,0.0,0.0
712,SC-GER06-747_A,Am-CT-2,0.0,0.0
713,SC-GER06-747_A,Am-AG-2B,0.0,0.0
714,SC-GER06-747_B,Arm01,0.0,0.0
715,SC-GER06-747_B,Arm02,1.0,0.0
716,SC-GER06-747_B,Arm03,0.0,0.0
717,SC-GER06-747_B,Arm04,1.0,0.0
718,SC-GER06-747_B,Arm05,0.0,0.0
719,SC-GER06-747_B,Arm06,0.0,0.0
720,SC-GER06-747_B,Arm07,0.0,0.0
721,SC-GER06-747_B,Arm08,1.0,0.0
722,SC-GER06-747_B,Arm09,0.0,0.0
723,SC-GER06-747_B,Arm10,0.0,0.0
724,SC-GER06-747_B,Arm11,1.0,0.0
725,SC-GER06-747_B,Armo01,0.0,0.0
726,SC-GER06-747_B,Armo02,0.0,0.0
727,SC-GER06-747_B,Armo03,0.0,0.0
728,SC-GER06-747_B,Am-AG-1,0.0,0.0
729,SC-GER06-747_B,Am-AG-10,1.0,0.0
730,SC-GER06-747_B,Am-AG-4B,0.0,0.0
731,SC-GER06-747_B,Am-AG-11,0.0,0.0
732,SC-GER06-747_B,Am-CT-5,0.0,0.0
733,SC-GER06-747_B,Am-ATC-2,0.0,0.0
734,SC-GER06-747_B,Am-ATC-3,0.0,0.0
735,SC-GER06-747_B,Am-CT-2,0.0,0.0
736,SC-GER06-747_B,Am-AG-2B,0.0,0.0
737,SC-GER06-749_A,Arm01,1.0,0.0
738,SC-GER06-749_A,Arm02,0.0,0.0
739,SC-GER06-749_A,Arm03,0.0,0.0
740,SC-GER06-749_A,Arm04,0.0,0.0
741,SC-GER06-749_A,Arm05,0.0,0.0
742,SC-GER06-749_A,Arm06,0.0,0.0
743,SC-GER06-749_A,Arm07,0.0,0.0
744,SC-GER06-749_A,Arm08,0.0,0.0
745,SC-GER06-749_A,Arm09,0.0,0.0
746,SC-GER06-749_A,Arm10,0.0,0.0
747,SC-GER06-749_A,Arm11,0.0,0.0
748,SC-GER06-749_A,Armo01,1.0,0.0
749,SC-GER06-749_A,Armo02,0.0,0.0
750,SC-GER06-749_A,Armo03,0.0,0.0
751,SC-GER06-749_A,Am-AG-1,1.0,0.0
752,SC-GER06-749_A,Am-AG-10,1.0,0.0
753,SC-GER06-749_A,Am-AG-4B,0.0,0.0
754,SC-GER06-749_A,Am-AG-11,0.0,0.0
755,SC-GER06-749_A,Am-CT-5,0.0,0.0
756,SC-GER06-749_A,Am-ATC-2,0.0,0.0
757,SC-GER06-749_A,Am-ATC-3,0.0,0.0
758,SC-GER06-749_A,Am-CT-2,0.0,0.0
759,SC-GER06-749_A,Am-AG-2B,0.0,0.0
760,SC-GER06-749_B,Arm01,1.0,0.0
761,SC-GER06-749_B,Arm02,0.0,0.0
762,SC-GER06-749_B,Arm03,0.0,0.0
763,SC-GER06-749_B,Arm04,0.0,0.0
764,SC-GER06-749_B,Arm05,0.0,0.0
765,SC-GER06-749_B,Arm06,0.0,0.0
766,SC-GER06-749_B,Arm07,0.0,0.0
767,SC-GER06-749_B,Arm08,0.0,0.0
768,SC-GER06-749_B,Arm09,0.0,0.0
769,SC-GER06-749_B,Arm10,0.0,0.0
770,SC-GER06-749_B,Arm11,0.0,0.0
771,SC-GER06-749_B,Armo01,1.0,0.0
772,SC-GER06-749_B,Armo02,0.0,0.0
773,SC-GER06-749_B,Armo03,0.0,0.0
774,SC-GER06-749_B,Am-AG-1,1.0,0.0
775,SC-GER06-749_B,Am-AG-10,1.0,0.0
776,SC-GER06-749_B,Am-AG-4B,0.0,0.0
777,SC-GER06-749_B,Am-AG-11,0.0,0.0
778,SC-GER06-749_B,Am-CT-5,0.0,0.0
779,SC-GER06-749_B,Am-ATC-2,0.0,0.0
780,SC-GER06-749_B,Am-ATC-3,0.0,0.0
781,SC-GER06-749_B,Am-CT-2,0.0,0.0
782,SC-GER06-749_B,Am-AG-2B,0.0,0.0
783,SC-GER06-757_A,Arm01,1.0,0.0
784,SC-GER06-757_A,Arm02,0.0,0.0
785,SC-GER06-757_A,Arm03,1.0,0.0
786,SC-GER06-757_A,Arm04,0.0,0.0
787,SC-GER06-757_A,Arm05,1.0,0.0
788,SC-GER06-757_A,Arm06,0.0,0.0
789,SC-GER06-757_A,Arm07,0.0,0.0
790,SC-GER06-757_A,Arm08,0.0,0.0
791,SC-GER06-757_A,Arm09,1.0,0.0
792,SC-GER06-757_A,Arm10,0.0,0.0
793,SC-GER06-757_A,Arm11,0.0,0.0
794,SC-GER06-757_A,Armo01,0.0,0.0
795,SC-GER06-757_A,Armo02,0.0,0.0
796,SC-GER06-757_A,Armo03,0.0,0.0
797,SC-GER06-757_A,Am-AG-1,1.0,0.0
798,SC-GER06-757_A,Am-AG-10,1.0,0.0
799,SC-GER06-757_A,Am-AG-4B,0.0,0.0
800,SC-GER06-757_A,Am-AG-11,0.0,0.0
801,SC-GER06-757_A,Am-CT-5,0.0,0.0
802,SC-GER06-757_A,Am-ATC-2,0.0,0.0
803,SC-GER06-757_A,Am-ATC-3,0.0,0.0
804,SC-GER06-757_A,Am-CT-2,0.0,0.0
805,SC-GER06-757_A,Am-AG-2B,0.0,0.0
806,SC-GER06-757_B,Arm01,1.0,0.0
807,SC-GER06-757_B,Arm02,0.0,0.0
808,SC-GER06-757_B,Arm03,1.0,0.0
809,SC-GER06-757_B,Arm04,1.0,0.0
810,SC-GER06-757_B,Arm05,1.0,0.0
811,SC-GER06-757_B,Arm06,0.0,0.0
812,SC-GER06-757_B,Arm07,0.0,0.0
813,SC-GER06-757_B,Arm08,0.0,0.0
814,SC-GER06-757_B,Arm09,1.0,0.0
815,SC-GER06-757_B,Arm10,0.0,0.0
816,SC-GER06-757_B,Arm11,0.0,0.0
817,SC-GER06-757_B,Armo01,0.0,0.0
818,SC-GER06-757_B,Armo02,0.0,0.0
819,SC-GER06-757_B,Armo03,0.0,0.0
820,SC-GER06-757_B,Am-AG-1,1.0,0.0
821,SC-GER06-757_B,Am-AG-10,1.0,0.0
822,SC-GER06-757_B,Am-AG-4B,0.0,0.0
823,SC-GER06-757_B,Am-AG-11,1.0,0.0
824,SC-GER06-757_B,Am-CT-5,0.0,0.0
825,SC-GER06-757_B,Am-ATC-2,0.0,0.0
826,SC-GER06-757_B,Am-ATC-3,0.0,0.0
827,SC-GER06-757_B,Am-CT-2,0.0,0.0
828,SC-GER06-757_B,Am-AG-2B,0.0,0.0
829,SC-GER07-304_A,Arm01,0.0,0.0
830,SC-GER07-304_A,Arm02,0.0,0.0
831,SC-GER07-304_A,Arm03,1.0,0.0
832,SC-GER07-304_A,Arm04,1.0,0.0
833,SC-GER07-304_A,Arm05,1.0,0.0
834,SC-GER07-304_A,Arm06,0.0,0.0
835,SC-GER07-304_A,Arm07,0.0,0.0
836,SC-GER07-304_A,Arm08,0.0,0.0
837,SC-GER07-304_A,Arm09,0.0,0.0
838,SC-GER07-304_A,Arm10,0.0,0.0
839,SC-GER07-304_A,Arm11,1.0,0.0
840,SC-GER07-304_A,Armo01,0.0,0.0
841,SC-GER07-304_A,Armo02,0.0,0.0
842,SC-GER07-304_A,Armo03,1.0,0.0
843,SC-GER07-304_A,Am-AG-1,0.0,0.0
844,SC-GER07-304_A,Am-AG-10,1.0,0.0
845,SC-GER07-304_A,Am-AG-4B,0.0,0.0
846,SC-GER07-304_A,Am-AG-11,1.0,0.0
847,SC-GER07-304_A,Am-CT-5,1.0,0.0
848,SC-GER07-304_A,Am-ATC-2,0.0,0.0
849,SC-GER07-304_A,Am-ATC-3,0.0,0.0
850,SC-GER07-304_A,Am-CT-2,0.0,0.0
851,SC-GER07-304_A,Am-AG-2B,1.0,0.0
852,SC-GER07-304_B,Arm01,0.0,0.0
853,SC-GER07-304_B,Arm02,0.0,0.0
854,SC-GER07-304_B,Arm03,1.0,0.0
855,SC-GER07-304_B,Arm04,0.0,0.0
856,SC-GER07-304_B,Arm05,1.0,0.0
857,SC-GER07-304_B,Arm06,0.0,0.0
858,SC-GER07-304_B,Arm07,0.0,0.0
859,SC-GER07-304_B,Arm08,0.0,0.0
860,SC-GER07-304_B,Arm09,0.0,0.0
861,SC-GER07-304_B,Arm10,0.0,0.0
862,SC-GER07-304_B,Arm11,0.0,0.0
863,SC-GER07-304_B,Armo01,0.0,0.0
864,SC-GER07-304_B,Armo02,0.0,0.0
865,SC-GER07-304_B,Armo03,1.0,0.0
866,SC-GER07-304_B,Am-AG-1,0.0,0.0
867,SC-GER07-304_B,Am-AG-10,1.0,0.0
868,SC-GER07-304_B,Am-AG-4B,0.0,0.0
869,SC-GER07-304_B,Am-AG-11,1.0,0.0
870,SC-GER07-304_B,Am-CT-5,1.0,0.0
871,SC-GER07-304_B,Am-ATC-2,0.0,0.0
872,SC-GER07-304_B,Am-ATC-3,0.0,0.0
873,SC-GER07-304_B,Am-CT-2,0.0,0.0
874,SC-GER07-304_B,Am-AG-2B,1.0,0.0
875,SC-GER07-314_A,Arm01,0.0,0.0
876,SC-GER07-314_A,Arm02,1.0,0.0
877,SC-GER07-314_A,Arm03,1.0,0.0
878,SC-GER07-314_A,Arm04,0.0,0.0
879,SC-GER07-314_A,Arm05,0.0,0.0
880,SC-GER07-314_A,Arm06,1.0,0.0
881,SC-GER07-314_A,Arm07,0.0,0.0
882,SC-GER07-314_A,Arm08,0.0,0.0
883,SC-GER07-314_A,Arm09,0.0,0.0
884,SC-GER07-314_A,Arm10,0.0,0.0
885,SC-GER07-314_A,Arm11,0.0,0.0
886,SC-GER07-314_A,Armo01,0.0,0.0
887,SC-GER07-314_A,Armo02,0.0,0.0
888,SC-GER07-314_A,Armo03,0.0,0.0
889,SC-GER07-314_A,Am-AG-1,0.0,0.0
890,SC-GER07-314_A,Am-AG-10,1.0,0.0
891,SC-GER07-314_A,Am-AG-4B,1.0,0.0
892,SC-GER07-314_A,Am-AG-11,1.0,0.0
893,SC-GER07-314_A,Am-CT-5,0.0,0.0
894,SC-GER07-314_A,Am-ATC-2,0.0,0.0
895,SC-GER07-314_A,Am-ATC-3,0.0,0.0
896,SC-GER07-314_A,Am-CT-2,1.0,0.0
897,SC-GER07-314_A,Am-AG-2B,0.0,0.0
898,SC-GER07-314_B,Arm01,0.0,0.0
899,SC-GER07-314_B,Arm02,1.0,0.0
900,SC-GER07-314_B,Arm03,1.0,0.0
901,SC-GER07-314_B,Arm04,0.0,0.0
902,SC-GER07-314_B,Arm05,0.0,0.0
903,SC-GER07-314_B,Arm06,1.0,0.0
904,SC-GER07-314_B,Arm07,0.0,0.0
905,SC-GER07-314_B,Arm08,0.0,0.0
906,SC-GER07-314_B,Arm09,0.0,0.0
907,SC-GER07-314_B,Arm10,0.0,0.0
908,SC-GER07-314_B,Arm11,0.0,0.0
909,SC-GER07-314_B,Armo01,0.0,0.0
910,SC-GER07-314_B,Armo02,0.0,0.0
911,SC-GER07-314_B,Armo03,0.0,0.0
912,SC-GER07-314_B,Am-AG-1,0.0,0.0
913,SC-GER07-314_B,Am-AG-10,1.0,0.0
914,SC-GER07-314_B,Am-AG-4B,0.0,0.0
915,SC-GER07-314_B,Am-AG-11,1.0,0.0
916,SC-GER07-314_B,Am-CT-5,0.0,0.0
917,SC-GER07-314_B,Am-ATC-2,0.0,0.0
918,SC-GER07-314_B,Am-ATC-3,0.0,0.0
919,SC-GER07-314_B,Am-CT-2,1.0,0.0
920,SC-GER07-314_B,Am-AG-2B,0.0,0.0
921,SC-ITA01-661_A,Arm01,0.0,0.0
922,SC-ITA01-661_A,Arm02,0.0,0.0
923,SC-ITA01-661_A,Arm03,1.0,0.0
924,SC-ITA01-661_A,Arm04,0.0,0.0
925,SC-ITA01-661_A,Arm05,0.0,0.0
926,SC-ITA01-661_A,Arm06,0.0,0.0
927,SC-ITA01-661_A,Arm07,0.0,0.0
928,SC-ITA01-661_A,Arm08,1.0,0.0
929,SC-ITA01-661_A,Arm09,0.0,0.0
930,SC-ITA01-661_A,Arm10,0.0,0.0
931,SC-ITA01-661_A,Arm11,0.0,0.0
932,SC-ITA01-661_A,Armo01,1.0,0.0
933,SC-ITA01-661_A,Armo02,0.0,0.0
934,SC-ITA01-661_A,Armo03,0.0,0.0
935,SC-ITA01-661_A,Am-AG-1,0.0,0.0
936,SC-ITA01-661_A,Am-AG-10,0.0,0.0
937,SC-ITA01-661_A,Am-AG-4B,1.0,0.0
938,SC-ITA01-661_A,Am-AG-11,1.0,0.0
939,SC-ITA01-661_A,Am-CT-5,0.0,0.0
940,SC-ITA01-661_A,Am-ATC-2,0.0,0.0
941,SC-ITA01-661_A,Am-ATC-3,0.0,0.0
942,SC-ITA01-661_A,Am-CT-2,0.0,0.0
943,SC-ITA01-661_A,Am-AG-2B,1.0,0.0
944,SC-ITA01-661_B,Arm01,0.0,0.0
945,SC-ITA01-661_B,Arm02,0.0,0.0
946,SC-ITA01-661_B,Arm03,1.0,0.0
947,SC-ITA01-661_B,Arm04,0.0,0.0
948,SC-ITA01-661_B,Arm05,0.0,0.0
949,SC-ITA01-661_B,Arm06,0.0,0.0
950,SC-ITA01-661_B,Arm07,0.0,0.0
951,SC-ITA01-661_B,Arm08,0.0,0.0
952,SC-ITA01-661_B,Arm09,0.0,0.0
953,SC-ITA01-661_B,Arm10,0.0,0.0
954,SC-ITA01-661_B,Arm11,0.0,0.0
955,SC-ITA01-661_B,Armo01,1.0,0.0
956,SC-ITA01-661_B,Armo02,0.0,0.0
957,SC-ITA01-661_B,Armo03,0.0,0.0
958,SC-ITA01-661_B,Am-AG-1,0.0,0.0
959,SC-ITA01-661_B,Am-AG-10,0.0,0.0
960,SC-ITA01-661_B,Am-AG-4B,1.0,0.0
961,SC-ITA01-661_B,Am-AG-11,0.0,0.0
962,SC-ITA01-661_B,Am-CT-5,1.0,0.0
963,SC-ITA01-661_B,Am-ATC-2,0.0,0.0
964,SC-ITA01-661_B,Am-ATC-3,0.0,0.0
965,SC-ITA01-661_B,Am-CT-2,0.0,0.0
966,SC-ITA01-661_B,Am-AG-2B,1.0,0.0
967,SC-ITA01-670_A,Arm01,0.0,0.0
968,SC-ITA01-670_A,Arm02,0.0,0.0
969,SC-ITA01-670_A,Arm03,0.0,0.0
970,SC-ITA01-670_A,Arm04,0.0,0.0
971,SC-ITA01-670_A,Arm05,0.0,0.0
972,SC-ITA01-670_A,Arm06,0.0,0.0
973,SC-ITA01-670_A,Arm07,0.0,0.0
974,SC-ITA01-670_A,Arm08,0.0,0.0
975,SC-ITA01-670_A,Arm09,0.0,0.0
976,SC-ITA01-670_A,Arm10,1.0,0.0
977,SC-ITA01-670_A,Arm11,0.0,0.0
978,SC-ITA01-670_A,Armo01,0.0,0.0
979,SC-ITA01-670_A,Armo02,0.0,0.0
980,SC-ITA01-670_A,Armo03,0.0,0.0
981,SC-ITA01-670_A,Am-AG-1,0.0,0.0
982,SC-ITA01-670_A,Am-AG-10,0.0,0.0
983,SC-ITA01-670_A,Am-AG-4B,0.0,0.0
984,SC-ITA01-670_A,Am-AG-11,0.0,0.0
985,SC-ITA01-670_A,Am-CT-5,1.0,0.0
986,SC-ITA01-670_A,Am-ATC-2,0.0,0.0
987,SC-ITA01-670_A,Am-ATC-3,1.0,0.0
988,SC-ITA01-670_A,Am-CT-2,0.0,0.0
989,SC-ITA01-670_A,Am-AG-2B,1.0,0.0
990,SC-ITA01-670_B,Arm01,0.0,0.0
991,SC-ITA01-670_B,Arm02,1.0,0.0
992,SC-ITA01-670_B,Arm03,0.0,0.0
993,SC-ITA01-670_B,Arm04,0.0,0.0
994,SC-ITA01-670_B,Arm05,0.0,0.0
995,SC-ITA01-670_B,Arm06,0.0,0.0
996,SC-ITA01-670_B,Arm07,0.0,0.0
997,SC-ITA01-670_B,Arm08,0.0,0.0
998,SC-ITA01-670_B,Arm09,0.0,0.0
999,SC-ITA01-670_B,Arm10,1.0,0.0
1000,SC-ITA01-670_B,Arm11,0.0,0.0
1001,SC-ITA01-670_B,Armo01,0.0,0.0
1002,SC-ITA01-670_B,Armo02,0.0,0.0
1003,SC-ITA01-670_B,Armo03,0.0,0.0
1004,SC-ITA01-670_B,Am-AG-1,1.0,0.0
1005,SC-ITA01-670_B,Am-AG-10,0.0,0.0
1006,SC-ITA01-670_B,Am-AG-4B,0.0,0.0
1007,SC-ITA01-670_B,Am-AG-11,0.0,0.0
1008,SC-ITA01-670_B,Am-CT-5,1.0,0.0
1009,SC-ITA01-670_B,Am-ATC-2,0.0,0.0
1010,SC-ITA01-670_B,Am-ATC-3,1.0,0.0
1011,SC-ITA01-670_B,Am-CT-2,0.0,0.0
1012,SC-ITA01-670_B,Am-AG-2B,1.0,0.0
1013,SC-ITA05-549_A,Arm01,0.0,0.0
1014,SC-ITA05-549_A,Arm02,1.0,0.0
1015,SC-ITA05-549_A,Arm03,0.0,0.0
1016,SC-ITA05-549_A,Arm04,0.0,0.0
1017,SC-ITA05-549_A,Arm05,1.0,0.0
1018,SC-ITA05-549_A,Arm06,0.0,0.0
1019,SC-ITA05-549_A,Arm07,0.0,0.0
1020,SC-ITA05-549_A,Arm08,0.0,0.0
1021,SC-ITA05-549_A,Arm09,0.0,0.0
1022,SC-ITA05-549_A,Arm10,0.0,0.0
1023,SC-ITA05-549_A,Arm11,0.0,0.0
1024,SC-ITA05-549_A,Armo01,0.0,0.0
1025,SC-ITA05-549_A,Armo02,1.0,0.0
1026,SC-ITA05-549_A,Armo03,0.0,0.0
1027,SC-ITA05-549_A,Am-AG-1,1.0,0.0
1028,SC-ITA05-549_A,Am-AG-10,1.0,0.0
1029,SC-ITA05-549_A,Am-AG-4B,0.0,0.0
1030,SC-ITA05-549_A,Am-AG-11,1.0,0.0
1031,SC-ITA05-549_A,Am-CT-5,0.0,0.0
1032,SC-ITA05-549_A,Am-ATC-2,0.0,0.0
1033,SC-ITA05-549_A,Am-ATC-3,1.0,0.0
1034,SC-ITA05-549_A,Am-CT-2,1.0,0.0
1035,SC-ITA05-549_A,Am-AG-2B,0.0,0.0
1036,SC-ITA05-549_B,Arm01,0.0,0.0
1037,SC-ITA05-549_B,Arm02,1.0,0.0
1038,SC-ITA05-549_B,Arm03,0.0,0.0
1039,SC-ITA05-549_B,Arm04,0.0,0.0
1040,SC-ITA05-549_B,Arm05,1.0,0.0
1041,SC-ITA05-549_B,Arm06,0.0,0.0
1042,SC-ITA05-549_B,Arm07,0.0,0.0
1043,SC-ITA05-549_B,Arm08,0.0,0.0
1044,SC-ITA05-549_B,Arm09,1.0,0.0
1045,SC-ITA05-549_B,Arm10,0.0,0.0
1046,SC-ITA05-549_B,Arm11,0.0,0.0
1047,SC-ITA05-549_B,Armo01,0.0,0.0
1048,SC-ITA05-549_B,Armo02,1.0,0.0
1049,SC-ITA05-549_B,Armo03,0.0,0.0
1050,SC-ITA05-549_B,Am-AG-1,1.0,0.0
1051,SC-ITA05-549_B,Am-AG-10,1.0,0.0
1052,SC-ITA05-549_B,Am-AG-4B,0.0,0.0
1053,SC-ITA05-549_B,Am-AG-11,1.0,0.0
1054,SC-ITA05-549_B,Am-CT-5,0.0,0.0
1055,SC-ITA05-549_B,Am-ATC-2,0.0,0.0
1056,SC-ITA05-549_B,Am-ATC-3,1.0,0.0
1057,SC-ITA05-549_B,Am-CT-2,1.0,0.0
1058,SC-ITA05-549_B,Am-AG-2B,0.0,0.0
1059,SC-ITA08-800_A,Arm01,0.0,0.0
1060,SC-ITA08-800_A,Arm02,0.0,0.0
1061,SC-ITA08-800_A,Arm03,1.0,0.0
1062,SC-ITA08-800_A,Arm04,0.0,0.0
1063,SC-ITA08-800_A,Arm05,0.0,0.0
1064,SC-ITA08-800_A,Arm06,0.0,0.0
1065,SC-ITA08-800_A,Arm07,0.0,0.0
1066,SC-ITA08-800_A,Arm08,0.0,0.0
1067,SC-ITA08-800_A,Arm09,0.0,0.0
1068,SC-ITA08-800_A,Arm10,0.0,0.0
1069,SC-ITA08-800_A,Arm11,0.0,0.0
1070,SC-ITA08-800_A,Armo01,1.0,0.0
1071,SC-ITA08-800_A,Armo02,0.0,0.0
1072,SC-ITA08-800_A,Armo03,1.0,0.0
1073,SC-ITA08-800_A,Am-AG-1,0.0,0.0
1074,SC-ITA08-800_A,Am-AG-10,0.0,0.0
1075,SC-ITA08-800_A,Am-AG-4B,0.0,0.0
1076,SC-ITA08-800_A,Am-AG-11,0.0,0.0
1077,SC-ITA08-800_A,Am-CT-5,0.0,0.0
1078,SC-ITA08-800_A,Am-ATC-2,1.0,0.0
1079,SC-ITA08-800_A,Am-ATC-3,0.0,0.0
1080,SC-ITA08-800_A,Am-CT-2,0.0,0.0
1081,SC-ITA08-800_A,Am-AG-2B,1.0,0.0
1082,SC-ITA08-800_B,Arm01,0.0,0.0
1083,SC-ITA08-800_B,Arm02,0.0,0.0
1084,SC-ITA08-800_B,Arm03,1.0,0.0
1085,SC-ITA08-800_B,Arm04,0.0,0.0
1086,SC-ITA08-800_B,Arm05,0.0,0.0
1087,SC-ITA08-800_B,Arm06,0.0,0.0
1088,SC-ITA08-800_B,Arm07,0.0,0.0
1089,SC-ITA08-800_B,Arm08,0.0,0.0
1090,SC-ITA08-800_B,Arm09,0.0,0.0
1091,SC-ITA08-800_B,Arm10,1.0,0.0
1092,SC-ITA08-800_B,Arm11,0.0,0.0
1093,SC-ITA08-800_B,Armo01,1.0,0.0
1094,SC-ITA08-800_B,Armo02,0.0,0.0
1095,SC-ITA08-800_B,Armo03,1.0,0.0
1096,SC-ITA08-800_B,Am-AG-1,0.0,0.0
1097,SC-ITA08-800_B,Am-AG-10,0.0,0.0
1098,SC-ITA08-800_B,Am-AG-4B,0.0,0.0
1099,SC-ITA08-800_B,Am-AG-11,1.0,0.0
1100,SC-ITA08-800_B,Am-CT-5,0.0,0.0
1101,SC-ITA08-800_B,Am-ATC-2,1.0,0.0
1102,SC-ITA08-800_B,Am-ATC-3,0.0,0.0
1103,SC-ITA08-800_B,Am-CT-2,0.0,0.0
1104,SC-ITA08-800_B,Am-AG-2B,1.0,0.0
1105,SC-ITA08-802_A,Arm01,0.0,0.0
1106,SC-ITA08-802_A,Arm02,1.0,0.0
1107,SC-ITA08-802_A,Arm03,0.0,0.0
1108,SC-ITA08-802_A,Arm04,1.0,0.0
1109,SC-ITA08-802_A,Arm05,0.0,0.0
1110,SC-ITA08-802_A,Arm06,0.0,0.0
1111,SC-ITA08-802_A,Arm07,0.0,0.0
1112,SC-ITA08-802_A,Arm08,0.0,0.0
1113,SC-ITA08-802_A,Arm09,0.0,0.0
1114,SC-ITA08-802_A,Arm10,1.0,0.0
1115,SC-ITA08-802_A,Arm11,0.0,0.0
1116,SC-ITA08-802_A,Armo01,0.0,0.0
1117,SC-ITA08-802_A,Armo02,0.0,0.0
1118,SC-ITA08-802_A,Armo03,0.0,0.0
1119,SC-ITA08-802_A,Am-AG-1,0.0,0.0
1120,SC-ITA08-802_A,Am-AG-10,1.0,0.0
1121,SC-ITA08-802_A,Am-AG-4B,0.0,0.0
1122,SC-ITA08-802_A,Am-AG-11,1.0,0.0
1123,SC-ITA08-802_A,Am-CT-5,0.0,0.0
1124,SC-ITA08-802_A,Am-ATC-2,0.0,0.0
1125,SC-ITA08-802_A,Am-ATC-3,0.0,0.0
1126,SC-ITA08-802_A,Am-CT-2,0.0,0.0
1127,SC-ITA08-802_A,Am-AG-2B,0.0,0.0
1128,SC-ITA08-802_B,Arm01,0.0,0.0
1129,SC-ITA08-802_B,Arm02,1.0,0.0
1130,SC-ITA08-802_B,Arm03,0.0,0.0
1131,SC-ITA08-802_B,Arm04,0.0,0.0
1132,SC-ITA08-802_B,Arm05,0.0,0.0
1133,SC-ITA08-802_B,Arm06,0.0,0.0
1134,SC-ITA08-802_B,Arm07,0.0,0.0
1135,SC-ITA08-802_B,Arm08,0.0,0.0
1136,SC-ITA08-802_B,Arm09,0.0,0.0
1137,SC-ITA08-802_B,Arm10,1.0,0.0
1138,SC-ITA08-802_B,Arm11,0.0,0.0
1139,SC-ITA08-802_B,Armo01,0.0,0.0
1140,SC-ITA08-802_B,Armo02,0.0,0.0
1141,SC-ITA08-802_B,Armo03,0.0,0.0
1142,SC-ITA08-802_B,Am-AG-1,0.0,0.0
1143,SC-ITA08-802_B,Am-AG-10,1.0,0.0
1144,SC-ITA08-802_B,Am-AG-4B,0.0,0.0
1145,SC-ITA08-802_B,Am-AG-11,1.0,0.0
1146,SC-ITA08-802_B,Am-CT-5,0.0,0.0
1147,SC-ITA08-802_B,Am-ATC-2,0.0,0.0
1148,SC-ITA08-802_B,Am-ATC-3,0.0,0.0
1149,SC-ITA08-802_B,Am-CT-2,0.0,0.0
1150,SC-ITA08-802_B,Am-AG-2B,0.0,0.0
1151,SC-ITA08-813_A,Arm01,0.0,0.0
1152,SC-ITA08-813_A,Arm02,1.0,0.0
1153,SC-ITA08-813_A,Arm03,0.0,0.0
1154,SC-ITA08-813_A,Arm04,0.0,0.0
1155,SC-ITA08-813_A,Arm05,0.0,0.0
1156,SC-ITA08-813_A,Arm06,0.0,0.0
1157,SC-ITA08-813_A,Arm07,0.0,0.0
1158,SC-ITA08-813_A,Arm08,0.0,0.0
1159,SC-ITA08-813_A,Arm09,0.0,0.0
1160,SC-ITA08-813_A,Arm10,0.0,0.0
1161,SC-ITA08-813_A,Arm11,0.0,0.0
1162,SC-ITA08-813_A,Armo01,0.0,0.0
1163,SC-ITA08-813_A,Armo02,0.0,0.0
1164,SC-ITA08-813_A,Armo03,0.0,0.0
1165,SC-ITA08-813_A,Am-AG-1,0.0,0.0
1166,SC-ITA08-813_A,Am-AG-10,0.0,0.0
1167,SC-ITA08-813_A,Am-AG-4B,0.0,0.0
1168,SC-ITA08-813_A,Am-AG-11,0.0,0.0
1169,SC-ITA08-813_A,Am-CT-5,1.0,0.0
1170,SC-ITA08-813_A,Am-ATC-2,0.0,0.0
1171,SC-ITA08-813_A,Am-ATC-3,1.0,0.0
1172,SC-ITA08-813_A,Am-CT-2,1.0,0.0
1173,SC-ITA08-813_A,Am-AG-2B,0.0,0.0
1174,SC-ITA08-813_B,Arm01,0.0,0.0
1175,SC-ITA08-813_B,Arm02,1.0,0.0
1176,SC-ITA08-813_B,Arm03,0.0,0.0
1177,SC-ITA08-813_B,Arm04,0.0,0.0
1178,SC-ITA08-813_B,Arm05,0.0,0.0
1179,SC-ITA08-813_B,Arm06,0.0,0.0
1180,SC-ITA08-813_B,Arm07,0.0,0.0
1181,SC-ITA08-813_B,Arm08,0.0,0.0
1182,SC-ITA08-813_B,Arm09,0.0,0.0
1183,SC-ITA08-813_B,Arm10,0.0,0.0
1184,SC-ITA08-813_B,Arm11,0.0,0.0
1185,SC-ITA08-813_B,Armo01,0.0,0.0
1186,SC-ITA08-813_B,Armo02,0.0,0.0
1187,SC-ITA08-813_B,Armo03,0.0,0.0
1188,SC-ITA08-813_B,Am-AG-1,0.0,0.0
1189,SC-ITA08-813_B,Am-AG-10,0.0,0.0
1190,SC-ITA08-813_B,Am-AG-4B,0.0,0.0
1191,SC-ITA08-813_B,Am-AG-11,1.0,0.0
1192,SC-ITA08-813_B,Am-CT-5,1.0,0.0
1193,SC-ITA08-813_B,Am-ATC-2,0.0,0.0
1194,SC-ITA08-813_B,Am-ATC-3,1.0,0.0
1195,SC-ITA08-813_B,Am-CT-2,0.0,0.0
1196,SC-ITA08-813_B,Am-AG-2B,0.0,0.0
1197,SC-ITA08-816_A,Arm01,0.0,0.0
1198,SC-ITA08-816_A,Arm02,0.0,0.0
1199,SC-ITA08-816_A,Arm03,0.0,0.0
1200,SC-ITA08-816_A,Arm04,1.0,0.0
1201,SC-ITA08-816_A,Arm05,0.0,0.0
1202,SC-ITA08-816_A,Arm06,0.0,0.0
1203,SC-ITA08-816_A,Arm07,0.0,0.0
1204,SC-ITA08-816_A,Arm08,1.0,0.0
1205,SC-ITA08-816_A,Arm09,1.0,0.0
1206,SC-ITA08-816_A,Arm10,0.0,0.0
1207,SC-ITA08-816_A,Arm11,1.0,0.0
1208,SC-ITA08-816_A,Armo01,0.0,0.0
1209,SC-ITA08-816_A,Armo02,0.0,0.0
1210,SC-ITA08-816_A,Armo03,1.0,0.0
1211,SC-ITA08-816_A,Am-AG-1,1.0,0.0
1212,SC-ITA08-816_A,Am-AG-10,1.0,0.0
1213,SC-ITA08-816_A,Am-AG-4B,1.0,0.0
1214,SC-ITA08-816_A,Am-AG-11,1.0,0.0
1215,SC-ITA08-816_A,Am-CT-5,1.0,0.0
1216,SC-ITA08-816_A,Am-ATC-2,0.0,0.0
1217,SC-ITA08-816_A,Am-ATC-3,0.0,0.0
1218,SC-ITA08-816_A,Am-CT-2,1.0,0.0
1219,SC-ITA08-816_A,Am-AG-2B,1.0,0.0
1220,SC-ITA08-816_B,Arm01,0.0,0.0
1221,SC-ITA08-816_B,Arm02,0.0,0.0
1222,SC-ITA08-816_B,Arm03,0.0,0.0
1223,SC-ITA08-816_B,Arm04,1.0,0.0
1224,SC-ITA08-816_B,Arm05,0.0,0.0
1225,SC-ITA08-816_B,Arm06,0.0,0.0
1226,SC-ITA08-816_B,Arm07,0.0,0.0
1227,SC-ITA08-816_B,Arm08,1.0,0.0
1228,SC-ITA08-816_B,Arm09,0.0,0.0
1229,SC-ITA08-816_B,Arm10,0.0,0.0
1230,SC-ITA08-816_B,Arm11,1.0,0.0
1231,SC-ITA08-816_B,Armo01,0.0,0.0
1232,SC-ITA08-816_B,Armo02,0.0,0.0
1233,SC-ITA08-816_B,Armo03,1.0,0.0
1234,SC-ITA08-816_B,Am-AG-1,1.0,0.0
1235,SC-ITA08-816_B,Am-AG-10,1.0,0.0
1236,SC-ITA08-816_B,Am-AG-4B,1.0,0.0
1237,SC-ITA08-816_B,Am-AG-11,1.0,0.0
1238,SC-ITA08-816_B,Am-CT-5,1.0,0.0
1239,SC-ITA08-816_B,Am-ATC-2,0.0,0.0
1240,SC-ITA08-816_B,Am-ATC-3,0.0,0.0
1241,SC-ITA08-816_B,Am-CT-2,1.0,0.0
1242,SC-ITA08-816_B,Am-AG-2B,0.0,0.0
1243,SC-LIT02-1306_A,Arm01,0.0,0.0
1244,SC-LIT02-1306_A,Arm02,0.0,0.0
1245,SC-LIT02-1306_A,Arm03,0.0,0.0
1246,SC-LIT02-1306_A,Arm04,0.0,0.0
1247,SC-LIT02-1306_A,Arm05,1.0,0.0
1248,SC-LIT02-1306_A,Arm06,0.0,0.0
1249,SC-LIT02-1306_A,Arm07,0.0,0.0
1250,SC-LIT02-1306_A,Arm08,1.0,0.0
1251,SC-LIT02-1306_A,Arm09,0.0,0.0
1252,SC-LIT02-1306_A,Arm10,1.0,0.0
1253,SC-LIT02-1306_A,Arm11,0.0,0.0
1254,SC-LIT02-1306_A,Armo01,1.0,0.0
1255,SC-LIT02-1306_A,Armo02,0.0,0.0
1256,SC-LIT02-1306_A,Armo03,1.0,0.0
1257,SC-LIT02-1306_A,Am-AG-1,1.0,0.0
1258,SC-LIT02-1306_A,Am-AG-10,0.0,0.0
1259,SC-LIT02-1306_A,Am-AG-4B,0.0,0.0
1260,SC-LIT02-1306_A,Am-AG-11,0.0,0.0
1261,SC-LIT02-1306_A,Am-CT-5,1.0,0.0
1262,SC-LIT02-1306_A,Am-ATC-2,1.0,0.0
1263,SC-LIT02-1306_A,Am-ATC-3,0.0,0.0
1264,SC-LIT02-1306_A,Am-CT-2,0.0,0.0
1265,SC-LIT02-1306_A,Am-AG-2B,0.0,0.0
1266,SC-LIT02-1306_B,Arm01,0.0,0.0
1267,SC-LIT02-1306_B,Arm02,0.0,0.0
1268,SC-LIT02-1306_B,Arm03,0.0,0.0
1269,SC-LIT02-1306_B,Arm04,0.0,0.0
1270,SC-LIT02-1306_B,Arm05,1.0,0.0
1271,SC-LIT02-1306_B,Arm06,0.0,0.0
1272,SC-LIT02-1306_B,Arm07,0.0,0.0
1273,SC-LIT02-1306_B,Arm08,1.0,0.0
1274,SC-LIT02-1306_B,Arm09,0.0,0.0
1275,SC-LIT02-1306_B,Arm10,1.0,0.0
1276,SC-LIT02-1306_B,Arm11,0.0,0.0
1277,SC-LIT02-1306_B,Armo01,1.0,0.0
1278,SC-LIT02-1306_B,Armo02,0.0,0.0
1279,SC-LIT02-1306_B,Armo03,1.0,0.0
1280,SC-LIT02-1306_B,Am-AG-1,1.0,0.0
1281,SC-LIT02-1306_B,Am-AG-10,1.0,0.0
1282,SC-LIT02-1306_B,Am-AG-4B,0.0,0.0
1283,SC-LIT02-1306_B,Am-AG-11,0.0,0.0
1284,SC-LIT02-1306_B,Am-CT-5,1.0,0.0
1285,SC-LIT02-1306_B,Am-ATC-2,1.0,0.0
1286,SC-LIT02-1306_B,Am-ATC-3,0.0,0.0
1287,SC-LIT02-1306_B,Am-CT-2,1.0,0.0
1288,SC-LIT02-1306_B,Am-AG-2B,0.0,0.0
1289,SC-NET01-1077_A,Arm01,0.0,0.0
1290,SC-NET01-1077_A,Arm02,0.0,0.0
1291,SC-NET01-1077_A,Arm03,0.0,0.0
1292,SC-NET01-1077_A,Arm04,0.0,0.0
1293,SC-NET01-1077_A,Arm05,0.0,0.0
1294,SC-NET01-1077_A,Arm06,0.0,0.0
1295,SC-NET01-1077_A,Arm07,0.0,0.0
1296,SC-NET01-1077_A,Arm08,0.0,0.0
1297,SC-NET01-1077_A,Arm09,0.0,0.0
1298,SC-NET01-1077_A,Arm10,1.0,0.0
1299,SC-NET01-1077_A,Arm11,1.0,0.0
1300,SC-NET01-1077_A,Armo01,0.0,0.0
1301,SC-NET01-1077_A,Armo02,0.0,0.0
1302,SC-NET01-1077_A,Armo03,0.0,0.0
1303,SC-NET01-1077_A,Am-AG-1,1.0,0.0
1304,SC-NET01-1077_A,Am-AG-10,1.0,0.0
1305,SC-NET01-1077_A,Am-AG-4B,0.0,0.0
1306,SC-NET01-1077_A,Am-AG-11,0.0,0.0
1307,SC-NET01-1077_A,Am-CT-5,1.0,0.0
1308,SC-NET01-1077_A,Am-ATC-2,0.0,0.0
1309,SC-NET01-1077_A,Am-ATC-3,0.0,0.0
1310,SC-NET01-1077_A,Am-CT-2,0.0,0.0
1311,SC-NET01-1077_A,Am-AG-2B,0.0,0.0
1312,SC-NET01-1077_B,Arm01,0.0,0.0
1313,SC-NET01-1077_B,Arm02,0.0,0.0
1314,SC-NET01-1077_B,Arm03,0.0,0.0
1315,SC-NET01-1077_B,Arm04,0.0,0.0
1316,SC-NET01-1077_B,Arm05,0.0,0.0
1317,SC-NET01-1077_B,Arm06,0.0,0.0
1318,SC-NET01-1077_B,Arm07,0.0,0.0
1319,SC-NET01-1077_B,Arm08,0.0,0.0
1320,SC-NET01-1077_B,Arm09,0.0,0.0
1321,SC-NET01-1077_B,Arm10,1.0,0.0
1322,SC-NET01-1077_B,Arm11,0.0,0.0
1323,SC-NET01-1077_B,Armo01,0.0,0.0
1324,SC-NET01-1077_B,Armo02,0.0,0.0
1325,SC-NET01-1077_B,Armo03,0.0,0.0
1326,SC-NET01-1077_B,Am-AG-1,1.0,0.0
1327,SC-NET01-1077_B,Am-AG-10,1.0,0.0
1328,SC-NET01-1077_B,Am-AG-4B,0.0,0.0
1329,SC-NET01-1077_B,Am-AG-11,0.0,0.0
1330,SC-NET01-1077_B,Am-CT-5,1.0,0.0
1331,SC-NET01-1077_B,Am-ATC-2,0.0,0.0
1332,SC-NET01-1077_B,Am-ATC-3,0.0,0.0
1333,SC-NET01-1077_B,Am-CT-2,1.0,0.0
1334,SC-NET01-1077_B,Am-AG-2B,0.0,0.0
1335,SC-NET01-1081_A,Arm01,1.0,0.0
1336,SC-NET01-1081_A,Arm02,0.0,0.0
1337,SC-NET01-1081_A,Arm03,1.0,0.0
1338,SC-NET01-1081_A,Arm04,0.0,0.0
1339,SC-NET01-1081_A,Arm05,1.0,0.0
1340,SC-NET01-1081_A,Arm06,1.0,0.0
1341,SC-NET01-1081_A,Arm07,0.0,0.0
1342,SC-NET01-1081_A,Arm08,0.0,0.0
1343,SC-NET01-1081_A,Arm09,1.0,0.0
1344,SC-NET01-1081_A,Arm10,0.0,0.0
1345,SC-NET01-1081_A,Arm11,0.0,0.0
1346,SC-NET01-1081_A,Armo01,0.0,0.0
1347,SC-NET01-1081_A,Armo02,0.0,0.0
1348,SC-NET01-1081_A,Armo03,0.0,0.0
1349,SC-NET01-1081_A,Am-AG-1,0.0,0.0
1350,SC-NET01-1081_A,Am-AG-10,1.0,0.0
1351,SC-NET01-1081_A,Am-AG-4B,0.0,0.0
1352,SC-NET01-1081_A,Am-AG-11,0.0,0.0
1353,SC-NET01-1081_A,Am-CT-5,0.0,0.0
1354,SC-NET01-1081_A,Am-ATC-2,0.0,0.0
1355,SC-NET01-1081_A,Am-ATC-3,0.0,0.0
1356,SC-NET01-1081_A,Am-CT-2,0.0,0.0
1357,SC-NET01-1081_A,Am-AG-2B,1.0,0.0
1358,SC-NET01-1081_B,Arm01,1.0,0.0
1359,SC-NET01-1081_B,Arm02,0.0,0.0
1360,SC-NET01-1081_B,Arm03,1.0,0.0
1361,SC-NET01-1081_B,Arm04,0.0,0.0
1362,SC-NET01-1081_B,Arm05,1.0,0.0
1363,SC-NET01-1081_B,Arm06,1.0,0.0
1364,SC-NET01-1081_B,Arm07,0.0,0.0
1365,SC-NET01-1081_B,Arm08,1.0,0.0
1366,SC-NET01-1081_B,Arm09,1.0,0.0
1367,SC-NET01-1081_B,Arm10,0.0,0.0
1368,SC-NET01-1081_B,Arm11,0.0,0.0
1369,SC-NET01-1081_B,Armo01,0.0,0.0
1370,SC-NET01-1081_B,Armo02,0.0,0.0
1371,SC-NET01-1081_B,Armo03,0.0,0.0
1372,SC-NET01-1081_B,Am-AG-1,0.0,0.0
1373,SC-NET01-1081_B,Am-AG-10,1.0,0.0
1374,SC-NET01-1081_B,Am-AG-4B,0.0,0.0
1375,SC-NET01-1081_B,Am-AG-11,0.0,0.0
1376,SC-NET01-1081_B,Am-CT-5,0.0,0.0
1377,SC-NET01-1081_B,Am-ATC-2,0.0,0.0
1378,SC-NET01-1081_B,Am-ATC-3,0.0,0.0
1379,SC-NET01-1081_B,Am-CT-2,0.0,0.0
1380,SC-NET01-1081_B,Am-AG-2B,1.0,0.0
1381,SC-NET01-1082_A,Arm01,1.0,0.0
1382,SC-NET01-1082_A,Arm02,0.0,0.0
1383,SC-NET01-1082_A,Arm03,0.0,0.0
1384,SC-NET01-1082_A,Arm04,0.0,0.0
1385,SC-NET01-1082_A,Arm05,1.0,0.0
1386,SC-NET01-1082_A,Arm06,0.0,0.0
1387,SC-NET01-1082_A,Arm07,0.0,0.0
1388,SC-NET01-1082_A,Arm08,0.0,0.0
1389,SC-NET01-1082_A,Arm09,0.0,0.0
1390,SC-NET01-1082_A,Arm10,1.0,0.0
1391,SC-NET01-1082_A,Arm11,1.0,0.0
1392,SC-NET01-1082_A,Armo01,0.0,0.0
1393,SC-NET01-1082_A,Armo02,0.0,0.0
1394,SC-NET01-1082_A,Armo03,0.0,0.0
1395,SC-NET01-1082_A,Am-AG-1,1.0,0.0
1396,SC-NET01-1082_A,Am-AG-10,0.0,0.0
1397,SC-NET01-1082_A,Am-AG-4B,0.0,0.0
1398,SC-NET01-1082_A,Am-AG-11,0.0,0.0
1399,SC-NET01-1082_A,Am-CT-5,0.0,0.0
1400,SC-NET01-1082_A,Am-ATC-2,0.0,0.0
1401,SC-NET01-1082_A,Am-ATC-3,0.0,0.0
1402,SC-NET01-1082_A,Am-CT-2,0.0,0.0
1403,SC-NET01-1082_A,Am-AG-2B,0.0,0.0
1404,SC-NET01-1082_B,Arm01,1.0,0.0
1405,SC-NET01-1082_B,Arm02,0.0,0.0
1406,SC-NET01-1082_B,Arm03,0.0,0.0
1407,SC-NET01-1082_B,Arm04,0.0,0.0
1408,SC-NET01-1082_B,Arm05,1.0,0.0
1409,SC-NET01-1082_B,Arm06,0.0,0.0
1410,SC-NET01-1082_B,Arm07,0.0,0.0
1411,SC-NET01-1082_B,Arm08,0.0,0.0
1412,SC-NET01-1082_B,Arm09,0.0,0.0
1413,SC-NET01-1082_B,Arm10,1.0,0.0
1414,SC-NET01-1082_B,Arm11,1.0,0.0
1415,SC-NET01-1082_B,Armo01,0.0,0.0
1416,SC-NET01-1082_B,Armo02,0.0,0.0
1417,SC-NET01-1082_B,Armo03,0.0,0.0
1418,SC-NET01-1082_B,Am-AG-1,1.0,0.0
1419,SC-NET01-1082_B,Am-AG-10,1.0,0.0
1420,SC-NET01-1082_B,Am-AG-4B,0.0,0.0
1421,SC-NET01-1082_B,Am-AG-11,0.0,0.0
1422,SC-NET01-1082_B,Am-CT-5,0.0,0.0
1423,SC-NET01-1082_B,Am-ATC-2,0.0,0.0
1424,SC-NET01-1082_B,Am-ATC-3,0.0,0.0
1425,SC-NET01-1082_B,Am-CT-2,0.0,0.0
1426,SC-NET01-1082_B,Am-AG-2B,0.0,0.0
1427,SC-NET01-1088_A,Arm01,1.0,0.0
1428,SC-NET01-1088_A,Arm02,1.0,0.0
1429,SC-NET01-1088_A,Arm03,0.0,0.0
1430,SC-NET01-1088_A,Arm04,1.0,0.0
1431,SC-NET01-1088_A,Arm05,0.0,0.0
1432,SC-NET01-1088_A,Arm06,0.0,0.0
1433,SC-NET01-1088_A,Arm07,0.0,0.0
1434,SC-NET01-1088_A,Arm08,0.0,0.0
1435,SC-NET01-1088_A,Arm09,0.0,0.0
1436,SC-NET01-1088_A,Arm10,0.0,0.0
1437,SC-NET01-1088_A,Arm11,0.0,0.0
1438,SC-NET01-1088_A,Armo01,0.0,0.0
1439,SC-NET01-1088_A,Armo02,0.0,0.0
1440,SC-NET01-1088_A,Armo03,0.0,0.0
1441,SC-NET01-1088_A,Am-AG-1,1.0,0.0
1442,SC-NET01-1088_A,Am-AG-10,0.0,0.0
1443,SC-NET01-1088_A,Am-AG-4B,1.0,0.0
1444,SC-NET01-1088_A,Am-AG-11,1.0,0.0
1445,SC-NET01-1088_A,Am-CT-5,1.0,0.0
1446,SC-NET01-1088_A,Am-ATC-2,0.0,0.0
1447,SC-NET01-1088_A,Am-ATC-3,0.0,0.0
1448,SC-NET01-1088_A,Am-CT-2,0.0,0.0
1449,SC-NET01-1088_A,Am-AG-2B,1.0,0.0
1450,SC-NET01-1088_B,Arm01,1.0,0.0
1451,SC-NET01-1088_B,Arm02,1.0,0.0
1452,SC-NET01-1088_B,Arm03,0.0,0.0
1453,SC-NET01-1088_B,Arm04,1.0,0.0
1454,SC-NET01-1088_B,Arm05,0.0,0.0
1455,SC-NET01-1088_B,Arm06,0.0,0.0
1456,SC-NET01-1088_B,Arm07,0.0,0.0
1457,SC-NET01-1088_B,Arm08,0.0,0.0
1458,SC-NET01-1088_B,Arm09,0.0,0.0
1459,SC-NET01-1088_B,Arm10,0.0,0.0
1460,SC-NET01-1088_B,Arm11,0.0,0.0
1461,SC-NET01-1088_B,Armo01,0.0,0.0
1462,SC-NET01-1088_B,Armo02,0.0,0.0
1463,SC-NET01-1088_B,Armo03,0.0,0.0
1464,SC-NET01-1088_B,Am-AG-1,1.0,0.0
1465,SC-NET01-1088_B,Am-AG-10,0.0,0.0
1466,SC-NET01-1088_B,Am-AG-4B,1.0,0.0
1467,SC-NET01-1088_B,Am-AG-11,0.0,0.0
1468,SC-NET01-1088_B,Am-CT-5,1.0,0.0
1469,SC-NET01-1088_B,Am-ATC-2,0.0,0.0
1470,SC-NET01-1088_B,Am-ATC-3,0.0,0.0
1471,SC-NET01-1088_B,Am-CT-2,0.0,0.0
1472,SC-NET01-1088_B,Am-AG-2B,1.0,0.0
1473,SC-NOR01-1605_A,Arm01,0.0,0.0
1474,SC-NOR01-1605_A,Arm02,1.0,0.0
1475,SC-NOR01-1605_A,Arm03,0.0,0.0
1476,SC-NOR01-1605_A,Arm04,0.0,0.0
1477,SC-NOR01-1605_A,Arm05,1.0,0.0
1478,SC-NOR01-1605_A,Arm06,1.0,0.0
1479,SC-NOR01-1605_A,Arm07,0.0,0.0
1480,SC-NOR01-1605_A,Arm08,0.0,0.0
1481,SC-NOR01-1605_A,Arm09,1.0,0.0
1482,SC-NOR01-1605_A,Arm10,1.0,0.0
1483,SC-NOR01-1605_A,Arm11,0.0,0.0
1484,SC-NOR01-1605_A,Armo01,0.0,0.0
1485,SC-NOR01-1605_A,Armo02,0.0,0.0
1486,SC-NOR01-1605_A,Armo03,1.0,0.0
1487,SC-NOR01-1605_A,Am-AG-1,1.0,0.0
1488,SC-NOR01-1605_A,Am-AG-10,0.0,0.0
1489,SC-NOR01-1605_A,Am-AG-4B,0.0,0.0
1490,SC-NOR01-1605_A,Am-AG-11,1.0,0.0
1491,SC-NOR01-1605_A,Am-CT-5,0.0,0.0
1492,SC-NOR01-1605_A,Am-ATC-2,1.0,0.0
1493,SC-NOR01-1605_A,Am-ATC-3,0.0,0.0
1494,SC-NOR01-1605_A,Am-CT-2,1.0,0.0
1495,SC-NOR01-1605_A,Am-AG-2B,1.0,0.0
1496,SC-NOR01-1605_B,Arm01,0.0,0.0
1497,SC-NOR01-1605_B,Arm02,1.0,0.0
1498,SC-NOR01-1605_B,Arm03,0.0,0.0
1499,SC-NOR01-1605_B,Arm04,0.0,0.0
1500,SC-NOR01-1605_B,Arm05,1.0,0.0
1501,SC-NOR01-1605_B,Arm06,1.0,0.0
1502,SC-NOR01-1605_B,Arm07,0.0,0.0
1503,SC-NOR01-1605_B,Arm08,0.0,0.0
1504,SC-NOR01-1605_B,Arm09,1.0,0.0
1505,SC-NOR01-1605_B,Arm10,1.0,0.0
1506,SC-NOR01-1605_B,Arm11,0.0,0.0
1507,SC-NOR01-1605_B,Armo01,0.0,0.0
1508,SC-NOR01-1605_B,Armo02,0.0,0.0
1509,SC-NOR01-1605_B,Armo03,1.0,0.0
1510,SC-NOR01-1605_B,Am-AG-1,1.0,0.0
1511,SC-NOR01-1605_B,Am-AG-10,0.0,0.0
1512,SC-NOR01-1605_B,Am-AG-4B,0.0,0.0
1513,SC-NOR01-1605_B,Am-AG-11,1.0,0.0
1514,SC-NOR01-1605_B,Am-CT-5,0.0,0.0
1515,SC-NOR01-1605_B,Am-ATC-2,1.0,0.0
1516,SC-NOR01-1605_B,Am-ATC-3,0.0,0.0
1517,SC-NOR01-1605_B,Am-CT-2,1.0,0.0
1518,SC-NOR01-1605_B,Am-AG-2B,0.0,0.0
1519,SC-NOR03-400_A,Arm01,0.0,0.0
1520,SC-NOR03-400_A,Arm02,0.0,0.0
1521,SC-NOR03-400_A,Arm03,1.0,0.0
1522,SC-NOR03-400_A,Arm04,0.0,0.0
1523,SC-NOR03-400_A,Arm05,0.0,0.0
1524,SC-NOR03-400_A,Arm06,1.0,0.0
1525,SC-NOR03-400_A,Arm07,0.0,0.0
1526,SC-NOR03-400_A,Arm08,1.0,0.0
1527,SC-NOR03-400_A,Arm09,1.0,0.0
1528,SC-NOR03-400_A,Arm10,0.0,0.0
1529,SC-NOR03-400_A,Arm11,0.0,0.0
1530,SC-NOR03-400_A,Armo01,0.0,0.0
1531,SC-NOR03-400_A,Armo02,0.0,0.0
1532,SC-NOR03-400_A,Armo03,0.0,0.0
1533,SC-NOR03-400_A,Am-AG-1,0.0,0.0
1534,SC-NOR03-400_A,Am-AG-10,1.0,0.0
1535,SC-NOR03-400_A,Am-AG-4B,0.0,0.0
1536,SC-NOR03-400_A,Am-AG-11,0.0,0.0
1537,SC-NOR03-400_A,Am-CT-5,1.0,0.0
1538,SC-NOR03-400_A,Am-ATC-2,0.0,0.0
1539,SC-NOR03-400_A,Am-ATC-3,0.0,0.0
1540,SC-NOR03-400_A,Am-CT-2,0.0,0.0
1541,SC-NOR03-400_A,Am-AG-2B,1.0,0.0
1542,SC-NOR03-400_B,Arm01,1.0,0.0
1543,SC-NOR03-400_B,Arm02,0.0,0.0
1544,SC-NOR03-400_B,Arm03,1.0,0.0
1545,SC-NOR03-400_B,Arm04,0.0,0.0
1546,SC-NOR03-400_B,Arm05,0.0,0.0
1547,SC-NOR03-400_B,Arm06,1.0,0.0
1548,SC-NOR03-400_B,Arm07,0.0,0.0
1549,SC-NOR03-400_B,Arm08,0.0,0.0
1550,SC-NOR03-400_B,Arm09,1.0,0.0
1551,SC-NOR03-400_B,Arm10,0.0,0.0
1552,SC-NOR03-400_B,Arm11,0.0,0.0
1553,SC-NOR03-400_B,Armo01,0.0,0.0
1554,SC-NOR03-400_B,Armo02,0.0,0.0
1555,SC-NOR03-400_B,Armo03,0.0,0.0
1556,SC-NOR03-400_B,Am-AG-1,0.0,0.0
1557,SC-NOR03-400_B,Am-AG-10,1.0,0.0
1558,SC-NOR03-400_B,Am-AG-4B,0.0,0.0
1559,SC-NOR03-400_B,Am-AG-11,0.0,0.0
1560,SC-NOR03-400_B,Am-CT-5,1.0,0.0
1561,SC-NOR03-400_B,Am-ATC-2,0.0,0.0
1562,SC-NOR03-400_B,Am-ATC-3,0.0,0.0
1563,SC-NOR03-400_B,Am-CT-2,0.0,0.0
1564,SC-NOR03-400_B,Am-AG-2B,1.0,0.0
1565,SC-NOR03-401_A,Arm01,0.0,0.0
1566,SC-NOR03-401_A,Arm02,1.0,0.0
1567,SC-NOR03-401_A,Arm03,1.0,0.0
1568,SC-NOR03-401_A,Arm04,1.0,0.0
1569,SC-NOR03-401_A,Arm05,0.0,0.0
1570,SC-NOR03-401_A,Arm06,1.0,0.0
1571,SC-NOR03-401_A,Arm07,0.0,0.0
1572,SC-NOR03-401_A,Arm08,1.0,0.0
1573,SC-NOR03-401_A,Arm09,1.0,0.0
1574,SC-NOR03-401_A,Arm10,1.0,0.0
1575,SC-NOR03-401_A,Arm11,0.0,0.0
1576,SC-NOR03-401_A,Armo01,0.0,0.0
1577,SC-NOR03-401_A,Armo02,0.0,0.0
1578,SC-NOR03-401_A,Armo03,0.0,0.0
1579,SC-NOR03-401_A,Am-AG-1,1.0,0.0
1580,SC-NOR03-401_A,Am-AG-10,0.0,0.0
1581,SC-NOR03-401_A,Am-AG-4B,0.0,0.0
1582,SC-NOR03-401_A,Am-AG-11,1.0,0.0
1583,SC-NOR03-401_A,Am-CT-5,0.0,0.0
1584,SC-NOR03-401_A,Am-ATC-2,0.0,0.0
1585,SC-NOR03-401_A,Am-ATC-3,0.0,0.0
1586,SC-NOR03-401_A,Am-CT-2,0.0,0.0
1587,SC-NOR03-401_A,Am-AG-2B,0.0,0.0
1588,SC-NOR03-401_B,Arm01,1.0,0.0
1589,SC-NOR03-401_B,Arm02,1.0,0.0
1590,SC-NOR03-401_B,Arm03,1.0,0.0
1591,SC-NOR03-401_B,Arm04,1.0,0.0
1592,SC-NOR03-401_B,Arm05,0.0,0.0
1593,SC-NOR03-401_B,Arm06,1.0,0.0
1594,SC-NOR03-401_B,Arm07,0.0,0.0
1595,SC-NOR03-401_B,Arm08,1.0,0.0
1596,SC-NOR03-401_B,Arm09,1.0,0.0
1597,SC-NOR03-401_B,Arm10,1.0,0.0
1598,SC-NOR03-401_B,Arm11,0.0,0.0
1599,SC-NOR03-401_B,Armo01,0.0,0.0
1600,SC-NOR03-401_B,Armo02,0.0,0.0
1601,SC-NOR03-401_B,Armo03,0.0,0.0
1602,SC-NOR03-401_B,Am-AG-1,1.0,0.0
1603,SC-NOR03-401_B,Am-AG-10,0.0,0.0
1604,SC-NOR03-401_B,Am-AG-4B,0.0,0.0
1605,SC-NOR03-401_B,Am-AG-11,1.0,0.0
1606,SC-NOR03-401_B,Am-CT-5,0.0,0.0
1607,SC-NOR03-401_B,Am-ATC-2,0.0,0.0
1608,SC-NOR03-401_B,Am-ATC-3,0.0,0.0
1609,SC-NOR03-401_B,Am-CT-2,0.0,0.0
1610,SC-NOR03-401_B,Am-AG-2B,0.0,0.0
1611,SC-ROM01-1796_A,Arm01,0.0,0.0
1612,SC-ROM01-1796_A,Arm02,1.0,0.0
1613,SC-ROM01-1796_A,Arm03,0.0,0.0
1614,SC-ROM01-1796_A,Arm04,1.0,0.0
1615,SC-ROM01-1796_A,Arm05,0.0,0.0
1616,SC-ROM01-1796_A,Arm06,0.0,0.0
1617,SC-ROM01-1796_A,Arm07,0.0,0.0
1618,SC-ROM01-1796_A,Arm08,0.0,0.0
1619,SC-ROM01-1796_A,Arm09,1.0,0.0
1620,SC-ROM01-1796_A,Arm10,0.0,0.0
1621,SC-ROM01-1796_A,Arm11,0.0,0.0
1622,SC-ROM01-1796_A,Armo01,0.0,0.0
1623,SC-ROM01-1796_A,Armo02,0.0,0.0
1624,SC-ROM01-1796_A,Armo03,1.0,0.0
1625,SC-ROM01-1796_A,Am-AG-1,1.0,0.0
1626,SC-ROM01-1796_A,Am-AG-10,0.0,0.0
1627,SC-ROM01-1796_A,Am-AG-4B,0.0,0.0
1628,SC-ROM01-1796_A,Am-AG-11,0.0,0.0
1629,SC-ROM01-1796_A,Am-CT-5,0.0,0.0
1630,SC-ROM01-1796_A,Am-ATC-2,1.0,0.0
1631,SC-ROM01-1796_A,Am-ATC-3,0.0,0.0
1632,SC-ROM01-1796_A,Am-CT-2,0.0,0.0
1633,SC-ROM01-1796_A,Am-AG-2B,0.0,0.0
1634,SC-ROM01-1796_B,Arm01,0.0,0.0
1635,SC-ROM01-1796_B,Arm02,1.0,0.0
1636,SC-ROM01-1796_B,Arm03,0.0,0.0
1637,SC-ROM01-1796_B,Arm04,1.0,0.0
1638,SC-ROM01-1796_B,Arm05,0.0,0.0
1639,SC-ROM01-1796_B,Arm06,0.0,0.0
1640,SC-ROM01-1796_B,Arm07,0.0,0.0
1641,SC-ROM01-1796_B,Arm08,0.0,0.0
1642,SC-ROM01-1796_B,Arm09,1.0,0.0
1643,SC-ROM01-1796_B,Arm10,1.0,0.0
1644,SC-ROM01-1796_B,Arm11,0.0,0.0
1645,SC-ROM01-1796_B,Armo01,0.0,0.0
1646,SC-ROM01-1796_B,Armo02,0.0,0.0
1647,SC-ROM01-1796_B,Armo03,1.0,0.0
1648,SC-ROM01-1796_B,Am-AG-1,1.0,0.0
1649,SC-ROM01-1796_B,Am-AG-10,0.0,0.0
1650,SC-ROM01-1796_B,Am-AG-4B,0.0,0.0
1651,SC-ROM01-1796_B,Am-AG-11,0.0,0.0
1652,SC-ROM01-1796_B,Am-CT-5,0.0,0.0
1653,SC-ROM01-1796_B,Am-ATC-2,1.0,0.0
1654,SC-ROM01-1796_B,Am-ATC-3,0.0,0.0
1655,SC-ROM01-1796_B,Am-CT-2,1.0,0.0
1656,SC-ROM01-1796_B,Am-AG-2B,0.0,0.0
1657,SC-ROM01-1798_A,Arm01,1.0,0.0
1658,SC-ROM01-1798_A,Arm02,1.0,0.0
1659,SC-ROM01-1798_A,Arm03,1.0,0.0
1660,SC-ROM01-1798_A,Arm04,1.0,0.0
1661,SC-ROM01-1798_A,Arm05,1.0,0.0
1662,SC-ROM01-1798_A,Arm06,1.0,0.0
1663,SC-ROM01-1798_A,Arm07,0.0,0.0
1664,SC-ROM01-1798_A,Arm08,0.0,0.0
1665,SC-ROM01-1798_A,Arm09,1.0,0.0
1666,SC-ROM01-1798_A,Arm10,0.0,0.0
1667,SC-ROM01-1798_A,Arm11,0.0,0.0
1668,SC-ROM01-1798_A,Armo01,0.0,0.0
1669,SC-ROM01-1798_A,Armo02,0.0,0.0
1670,SC-ROM01-1798_A,Armo03,1.0,0.0
1671,SC-ROM01-1798_A,Am-AG-1,1.0,0.0
1672,SC-ROM01-1798_A,Am-AG-10,1.0,0.0
1673,SC-ROM01-1798_A,Am-AG-4B,0.0,0.0
1674,SC-ROM01-1798_A,Am-AG-11,0.0,0.0
1675,SC-ROM01-1798_A,Am-CT-5,0.0,0.0
1676,SC-ROM01-1798_A,Am-ATC-2,0.0,0.0
1677,SC-ROM01-1798_A,Am-ATC-3,0.0,0.0
1678,SC-ROM01-1798_A,Am-CT-2,1.0,0.0
1679,SC-ROM01-1798_A,Am-AG-2B,0.0,0.0
1680,SC-ROM01-1798_B,Arm01,1.0,0.0
1681,SC-ROM01-1798_B,Arm02,1.0,0.0
1682,SC-ROM01-1798_B,Arm03,1.0,0.0
1683,SC-ROM01-1798_B,Arm04,1.0,0.0
1684,SC-ROM01-1798_B,Arm05,1.0,0.0
1685,SC-ROM01-1798_B,Arm06,1.0,0.0
1686,SC-ROM01-1798_B,Arm07,0.0,0.0
1687,SC-ROM01-1798_B,Arm08,0.0,0.0
1688,SC-ROM01-1798_B,Arm09,1.0,0.0
1689,SC-ROM01-1798_B,Arm10,1.0,0.0
1690,SC-ROM01-1798_B,Arm11,0.0,0.0
1691,SC-ROM01-1798_B,Armo01,0.0,0.0
1692,SC-ROM01-1798_B,Armo02,0.0,0.0
1693,SC-ROM01-1798_B,Armo03,1.0,0.0
1694,SC-ROM01-1798_B,Am-AG-1,1.0,0.0
1695,SC-ROM01-1798_B,Am-AG-10,1.0,0.0
1696,SC-ROM01-1798_B,Am-AG-4B,0.0,0.0
1697,SC-ROM01-1798_B,Am-AG-11,0.0,0.0
1698,SC-ROM01-1798_B,Am-CT-5,0.0,0.0
1699,SC-ROM01-1798_B,Am-ATC-2,0.0,0.0
1700,SC-ROM01-1798_B,Am-ATC-3,0.0,0.0
1701,SC-ROM01-1798_B,Am-CT-2,1.0,0.0
1702,SC-ROM01-1798_B,Am-AG-2B,1.0,0.0
1703,SC-SWE01-1422_A,Arm01,0.0,0.0
1704,SC-SWE01-1422_A,Arm02,1.0,0.0
1705,SC-SWE01-1422_A,Arm03,1.0,0.0
1706,SC-SWE01-1422_A,Arm04,0.0,0.0
1707,SC-SWE01-1422_A,Arm05,0.0,0.0
1708,SC-SWE01-1422_A,Arm06,0.0,0.0
1709,SC-SWE01-1422_A,Arm07,1.0,0.0
1710,SC-SWE01-1422_A,Arm08,0.0,0.0
1711,SC-SWE01-1422_A,Arm09,1.0,0.0
1712,SC-SWE01-1422_A,Arm10,0.0,0.0
1713,SC-SWE01-1422_A,Arm11,0.0,0.0
1714,SC-SWE01-1422_A,Armo01,0.0,0.0
1715,SC-SWE01-1422_A,Armo02,0.0,0.0
1716,SC-SWE01-1422_A,Armo03,1.0,0.0
1717,SC-SWE01-1422_A,Am-AG-1,0.0,0.0
1718,SC-SWE01-1422_A,Am-AG-10,0.0,0.0
1719,SC-SWE01-1422_A,Am-AG-4B,0.0,0.0
1720,SC-SWE01-1422_A,Am-AG-11,0.0,0.0
1721,SC-SWE01-1422_A,Am-CT-5,1.0,0.0
1722,SC-SWE01-1422_A,Am-ATC-2,0.0,0.0
1723,SC-SWE01-1422_A,Am-ATC-3,0.0,0.0
1724,SC-SWE01-1422_A,Am-CT-2,0.0,0.0
1725,SC-SWE01-1422_A,Am-AG-2B,1.0,0.0
1726,SC-SWE01-1422_B,Arm01,1.0,0.0
1727,SC-SWE01-1422_B,Arm02,1.0,0.0
1728,SC-SWE01-1422_B,Arm03,1.0,0.0
1729,SC-SWE01-1422_B,Arm04,0.0,0.0
1730,SC-SWE01-1422_B,Arm05,0.0,0.0
1731,SC-SWE01-1422_B,Arm06,0.0,0.0
1732,SC-SWE01-1422_B,Arm07,1.0,0.0
1733,SC-SWE01-1422_B,Arm08,0.0,0.0
1734,SC-SWE01-1422_B,Arm09,1.0,0.0
1735,SC-SWE01-1422_B,Arm10,0.0,0.0
1736,SC-SWE01-1422_B,Arm11,0.0,0.0
1737,SC-SWE01-1422_B,Armo01,0.0,0.0
1738,SC-SWE01-1422_B,Armo02,0.0,0.0
1739,SC-SWE01-1422_B,Armo03,1.0,0.0
1740,SC-SWE01-1422_B,Am-AG-1,0.0,0.0
1741,SC-SWE01-1422_B,Am-AG-10,0.0,0.0
1742,SC-SWE01-1422_B,Am-AG-4B,1.0,0.0
1743,SC-SWE01-1422_B,Am-AG-11,1.0,0.0
1744,SC-SWE01-1422_B,Am-CT-5,1.0,0.0
1745,SC-SWE01-1422_B,Am-ATC-2,0.0,0.0
1746,SC-SWE01-1422_B,Am-ATC-3,0.0,0.0
1747,SC-SWE01-1422_B,Am-CT-2,0.0,0.0
1748,SC-SWE01-1422_B,Am-AG-2B,1.0,0.0
1749,SC-SWE01-1423_A,Arm01,1.0,0.0
1750,SC-SWE01-1423_A,Arm02,1.0,0.0
1751,SC-SWE01-1423_A,Arm03,1.0,0.0
1752,SC-SWE01-1423_A,Arm04,1.0,0.0
1753,SC-SWE01-1423_A,Arm05,0.0,0.0
1754,SC-SWE01-1423_A,Arm06,0.0,0.0
1755,SC-SWE01-1423_A,Arm07,0.0,0.0
1756,SC-SWE01-1423_A,Arm08,1.0,0.0
1757,SC-SWE01-1423_A,Arm09,1.0,0.0
1758,SC-SWE01-1423_A,Arm10,0.0,0.0
1759,SC-SWE01-1423_A,Arm11,1.0,0.0
1760,SC-SWE01-1423_A,Armo01,0.0,0.0
1761,SC-SWE01-1423_A,Armo02,0.0,0.0
1762,SC-SWE01-1423_A,Armo03,0.0,0.0
1763,SC-SWE01-1423_A,Am-AG-1,0.0,0.0
1764,SC-SWE01-1423_A,Am-AG-10,1.0,0.0
1765,SC-SWE01-1423_A,Am-AG-4B,0.0,0.0
1766,SC-SWE01-1423_A,Am-AG-11,1.0,0.0
1767,SC-SWE01-1423_A,Am-CT-5,0.0,0.0
1768,SC-SWE01-1423_A,Am-ATC-2,0.0,0.0
1769,SC-SWE01-1423_A,Am-ATC-3,0.0,0.0
1770,SC-SWE01-1423_A,Am-CT-2,0.0,0.0
1771,SC-SWE01-1423_A,Am-AG-2B,1.0,0.0
1772,SC-SWE01-1423_B,Arm01,1.0,0.0
1773,SC-SWE01-1423_B,Arm02,1.0,0.0
1774,SC-SWE01-1423_B,Arm03,1.0,0.0
1775,SC-SWE01-1423_B,Arm04,1.0,0.0
1776,SC-SWE01-1423_B,Arm05,1.0,0.0
1777,SC-SWE01-1423_B,Arm06,1.0,0.0
1778,SC-SWE01-1423_B,Arm07,0.0,0.0
1779,SC-SWE01-1423_B,Arm08,1.0,0.0
1780,SC-SWE01-1423_B,Arm09,1.0,0.0
1781,SC-SWE01-1423_B,Arm10,0.0,0.0
1782,SC-SWE01-1423_B,Arm11,1.0,0.0
1783,SC-SWE01-1423_B,Armo01,0.0,0.0
1784,SC-SWE01-1423_B,Armo02,0.0,0.0
1785,SC-SWE01-1423_B,Armo03,0.0,0.0
1786,SC-SWE01-1423_B,Am-AG-1,1.0,0.0
1787,SC-SWE01-1423_B,Am-AG-10,1.0,0.0
1788,SC-SWE01-1423_B,Am-AG-4B,0.0,0.0
1789,SC-SWE01-1423_B,Am-AG-11,1.0,0.0
1790,SC-SWE01-1423_B,Am-CT-5,0.0,0.0
1791,SC-SWE01-1423_B,Am-ATC-2,0.0,0.0
1792,SC-SWE01-1423_B,Am-ATC-3,0.0,0.0
1793,SC-SWE01-1423_B,Am-CT-2,0.0,0.0
1794,SC-SWE01-1423_B,Am-AG-2B,1.0,0.0
1795,SC-SWE01-1426_A,Arm01,0.0,0.0
1796,SC-SWE01-1426_A,Arm02,1.0,0.0
1797,SC-SWE01-1426_A,Arm03,1.0,0.0
1798,SC-SWE01-1426_A,Arm04,0.0,0.0
1799,SC-SWE01-1426_A,Arm05,1.0,0.0
1800,SC-SWE01-1426_A,Arm06,1.0,0.0
1801,SC-SWE01-1426_A,Arm07,0.0,0.0
1802,SC-SWE01-1426_A,Arm08,0.0,0.0
1803,SC-SWE01-1426_A,Arm09,0.0,0.0
1804,SC-SWE01-1426_A,Arm10,1.0,0.0
1805,SC-SWE01-1426_A,Arm11,0.0,0.0
1806,SC-SWE01-1426_A,Armo01,0.0,0.0
1807,SC-SWE01-1426_A,Armo02,0.0,0.0
1808,SC-SWE01-1426_A,Armo03,1.0,0.0
1809,SC-SWE01-1426_A,Am-AG-1,1.0,0.0
1810,SC-SWE01-1426_A,Am-AG-10,0.0,0.0
1811,SC-SWE01-1426_A,Am-AG-4B,1.0,0.0
1812,SC-SWE01-1426_A,Am-AG-11,1.0,0.0
1813,SC-SWE01-1426_A,Am-CT-5,0.0,0.0
1814,SC-SWE01-1426_A,Am-ATC-2,0.0,0.0
1815,SC-SWE01-1426_A,Am-ATC-3,0.0,0.0
1816,SC-SWE01-1426_A,Am-CT-2,0.0,0.0
1817,SC-SWE01-1426_A,Am-AG-2B,0.0,0.0
1818,SC-SWE01-1426_B,Arm01,0.0,0.0
1819,SC-SWE01-1426_B,Arm02,1.0,0.0
1820,SC-SWE01-1426_B,Arm03,1.0,0.0
1821,SC-SWE01-1426_B,Arm04,0.0,0.0
1822,SC-SWE01-1426_B,Arm05,1.0,0.0
1823,SC-SWE01-1426_B,Arm06,1.0,0.0
1824,SC-SWE01-1426_B,Arm07,0.0,0.0
1825,SC-SWE01-1426_B,Arm08,0.0,0.0
1826,SC-SWE01-1426_B,Arm09,0.0,0.0
1827,SC-SWE01-1426_B,Arm10,1.0,0.0
1828,SC-SWE01-1426_B,Arm11,0.0,0.0
1829,SC-SWE01-1426_B,Armo01,0.0,0.0
1830,SC-SWE01-1426_B,Armo02,0.0,0.0
1831,SC-SWE01-1426_B,Armo03,1.0,0.0
1832,SC-SWE01-1426_B,Am-AG-1,1.0,0.0
1833,SC-SWE01-1426_B,Am-AG-10,0.0,0.0
1834,SC-SWE01-1426_B,Am-AG-4B,1.0,0.0
1835,SC-SWE01-1426_B,Am-AG-11,0.0,0.0
1836,SC-SWE01-1426_B,Am-CT-5,0.0,0.0
1837,SC-SWE01-1426_B,Am-ATC-2,0.0,0.0
1838,SC-SWE01-1426_B,Am-ATC-3,0.0,0.0
1839,SC-SWE01-1426_B,Am-CT-2,1.0,0.0
1840,SC-SWE01-1426_B,Am-AG-2B,0.0,0.0
1841,SD-AM09-02_A,Arm01,0.0,0.0
1842,SD-AM09-02_A,Arm02,1.0,0.0
1843,SD-AM09-02_A,Arm03,1.0,0.0
1844,SD-AM09-02_A,Arm04,1.0,0.0
1845,SD-AM09-02_A,Arm05,0.0,0.0
1846,SD-AM09-02_A,Arm06,0.0,0.0
1847,SD-AM09-02_A,Arm07,0.0,0.0
1848,SD-AM09-02_A,Arm08,1.0,0.0
1849,SD-AM09-02_A,Arm09,0.0,0.0
1850,SD-AM09-02_A,Arm10,0.0,0.0
1851,SD-AM09-02_A,Arm11,0.0,0.0
1852,SD-AM09-02_A,Armo01,0.0,0.0
1853,SD-AM09-02_A,Armo02,1.0,0.0
1854,SD-AM09-02_A,Armo03,1.0,0.0
1855,SD-AM09-02_A,Am-AG-1,1.0,0.0
1856,SD-AM09-02_A,Am-AG-10,1.0,0.0
1857,SD-AM09-02_A,Am-AG-4B,0.0,0.0
1858,SD-AM09-02_A,Am-AG-11,1.0,0.0
1859,SD-AM09-02_A,Am-CT-5,1.0,0.0
1860,SD-AM09-02_A,Am-ATC-2,0.0,0.0
1861,SD-AM09-02_A,Am-ATC-3,0.0,0.0
1862,SD-AM09-02_A,Am-CT-2,0.0,0.0
1863,SD-AM09-02_A,Am-AG-2B,0.0,0.0
1864,SD-AM09-02_B,Arm01,0.0,0.0
1865,SD-AM09-02_B,Arm02,1.0,0.0
1866,SD-AM09-02_B,Arm03,1.0,0.0
1867,SD-AM09-02_B,Arm04,1.0,0.0
1868,SD-AM09-02_B,Arm05,0.0,0.0
1869,SD-AM09-02_B,Arm06,0.0,0.0
1870,SD-AM09-02_B,Arm07,0.0,0.0
1871,SD-AM09-02_B,Arm08,1.0,0.0
1872,SD-AM09-02_B,Arm09,0.0,0.0
1873,SD-AM09-02_B,Arm10,0.0,0.0
1874,SD-AM09-02_B,Arm11,0.0,0.0
1875,SD-AM09-02_B,Armo01,0.0,0.0
1876,SD-AM09-02_B,Armo02,1.0,0.0
1877,SD-AM09-02_B,Armo03,1.0,0.0
1878,SD-AM09-02_B,Am-AG-1,1.0,0.0
1879,SD-AM09-02_B,Am-AG-10,1.0,0.0
1880,SD-AM09-02_B,Am-AG-4B,0.0,0.0
1881,SD-AM09-02_B,Am-AG-11,1.0,0.0
1882,SD-AM09-02_B,Am-CT-5,1.0,0.0
1883,SD-AM09-02_B,Am-ATC-2,0.0,0.0
1884,SD-AM09-02_B,Am-ATC-3,0.0,0.0
1885,SD-AM09-02_B,Am-CT-2,1.0,0.0
1886,SD-AM09-02_B,Am-AG-2B,0.0,0.0
1887,SD-AM09-04_A,Arm01,1.0,0.0
1888,SD-AM09-04_A,Arm02,0.0,0.0
1889,SD-AM09-04_A,Arm03,1.0,0.0
1890,SD-AM09-04_A,Arm04,1.0,0.0
1891,SD-AM09-04_A,Arm05,0.0,0.0
1892,SD-AM09-04_A,Arm06,0.0,0.0
1893,SD-AM09-04_A,Arm07,0.0,0.0
1894,SD-AM09-04_A,Arm08,1.0,0.0
1895,SD-AM09-04_A,Arm09,0.0,0.0
1896,SD-AM09-04_A,Arm10,0.0,0.0
1897,SD-AM09-04_A,Arm11,1.0,0.0
1898,SD-AM09-04_A,Armo01,0.0,0.0
1899,SD-AM09-04_A,Armo02,0.0,0.0
1900,SD-AM09-04_A,Armo03,1.0,0.0
1901,SD-AM09-04_A,Am-AG-1,1.0,0.0
1902,SD-AM09-04_A,Am-AG-10,1.0,0.0
1903,SD-AM09-04_A,Am-AG-4B,0.0,0.0
1904,SD-AM09-04_A,Am-AG-11,1.0,0.0
1905,SD-AM09-04_A,Am-CT-5,0.0,0.0
1906,SD-AM09-04_A,Am-ATC-2,1.0,0.0
1907,SD-AM09-04_A,Am-ATC-3,0.0,0.0
1908,SD-AM09-04_A,Am-CT-2,1.0,0.0
1909,SD-AM09-04_A,Am-AG-2B,0.0,0.0
1910,SD-AM09-04_B,Arm01,1.0,0.0
1911,SD-AM09-04_B,Arm02,1.0,0.0
1912,SD-AM09-04_B,Arm03,1.0,0.0
1913,SD-AM09-04_B,Arm04,1.0,0.0
1914,SD-AM09-04_B,Arm05,0.0,0.0
1915,SD-AM09-04_B,Arm06,0.0,0.0
1916,SD-AM09-04_B,Arm07,0.0,0.0
1917,SD-AM09-04_B,Arm08,1.0,0.0
1918,SD-AM09-04_B,Arm09,0.0,0.0
1919,SD-AM09-04_B,Arm10,0.0,0.0
1920,SD-AM09-04_B,Arm11,1.0,0.0
1921,SD-AM09-04_B,Armo01,0.0,0.0
1922,SD-AM09-04_B,Armo02,0.0,0.0
1923,SD-AM09-04_B,Armo03,1.0,0.0
1924,SD-AM09-04_B,Am-AG-1,1.0,0.0
1925,SD-AM09-04_B,Am-AG-10,1.0,0.0
1926,SD-AM09-04_B,Am-AG-4B,0.0,0.0
1927,SD-AM09-04_B,Am-AG-11,1.0,0.0
1928,SD-AM09-04_B,Am-CT-5,0.0,0.0
1929,SD-AM09-04_B,Am-ATC-2,1.0,0.0
1930,SD-AM09-04_B,Am-ATC-3,0.0,0.0
1931,SD-AM09-04_B,Am-CT-2,0.0,0.0
1932,SD-AM09-04_B,Am-AG-2B,0.0,0.0
1933,SD-AM10-01_A,Arm01,0.0,0.0
1934,SD-AM10-01_A,Arm02,1.0,0.0
1935,SD-AM10-01_A,Arm03,1.0,0.0
1936,SD-AM10-01_A,Arm04,0.0,0.0
1937,SD-AM10-01_A,Arm05,0.0,0.0
1938,SD-AM10-01_A,Arm06,1.0,0.0
1939,SD-AM10-01_A,Arm07,1.0,0.0
1940,SD-AM10-01_A,Arm08,0.0,0.0
1941,SD-AM10-01_A,Arm09,1.0,0.0
1942,SD-AM10-01_A,Arm10,0.0,0.0
1943,SD-AM10-01_A,Arm11,1.0,0.0
1944,SD-AM10-01_A,Armo01,0.0,0.0
1945,SD-AM10-01_A,Armo02,0.0,0.0
1946,SD-AM10-01_A,Armo03,1.0,0.0
1947,SD-AM10-01_A,Am-AG-1,1.0,0.0
1948,SD-AM10-01_A,Am-AG-10,0.0,0.0
1949,SD-AM10-01_A,Am-AG-4B,0.0,0.0
1950,SD-AM10-01_A,Am-AG-11,1.0,0.0
1951,SD-AM10-01_A,Am-CT-5,0.0,0.0
1952,SD-AM10-01_A,Am-ATC-2,1.0,0.0
1953,SD-AM10-01_A,Am-ATC-3,0.0,0.0
1954,SD-AM10-01_A,Am-CT-2,1.0,0.0
1955,SD-AM10-01_A,Am-AG-2B,0.0,0.0
1956,SD-AM10-01_B,Arm01,0.0,0.0
1957,SD-AM10-01_B,Arm02,1.0,0.0
1958,SD-AM10-01_B,Arm03,1.0,0.0
1959,SD-AM10-01_B,Arm04,0.0,0.0
1960,SD-AM10-01_B,Arm05,0.0,0.0
1961,SD-AM10-01_B,Arm06,1.0,0.0
1962,SD-AM10-01_B,Arm07,1.0,0.0
1963,SD-AM10-01_B,Arm08,0.0,0.0
1964,SD-AM10-01_B,Arm09,1.0,0.0
1965,SD-AM10-01_B,Arm10,0.0,0.0
1966,SD-AM10-01_B,Arm11,0.0,0.0
1967,SD-AM10-01_B,Armo01,0.0,0.0
1968,SD-AM10-01_B,Armo02,0.0,0.0
1969,SD-AM10-01_B,Armo03,0.0,0.0
1970,SD-AM10-01_B,Am-AG-1,1.0,0.0
1971,SD-AM10-01_B,Am-AG-10,0.0,0.0
1972,SD-AM10-01_B,Am-AG-4B,0.0,0.0
1973,SD-AM10-01_B,Am-AG-11,1.0,0.0
1974,SD-AM10-01_B,Am-CT-5,0.0,0.0
1975,SD-AM10-01_B,Am-ATC-2,1.0,0.0
1976,SD-AM10-01_B,Am-ATC-3,0.0,0.0
1977,SD-AM10-01_B,Am-CT-2,1.0,0.0
1978,SD-AM10-01_B,Am-AG-2B,0.0,0.0
1979,SD-AM15-02_A,Arm01,0.0,0.0
1980,SD-AM15-02_A,Arm02,0.0,0.0
1981,SD-AM15-02_A,Arm03,0.0,0.0
1982,SD-AM15-02_A,Arm04,1.0,0.0
1983,SD-AM15-02_A,Arm05,0.0,0.0
1984,SD-AM15-02_A,Arm06,0.0,0.0
1985,SD-AM15-02_A,Arm07,1.0,0.0
1986,SD-AM15-02_A,Arm08,0.0,0.0
1987,SD-AM15-02_A,Arm09,1.0,0.0
1988,SD-AM15-02_A,Arm10,1.0,0.0
1989,SD-AM15-02_A,Arm11,0.0,0.0
1990,SD-AM15-02_A,Armo01,1.0,0.0
1991,SD-AM15-02_A,Armo02,0.0,0.0
1992,SD-AM15-02_A,Armo03,1.0,0.0
1993,SD-AM15-02_A,Am-AG-1,1.0,0.0
1994,SD-AM15-02_A,Am-AG-10,1.0,0.0
1995,SD-AM15-02_A,Am-AG-4B,0.0,0.0
1996,SD-AM15-02_A,Am-AG-11,0.0,0.0
1997,SD-AM15-02_A,Am-CT-5,0.0,0.0
1998,SD-AM15-02_A,Am-ATC-2,1.0,0.0
1999,SD-AM15-02_A,Am-ATC-3,0.0,0.0
2000,SD-AM15-02_A,Am-CT-2,1.0,0.0
2001,SD-AM15-02_A,Am-AG-2B,1.0,0.0
2002,SD-AM15-02_B,Arm01,0.0,0.0
2003,SD-AM15-02_B,Arm02,0.0,0.0
2004,SD-AM15-02_B,Arm03,0.0,0.0
2005,SD-AM15-02_B,Arm04,1.0,0.0
2006,SD-AM15-02_B,Arm05,0.0,0.0
2007,SD-AM15-02_B,Arm06,0.0,0.0
2008,SD-AM15-02_B,Arm07,1.0,0.0
2009,SD-AM15-02_B,Arm08,0.0,0.0
2010,SD-AM15-02_B,Arm09,1.0,0.0
2011,SD-AM15-02_B,Arm10,1.0,0.0
2012,SD-AM15-02_B,Arm11,0.0,0.0
2013,SD-AM15-02_B,Armo01,1.0,0.0
2014,SD-AM15-02_B,Armo02,0.0,0.0
2015,SD-AM15-02_B,Armo03,1.0,0.0
2016,SD-AM15-02_B,Am-AG-1,1.0,0.0
2017,SD-AM15-02_B,Am-AG-10,0.0,0.0
2018,SD-AM15-02_B,Am-AG-4B,0.0,0.0
2019,SD-AM15-02_B,Am-AG-11,0.0,0.0
2020,SD-AM15-02_B,Am-CT-5,0.0,0.0
2021,SD-AM15-02_B,Am-ATC-2,1.0,0.0
2022,SD-AM15-02_B,Am-ATC-3,0.0,0.0
2023,SD-AM15-02_B,Am-CT-2,1.0,0.0
2024,SD-AM15-02_B,Am-AG-2B,1.0,0.0
2025,SD-AM15-10_A,Arm01,0.0,0.0
2026,SD-AM15-10_A,Arm02,0.0,0.0
2027,SD-AM15-10_A,Arm03,1.0,0.0
2028,SD-AM15-10_A,Arm04,0.0,0.0
2029,SD-AM15-10_A,Arm05,1.0,0.0
2030,SD-AM15-10_A,Arm06,0.0,0.0
2031,SD-AM15-10_A,Arm07,0.0,0.0
2032,SD-AM15-10_A,Arm08,0.0,0.0
2033,SD-AM15-10_A,Arm09,1.0,0.0
2034,SD-AM15-10_A,Arm10,0.0,0.0
2035,SD-AM15-10_A,Arm11,0.0,0.0
2036,SD-AM15-10_A,Armo01,0.0,0.0
2037,SD-AM15-10_A,Armo02,0.0,0.0
2038,SD-AM15-10_A,Armo03,1.0,0.0
2039,SD-AM15-10_A,Am-AG-1,1.0,0.0
2040,SD-AM15-10_A,Am-AG-10,0.0,0.0
2041,SD-AM15-10_A,Am-AG-4B,0.0,0.0
2042,SD-AM15-10_A,Am-AG-11,1.0,0.0
2043,SD-AM15-10_A,Am-CT-5,0.0,0.0
2044,SD-AM15-10_A,Am-ATC-2,0.0,0.0
2045,SD-AM15-10_A,Am-ATC-3,1.0,0.0
2046,SD-AM15-10_A,Am-CT-2,0.0,0.0
2047,SD-AM15-10_A,Am-AG-2B,0.0,0.0
2048,SD-AM15-10_B,Arm01,0.0,0.0
2049,SD-AM15-10_B,Arm02,0.0,0.0
2050,SD-AM15-10_B,Arm03,1.0,0.0
2051,SD-AM15-10_B,Arm04,1.0,0.0
2052,SD-AM15-10_B,Arm05,1.0,0.0
2053,SD-AM15-10_B,Arm06,0.0,0.0
2054,SD-AM15-10_B,Arm07,0.0,0.0
2055,SD-AM15-10_B,Arm08,0.0,0.0
2056,SD-AM15-10_B,Arm09,1.0,0.0
2057,SD-AM15-10_B,Arm10,0.0,0.0
2058,SD-AM15-10_B,Arm11,0.0,0.0
2059,SD-AM15-10_B,Armo01,0.0,0.0
2060,SD-AM15-10_B,Armo02,0.0,0.0
2061,SD-AM15-10_B,Armo03,1.0,0.0
2062,SD-AM15-10_B,Am-AG-1,1.0,0.0
2063,SD-AM15-10_B,Am-AG-10,1.0,0.0
2064,SD-AM15-10_B,Am-AG-4B,0.0,0.0
2065,SD-AM15-10_B,Am-AG-11,1.0,0.0
2066,SD-AM15-10_B,Am-CT-5,0.0,0.0
2067,SD-AM15-10_B,Am-ATC-2,0.0,0.0
2068,SD-AM15-10_B,Am-ATC-3,0.0,0.0
2069,SD-AM15-10_B,Am-CT-2,0.0,0.0
2070,SD-AM15-10_B,Am-AG-2B,0.0,0.0
2071,SD-AM21-34_A,Arm01,1.0,0.0
2072,SD-AM21-34_A,Arm02,0.0,0.0
2073,SD-AM21-34_A,Arm03,0.0,0.0
2074,SD-AM21-34_A,Arm04,0.0,0.0
2075,SD-AM21-34_A,Arm05,0.0,0.0
2076,SD-AM21-34_A,Arm06,0.0,0.0
2077,SD-AM21-34_A,Arm07,0.0,0.0
2078,SD-AM21-34_A,Arm08,0.0,0.0
2079,SD-AM21-34_A,Arm09,1.0,0.0
2080,SD-AM21-34_A,Arm10,1.0,0.0
2081,SD-AM21-34_A,Arm11,0.0,0.0
2082,SD-AM21-34_A,Armo01,0.0,0.0
2083,SD-AM21-34_A,Armo02,0.0,0.0
2084,SD-AM21-34_A,Armo03,0.0,0.0
2085,SD-AM21-34_A,Am-AG-1,1.0,0.0
2086,SD-AM21-34_A,Am-AG-10,1.0,0.0
2087,SD-AM21-34_A,Am-AG-4B,0.0,0.0
2088,SD-AM21-34_A,Am-AG-11,1.0,0.0
2089,SD-AM21-34_A,Am-CT-5,0.0,0.0
2090,SD-AM21-34_A,Am-ATC-2,0.0,0.0
2091,SD-AM21-34_A,Am-ATC-3,0.0,0.0
2092,SD-AM21-34_A,Am-CT-2,1.0,0.0
2093,SD-AM21-34_A,Am-AG-2B,0.0,0.0
2094,SD-AM21-34_B,Arm01,1.0,0.0
2095,SD-AM21-34_B,Arm02,0.0,0.0
2096,SD-AM21-34_B,Arm03,0.0,0.0
2097,SD-AM21-34_B,Arm04,0.0,0.0
2098,SD-AM21-34_B,Arm05,0.0,0.0
2099,SD-AM21-34_B,Arm06,0.0,0.0
2100,SD-AM21-34_B,Arm07,0.0,0.0
2101,SD-AM21-34_B,Arm08,0.0,0.0
2102,SD-AM21-34_B,Arm09,1.0,0.0
2103,SD-AM21-34_B,Arm10,1.0,0.0
2104,SD-AM21-34_B,Arm11,0.0,0.0
2105,SD-AM21-34_B,Armo01,0.0,0.0
2106,SD-AM21-34_B,Armo02,0.0,0.0
2107,SD-AM21-34_B,Armo03,0.0,0.0
2108,SD-AM21-34_B,Am-AG-1,1.0,0.0
2109,SD-AM21-34_B,Am-AG-10,1.0,0.0
2110,SD-AM21-34_B,Am-AG-4B,0.0,0.0
2111,SD-AM21-34_B,Am-AG-11,1.0,0.0
2112,SD-AM21-34_B,Am-CT-5,0.0,0.0
2113,SD-AM21-34_B,Am-ATC-2,0.0,0.0
2114,SD-AM21-34_B,Am-ATC-3,0.0,0.0
2115,SD-AM21-34_B,Am-CT-2,1.0,0.0
2116,SD-AM21-34_B,Am-AG-2B,0.0,0.0
2117,SD-AM21-52_A,Arm01,0.0,0.0
2118,SD-AM21-52_A,Arm02,0.0,0.0
2119,SD-AM21-52_A,Arm03,1.0,0.0
2120,SD-AM21-52_A,Arm04,0.0,0.0
2121,SD-AM21-52_A,Arm05,1.0,0.0
2122,SD-AM21-52_A,Arm06,0.0,0.0
2123,SD-AM21-52_A,Arm07,0.0,0.0
2124,SD-AM21-52_A,Arm08,1.0,0.0
2125,SD-AM21-52_A,Arm09,0.0,0.0
2126,SD-AM21-52_A,Arm10,0.0,0.0
2127,SD-AM21-52_A,Arm11,0.0,0.0
2128,SD-AM21-52_A,Armo01,0.0,0.0
2129,SD-AM21-52_A,Armo02,0.0,0.0
2130,SD-AM21-52_A,Armo03,1.0,0.0
2131,SD-AM21-52_A,Am-AG-1,0.0,0.0
2132,SD-AM21-52_A,Am-AG-10,0.0,0.0
2133,SD-AM21-52_A,Am-AG-4B,0.0,0.0
2134,SD-AM21-52_A,Am-AG-11,1.0,0.0
2135,SD-AM21-52_A,Am-CT-5,0.0,0.0
2136,SD-AM21-52_A,Am-ATC-2,0.0,0.0
2137,SD-AM21-52_A,Am-ATC-3,0.0,0.0
2138,SD-AM21-52_A,Am-CT-2,1.0,0.0
2139,SD-AM21-52_A,Am-AG-2B,1.0,0.0
2140,SD-AM21-52_B,Arm01,0.0,0.0
2141,SD-AM21-52_B,Arm02,0.0,0.0
2142,SD-AM21-52_B,Arm03,1.0,0.0
2143,SD-AM21-52_B,Arm04,0.0,0.0
2144,SD-AM21-52_B,Arm05,1.0,0.0
2145,SD-AM21-52_B,Arm06,0.0,0.0
2146,SD-AM21-52_B,Arm07,0.0,0.0
2147,SD-AM21-52_B,Arm08,1.0,0.0
2148,SD-AM21-52_B,Arm09,0.0,0.0
2149,SD-AM21-52_B,Arm10,0.0,0.0
2150,SD-AM21-52_B,Arm11,0.0,0.0
2151,SD-AM21-52_B,Armo01,0.0,0.0
2152,SD-AM21-52_B,Armo02,0.0,0.0
2153,SD-AM21-52_B,Armo03,1.0,0.0
2154,SD-AM21-52_B,Am-AG-1,0.0,0.0
2155,SD-AM21-52_B,Am-AG-10,0.0,0.0
2156,SD-AM21-52_B,Am-AG-4B,0.0,0.0
2157,SD-AM21-52_B,Am-AG-11,0.0,0.0
2158,SD-AM21-52_B,Am-CT-5,0.0,0.0
2159,SD-AM21-52_B,Am-ATC-2,0.0,0.0
2160,SD-AM21-52_B,Am-ATC-3,0.0,0.0
2161,SD-AM21-52_B,Am-CT-2,1.0,0.0
2162,SD-AM21-52_B,Am-AG-2B,1.0,0.0
2163,SD-AM30-09_A,Arm01,0.0,0.0
2164,SD-AM30-09_A,Arm02,1.0,0.0
2165,SD-AM30-09_A,Arm03,0.0,0.0
2166,SD-AM30-09_A,Arm04,0.0,0.0
2167,SD-AM30-09_A,Arm05,0.0,0.0
2168,SD-AM30-09_A,Arm06,0.0,0.0
2169,SD-AM30-09_A,Arm07,1.0,0.0
2170,SD-AM30-09_A,Arm08,0.0,0.0
2171,SD-AM30-09_A,Arm09,1.0,0.0
2172,SD-AM30-09_A,Arm10,0.0,0.0
2173,SD-AM30-09_A,Arm11,0.0,0.0
2174,SD-AM30-09_A,Armo01,1.0,0.0
2175,SD-AM30-09_A,Armo02,0.0,0.0
2176,SD-AM30-09_A,Armo03,0.0,0.0
2177,SD-AM30-09_A,Am-AG-1,1.0,0.0
2178,SD-AM30-09_A,Am-AG-10,1.0,0.0
2179,SD-AM30-09_A,Am-AG-4B,0.0,0.0
2180,SD-AM30-09_A,Am-AG-11,0.0,0.0
2181,SD-AM30-09_A,Am-CT-5,1.0,0.0
2182,SD-AM30-09_A,Am-ATC-2,0.0,0.0
2183,SD-AM30-09_A,Am-ATC-3,0.0,0.0
2184,SD-AM30-09_A,Am-CT-2,0.0,0.0
2185,SD-AM30-09_A,Am-AG-2B,0.0,0.0
2186,SD-AM30-09_B,Arm01,0.0,0.0
2187,SD-AM30-09_B,Arm02,1.0,0.0
2188,SD-AM30-09_B,Arm03,0.0,0.0
2189,SD-AM30-09_B,Arm04,0.0,0.0
2190,SD-AM30-09_B,Arm05,0.0,0.0
2191,SD-AM30-09_B,Arm06,0.0,0.0
2192,SD-AM30-09_B,Arm07,1.0,0.0
2193,SD-AM30-09_B,Arm08,0.0,0.0
2194,SD-AM30-09_B,Arm09,1.0,0.0
2195,SD-AM30-09_B,Arm10,0.0,0.0
2196,SD-AM30-09_B,Arm11,0.0,0.0
2197,SD-AM30-09_B,Armo01,1.0,0.0
2198,SD-AM30-09_B,Armo02,0.0,0.0
2199,SD-AM30-09_B,Armo03,0.0,0.0
2200,SD-AM30-09_B,Am-AG-1,1.0,0.0
2201,SD-AM30-09_B,Am-AG-10,1.0,0.0
2202,SD-AM30-09_B,Am-AG-4B,0.0,0.0
2203,SD-AM30-09_B,Am-AG-11,0.0,0.0
2204,SD-AM30-09_B,Am-CT-5,1.0,0.0
2205,SD-AM30-09_B,Am-ATC-2,0.0,0.0
2206,SD-AM30-09_B,Am-ATC-3,0.0,0.0
2207,SD-AM30-09_B,Am-CT-2,1.0,0.0
2208,SD-AM30-09_B,Am-AG-2B,0.0,0.0
2209,SD-AM31-04_A,Arm01,0.0,0.0
2210,SD-AM31-04_A,Arm02,1.0,0.0
2211,SD-AM31-04_A,Arm03,1.0,0.0
2212,SD-AM31-04_A,Arm04,1.0,0.0
2213,SD-AM31-04_A,Arm05,0.0,0.0
2214,SD-AM31-04_A,Arm06,0.0,0.0
2215,SD-AM31-04_A,Arm07,0.0,0.0
2216,SD-AM31-04_A,Arm08,0.0,0.0
2217,SD-AM31-04_A,Arm09,0.0,0.0
2218,SD-AM31-04_A,Arm10,0.0,0.0
2219,SD-AM31-04_A,Arm11,0.0,0.0
2220,SD-AM31-04_A,Armo01,0.0,0.0
2221,SD-AM31-04_A,Armo02,0.0,0.0
2222,SD-AM31-04_A,Armo03,0.0,0.0
2223,SD-AM31-04_A,Am-AG-1,0.0,0.0
2224,SD-AM31-04_A,Am-AG-10,0.0,0.0
2225,SD-AM31-04_A,Am-AG-4B,0.0,0.0
2226,SD-AM31-04_A,Am-AG-11,0.0,0.0
2227,SD-AM31-04_A,Am-CT-5,0.0,0.0
2228,SD-AM31-04_A,Am-ATC-2,0.0,0.0
2229,SD-AM31-04_A,Am-ATC-3,1.0,0.0
2230,SD-AM31-04_A,Am-CT-2,0.0,0.0
2231,SD-AM31-04_A,Am-AG-2B,1.0,0.0
2232,SD-AM31-04_B,Arm01,0.0,0.0
2233,SD-AM31-04_B,Arm02,1.0,0.0
2234,SD-AM31-04_B,Arm03,1.0,0.0
2235,SD-AM31-04_B,Arm04,1.0,0.0
2236,SD-AM31-04_B,Arm05,0.0,0.0
2237,SD-AM31-04_B,Arm06,0.0,0.0
2238,SD-AM31-04_B,Arm07,0.0,0.0
2239,SD-AM31-04_B,Arm08,0.0,0.0
2240,SD-AM31-04_B,Arm09,0.0,0.0
2241,SD-AM31-04_B,Arm10,0.0,0.0
2242,SD-AM31-04_B,Arm11,0.0,0.0
2243,SD-AM31-04_B,Armo01,0.0,0.0
2244,SD-AM31-04_B,Armo02,0.0,0.0
2245,SD-AM31-04_B,Armo03,0.0,0.0
2246,SD-AM31-04_B,Am-AG-1,0.0,0.0
2247,SD-AM31-04_B,Am-AG-10,1.0,0.0
2248,SD-AM31-04_B,Am-AG-4B,0.0,0.0
2249,SD-AM31-04_B,Am-AG-11,0.0,0.0
2250,SD-AM31-04_B,Am-CT-5,0.0,0.0
2251,SD-AM31-04_B,Am-ATC-2,0.0,0.0
2252,SD-AM31-04_B,Am-ATC-3,1.0,0.0
2253,SD-AM31-04_B,Am-CT-2,0.0,0.0
2254,SD-AM31-04_B,Am-AG-2B,1.0,0.0
2255,SD-AM32-05_A,Arm01,1.0,0.0
2256,SD-AM32-05_A,Arm02,1.0,0.0
2257,SD-AM32-05_A,Arm03,0.0,0.0
2258,SD-AM32-05_A,Arm04,0.0,0.0
2259,SD-AM32-05_A,Arm05,1.0,0.0
2260,SD-AM32-05_A,Arm06,1.0,0.0
2261,SD-AM32-05_A,Arm07,0.0,0.0
2262,SD-AM32-05_A,Arm08,0.0,0.0
2263,SD-AM32-05_A,Arm09,0.0,0.0
2264,SD-AM32-05_A,Arm10,1.0,0.0
2265,SD-AM32-05_A,Arm11,1.0,0.0
2266,SD-AM32-05_A,Armo01,0.0,0.0
2267,SD-AM32-05_A,Armo02,0.0,0.0
2268,SD-AM32-05_A,Armo03,1.0,0.0
2269,SD-AM32-05_A,Am-AG-1,1.0,0.0
2270,SD-AM32-05_A,Am-AG-10,0.0,0.0
2271,SD-AM32-05_A,Am-AG-4B,1.0,0.0
2272,SD-AM32-05_A,Am-AG-11,1.0,0.0
2273,SD-AM32-05_A,Am-CT-5,0.0,0.0
2274,SD-AM32-05_A,Am-ATC-2,0.0,0.0
2275,SD-AM32-05_A,Am-ATC-3,0.0,0.0
2276,SD-AM32-05_A,Am-CT-2,0.0,0.0
2277,SD-AM32-05_A,Am-AG-2B,0.0,0.0
2278,SD-AM32-05_B,Arm01,1.0,0.0
2279,SD-AM32-05_B,Arm02,1.0,0.0
2280,SD-AM32-05_B,Arm03,0.0,0.0
2281,SD-AM32-05_B,Arm04,0.0,0.0
2282,SD-AM32-05_B,Arm05,1.0,0.0
2283,SD-AM32-05_B,Arm06,1.0,0.0
2284,SD-AM32-05_B,Arm07,0.0,0.0
2285,SD-AM32-05_B,Arm08,0.0,0.0
2286,SD-AM32-05_B,Arm09,0.0,0.0
2287,SD-AM32-05_B,Arm10,1.0,0.0
2288,SD-AM32-05_B,Arm11,0.0,0.0
2289,SD-AM32-05_B,Armo01,0.0,0.0
2290,SD-AM32-05_B,Armo02,0.0,0.0
2291,SD-AM32-05_B,Armo03,0.0,0.0
2292,SD-AM32-05_B,Am-AG-1,1.0,0.0
2293,SD-AM32-05_B,Am-AG-10,0.0,0.0
2294,SD-AM32-05_B,Am-AG-4B,1.0,0.0
2295,SD-AM32-05_B,Am-AG-11,1.0,0.0
2296,SD-AM32-05_B,Am-CT-5,0.0,0.0
2297,SD-AM32-05_B,Am-ATC-2,0.0,0.0
2298,SD-AM32-05_B,Am-ATC-3,0.0,0.0
2299,SD-AM32-05_B,Am-CT-2,0.0,0.0
2300,SD-AM32-05_B,Am-AG-2B,0.0,0.0
2301,SD-AM32-09_A,Arm01,0.0,0.0
2302,SD-AM32-09_A,Arm02,1.0,0.0
2303,SD-AM32-09_A,Arm03,1.0,0.0
2304,SD-AM32-09_A,Arm04,0.0,0.0
2305,SD-AM32-09_A,Arm05,0.0,0.0
2306,SD-AM32-09_A,Arm06,1.0,0.0
2307,SD-AM32-09_A,Arm07,0.0,0.0
2308,SD-AM32-09_A,Arm08,0.0,0.0
2309,SD-AM32-09_A,Arm09,1.0,0.0
2310,SD-AM32-09_A,Arm10,0.0,0.0
2311,SD-AM32-09_A,Arm11,0.0,0.0
2312,SD-AM32-09_A,Armo01,0.0,0.0
2313,SD-AM32-09_A,Armo02,0.0,0.0
2314,SD-AM32-09_A,Armo03,1.0,0.0
2315,SD-AM32-09_A,Am-AG-1,0.0,0.0
2316,SD-AM32-09_A,Am-AG-10,0.0,0.0
2317,SD-AM32-09_A,Am-AG-4B,0.0,0.0
2318,SD-AM32-09_A,Am-AG-11,0.0,0.0
2319,SD-AM32-09_A,Am-CT-5,1.0,0.0
2320,SD-AM32-09_A,Am-ATC-2,0.0,0.0
2321,SD-AM32-09_A,Am-ATC-3,0.0,0.0
2322,SD-AM32-09_A,Am-CT-2,0.0,0.0
2323,SD-AM32-09_A,Am-AG-2B,0.0,0.0
2324,SD-AM32-09_B,Arm01,0.0,0.0
2325,SD-AM32-09_B,Arm02,1.0,0.0
2326,SD-AM32-09_B,Arm03,1.0,0.0
2327,SD-AM32-09_B,Arm04,0.0,0.0
2328,SD-AM32-09_B,Arm05,0.0,0.0
2329,SD-AM32-09_B,Arm06,1.0,0.0
2330,SD-AM32-09_B,Arm07,0.0,0.0
2331,SD-AM32-09_B,Arm08,0.0,0.0
2332,SD-AM32-09_B,Arm09,1.0,0.0
2333,SD-AM32-09_B,Arm10,0.0,0.0
2334,SD-AM32-09_B,Arm11,0.0,0.0
2335,SD-AM32-09_B,Armo01,0.0,0.0
2336,SD-AM32-09_B,Armo02,0.0,0.0
2337,SD-AM32-09_B,Armo03,1.0,0.0
2338,SD-AM32-09_B,Am-AG-1,0.0,0.0
2339,SD-AM32-09_B,Am-AG-10,0.0,0.0
2340,SD-AM32-09_B,Am-AG-4B,0.0,0.0
2341,SD-AM32-09_B,Am-AG-11,0.0,0.0
2342,SD-AM32-09_B,Am-CT-5,1.0,0.0
2343,SD-AM32-09_B,Am-ATC-2,0.0,0.0
2344,SD-AM32-09_B,Am-ATC-3,0.0,0.0
2345,SD-AM32-09_B,Am-CT-2,0.0,0.0
2346,SD-AM32-09_B,Am-AG-2B,1.0,0.0
2347,SD-AM37-11_A,Arm01,0.0,0.0
2348,SD-AM37-11_A,Arm02,1.0,0.0
2349,SD-AM37-11_A,Arm03,0.0,0.0
2350,SD-AM37-11_A,Arm04,0.0,0.0
2351,SD-AM37-11_A,Arm05,0.0,0.0
2352,SD-AM37-11_A,Arm06,1.0,0.0
2353,SD-AM37-11_A,Arm07,0.0,0.0
2354,SD-AM37-11_A,Arm08,0.0,0.0
2355,SD-AM37-11_A,Arm09,0.0,0.0
2356,SD-AM37-11_A,Arm10,0.0,0.0
2357,SD-AM37-11_A,Arm11,0.0,0.0
2358,SD-AM37-11_A,Armo01,0.0,0.0
2359,SD-AM37-11_A,Armo02,0.0,0.0
2360,SD-AM37-11_A,Armo03,1.0,0.0
2361,SD-AM37-11_A,Am-AG-1,1.0,0.0
2362,SD-AM37-11_A,Am-AG-10,1.0,0.0
2363,SD-AM37-11_A,Am-AG-4B,0.0,0.0
2364,SD-AM37-11_A,Am-AG-11,0.0,0.0
2365,SD-AM37-11_A,Am-CT-5,1.0,0.0
2366,SD-AM37-11_A,Am-ATC-2,1.0,0.0
2367,SD-AM37-11_A,Am-ATC-3,0.0,0.0
2368,SD-AM37-11_A,Am-CT-2,0.0,0.0
2369,SD-AM37-11_A,Am-AG-2B,1.0,0.0
2370,SD-AM37-11_B,Arm01,0.0,0.0
2371,SD-AM37-11_B,Arm02,1.0,0.0
2372,SD-AM37-11_B,Arm03,0.0,0.0
2373,SD-AM37-11_B,Arm04,0.0,0.0
2374,SD-AM37-11_B,Arm05,0.0,0.0
2375,SD-AM37-11_B,Arm06,1.0,0.0
2376,SD-AM37-11_B,Arm07,0.0,0.0
2377,SD-AM37-11_B,Arm08,0.0,0.0
2378,SD-AM37-11_B,Arm09,0.0,0.0
2379,SD-AM37-11_B,Arm10,0.0,0.0
2380,SD-AM37-11_B,Arm11,0.0,0.0
2381,SD-AM37-11_B,Armo01,0.0,0.0
2382,SD-AM37-11_B,Armo02,0.0,0.0
2383,SD-AM37-11_B,Armo03,1.0,0.0
2384,SD-AM37-11_B,Am-AG-1,1.0,0.0
2385,SD-AM37-11_B,Am-AG-10,1.0,0.0
2386,SD-AM37-11_B,Am-AG-4B,0.0,0.0
2387,SD-AM37-11_B,Am-AG-11,1.0,0.0
2388,SD-AM37-11_B,Am-CT-5,1.0,0.0
2389,SD-AM37-11_B,Am-ATC-2,1.0,0.0
2390,SD-AM37-11_B,Am-ATC-3,0.0,0.0
2391,SD-AM37-11_B,Am-CT-2,1.0,0.0
2392,SD-AM37-11_B,Am-AG-2B,1.0,0.0
2393,SD-AM40-15_A,Arm01,0.0,0.0
2394,SD-AM40-15_A,Arm02,1.0,0.0
2395,SD-AM40-15_A,Arm03,1.0,0.0
2396,SD-AM40-15_A,Arm04,0.0,0.0
2397,SD-AM40-15_A,Arm05,0.0,0.0
2398,SD-AM40-15_A,Arm06,0.0,0.0
2399,SD-AM40-15_A,Arm07,1.0,0.0
2400,SD-AM40-15_A,Arm08,0.0,0.0
2401,SD-AM40-15_A,Arm09,0.0,0.0
2402,SD-AM40-15_A,Arm10,0.0,0.0
2403,SD-AM40-15_A,Arm11,0.0,0.0
2404,SD-AM40-15_A,Armo01,0.0,0.0
2405,SD-AM40-15_A,Armo02,0.0,0.0
2406,SD-AM40-15_A,Armo03,1.0,0.0
2407,SD-AM40-15_A,Am-AG-1,0.0,0.0
2408,SD-AM40-15_A,Am-AG-10,1.0,0.0
2409,SD-AM40-15_A,Am-AG-4B,0.0,0.0
2410,SD-AM40-15_A,Am-AG-11,1.0,0.0
2411,SD-AM40-15_A,Am-CT-5,0.0,0.0
2412,SD-AM40-15_A,Am-ATC-2,1.0,0.0
2413,SD-AM40-15_A,Am-ATC-3,0.0,0.0
2414,SD-AM40-15_A,Am-CT-2,1.0,0.0
2415,SD-AM40-15_A,Am-AG-2B,1.0,0.0
2416,SD-AM40-15_B,Arm01,0.0,0.0
2417,SD-AM40-15_B,Arm02,1.0,0.0
2418,SD-AM40-15_B,Arm03,1.0,0.0
2419,SD-AM40-15_B,Arm04,0.0,0.0
2420,SD-AM40-15_B,Arm05,0.0,0.0
2421,SD-AM40-15_B,Arm06,0.0,0.0
2422,SD-AM40-15_B,Arm07,1.0,0.0
2423,SD-AM40-15_B,Arm08,0.0,0.0
2424,SD-AM40-15_B,Arm09,0.0,0.0
2425,SD-AM40-15_B,Arm10,0.0,0.0
2426,SD-AM40-15_B,Arm11,0.0,0.0
2427,SD-AM40-15_B,Armo01,0.0,0.0
2428,SD-AM40-15_B,Armo02,0.0,0.0
2429,SD-AM40-15_B,Armo03,1.0,0.0
2430,SD-AM40-15_B,Am-AG-1,1.0,0.0
2431,SD-AM40-15_B,Am-AG-10,0.0,0.0
2432,SD-AM40-15_B,Am-AG-4B,0.0,0.0
2433,SD-AM40-15_B,Am-AG-11,0.0,0.0
2434,SD-AM40-15_B,Am-CT-5,0.0,0.0
2435,SD-AM40-15_B,Am-ATC-2,1.0,0.0
2436,SD-AM40-15_B,Am-ATC-3,0.0,0.0
2437,SD-AM40-15_B,Am-CT-2,1.0,0.0
2438,SD-AM40-15_B,Am-AG-2B,1.0,0.0
2439,SD-AM42-08_A,Arm01,0.0,0.0
2440,SD-AM42-08_A,Arm02,1.0,0.0
2441,SD-AM42-08_A,Arm03,0.0,0.0
2442,SD-AM42-08_A,Arm04,0.0,0.0
2443,SD-AM42-08_A,Arm05,0.0,0.0
2444,SD-AM42-08_A,Arm06,0.0,0.0
2445,SD-AM42-08_A,Arm07,1.0,0.0
2446,SD-AM42-08_A,Arm08,0.0,0.0
2447,SD-AM42-08_A,Arm09,1.0,0.0
2448,SD-AM42-08_A,Arm10,1.0,0.0
2449,SD-AM42-08_A,Arm11,0.0,0.0
2450,SD-AM42-08_A,Armo01,1.0,0.0
2451,SD-AM42-08_A,Armo02,0.0,0.0
2452,SD-AM42-08_A,Armo03,1.0,0.0
2453,SD-AM42-08_A,Am-AG-1,1.0,0.0
2454,SD-AM42-08_A,Am-AG-10,0.0,0.0
2455,SD-AM42-08_A,Am-AG-4B,0.0,0.0
2456,SD-AM42-08_A,Am-AG-11,0.0,0.0
2457,SD-AM42-08_A,Am-CT-5,1.0,0.0
2458,SD-AM42-08_A,Am-ATC-2,0.0,0.0
2459,SD-AM42-08_A,Am-ATC-3,0.0,0.0
2460,SD-AM42-08_A,Am-CT-2,0.0,0.0
2461,SD-AM42-08_A,Am-AG-2B,0.0,0.0
2462,SD-AM42-08_B,Arm01,0.0,0.0
2463,SD-AM42-08_B,Arm02,1.0,0.0
2464,SD-AM42-08_B,Arm03,0.0,0.0
2465,SD-AM42-08_B,Arm04,0.0,0.0
2466,SD-AM42-08_B,Arm05,0.0,0.0
2467,SD-AM42-08_B,Arm06,0.0,0.0
2468,SD-AM42-08_B,Arm07,1.0,0.0
2469,SD-AM42-08_B,Arm08,0.0,0.0
2470,SD-AM42-08_B,Arm09,1.0,0.0
2471,SD-AM42-08_B,Arm10,1.0,0.0
2472,SD-AM42-08_B,Arm11,0.0,0.0
2473,SD-AM42-08_B,Armo01,0.0,0.0
2474,SD-AM42-08_B,Armo02,0.0,0.0
2475,SD-AM42-08_B,Armo03,1.0,0.0
2476,SD-AM42-08_B,Am-AG-1,1.0,0.0
2477,SD-AM42-08_B,Am-AG-10,0.0,0.0
2478,SD-AM42-08_B,Am-AG-4B,0.0,0.0
2479,SD-AM42-08_B,Am-AG-11,1.0,0.0
2480,SD-AM42-08_B,Am-CT-5,1.0,0.0
2481,SD-AM42-08_B,Am-ATC-2,0.0,0.0
2482,SD-AM42-08_B,Am-ATC-3,0.0,0.0
2483,SD-AM42-08_B,Am-CT-2,1.0,0.0
2484,SD-AM42-08_B,Am-AG-2B,0.0,0.0
2485,SD-AM42-12_A,Arm01,0.0,0.0
2486,SD-AM42-12_A,Arm02,1.0,0.0
2487,SD-AM42-12_A,Arm03,0.0,0.0
2488,SD-AM42-12_A,Arm04,0.0,0.0
2489,SD-AM42-12_A,Arm05,0.0,0.0
2490,SD-AM42-12_A,Arm06,0.0,0.0
2491,SD-AM42-12_A,Arm07,1.0,0.0
2492,SD-AM42-12_A,Arm08,0.0,0.0
2493,SD-AM42-12_A,Arm09,0.0,0.0
2494,SD-AM42-12_A,Arm10,1.0,0.0
2495,SD-AM42-12_A,Arm11,0.0,0.0
2496,SD-AM42-12_A,Armo01,0.0,0.0
2497,SD-AM42-12_A,Armo02,1.0,0.0
2498,SD-AM42-12_A,Armo03,1.0,0.0
2499,SD-AM42-12_A,Am-AG-1,1.0,0.0
2500,SD-AM42-12_A,Am-AG-10,0.0,0.0
2501,SD-AM42-12_A,Am-AG-4B,0.0,0.0
2502,SD-AM42-12_A,Am-AG-11,0.0,0.0
2503,SD-AM42-12_A,Am-CT-5,1.0,0.0
2504,SD-AM42-12_A,Am-ATC-2,0.0,0.0
2505,SD-AM42-12_A,Am-ATC-3,0.0,0.0
2506,SD-AM42-12_A,Am-CT-2,1.0,0.0
2507,SD-AM42-12_A,Am-AG-2B,0.0,0.0
2508,SD-AM42-12_B,Arm01,0.0,0.0
2509,SD-AM42-12_B,Arm02,1.0,0.0
2510,SD-AM42-12_B,Arm03,0.0,0.0
2511,SD-AM42-12_B,Arm04,0.0,0.0
2512,SD-AM42-12_B,Arm05,0.0,0.0
2513,SD-AM42-12_B,Arm06,0.0,0.0
2514,SD-AM42-12_B,Arm07,1.0,0.0
2515,SD-AM42-12_B,Arm08,0.0,0.0
2516,SD-AM42-12_B,Arm09,0.0,0.0
2517,SD-AM42-12_B,Arm10,1.0,0.0
2518,SD-AM42-12_B,Arm11,0.0,0.0
2519,SD-AM42-12_B,Armo01,0.0,0.0
2520,SD-AM42-12_B,Armo02,1.0,0.0
2521,SD-AM42-12_B,Armo03,1.0,0.0
2522,SD-AM42-12_B,Am-AG-1,1.0,0.0
2523,SD-AM42-12_B,Am-AG-10,0.0,0.0
2524,SD-AM42-12_B,Am-AG-4B,0.0,0.0
2525,SD-AM42-12_B,Am-AG-11,0.0,0.0
2526,SD-AM42-12_B,Am-CT-5,1.0,0.0
2527,SD-AM42-12_B,Am-ATC-2,0.0,0.0
2528,SD-AM42-12_B,Am-ATC-3,0.0,0.0
2529,SD-AM42-12_B,Am-CT-2,1.0,0.0
2530,SD-AM42-12_B,Am-AG-2B,0.0,0.0
2531,SD-AM43-19_A,Arm01,0.0,0.0
2532,SD-AM43-19_A,Arm02,0.0,0.0
2533,SD-AM43-19_A,Arm03,0.0,0.0
2534,SD-AM43-19_A,Arm04,0.0,0.0
2535,SD-AM43-19_A,Arm05,0.0,0.0
2536,SD-AM43-19_A,Arm06,0.0,0.0
2537,SD-AM43-19_A,Arm07,0.0,0.0
2538,SD-AM43-19_A,Arm08,1.0,0.0
2539,SD-AM43-19_A,Arm09,1.0,0.0
2540,SD-AM43-19_A,Arm10,0.0,0.0
2541,SD-AM43-19_A,Arm11,0.0,0.0
2542,SD-AM43-19_A,Armo01,0.0,0.0
2543,SD-AM43-19_A,Armo02,0.0,0.0
2544,SD-AM43-19_A,Armo03,1.0,0.0
2545,SD-AM43-19_A,Am-AG-1,0.0,0.0
2546,SD-AM43-19_A,Am-AG-10,0.0,0.0
2547,SD-AM43-19_A,Am-AG-4B,0.0,0.0
2548,SD-AM43-19_A,Am-AG-11,1.0,0.0
2549,SD-AM43-19_A,Am-CT-5,1.0,0.0
2550,SD-AM43-19_A,Am-ATC-2,0.0,0.0
2551,SD-AM43-19_A,Am-ATC-3,0.0,0.0
2552,SD-AM43-19_A,Am-CT-2,1.0,0.0
2553,SD-AM43-19_A,Am-AG-2B,0.0,0.0
2554,SD-AM43-19_B,Arm01,0.0,0.0
2555,SD-AM43-19_B,Arm02,0.0,0.0
2556,SD-AM43-19_B,Arm03,0.0,0.0
2557,SD-AM43-19_B,Arm04,0.0,0.0
2558,SD-AM43-19_B,Arm05,0.0,0.0
2559,SD-AM43-19_B,Arm06,0.0,0.0
2560,SD-AM43-19_B,Arm07,0.0,0.0
2561,SD-AM43-19_B,Arm08,0.0,0.0
2562,SD-AM43-19_B,Arm09,1.0,0.0
2563,SD-AM43-19_B,Arm10,0.0,0.0
2564,SD-AM43-19_B,Arm11,0.0,0.0
2565,SD-AM43-19_B,Armo01,0.0,0.0
2566,SD-AM43-19_B,Armo02,0.0,0.0
2567,SD-AM43-19_B,Armo03,1.0,0.0
2568,SD-AM43-19_B,Am-AG-1,1.0,0.0
2569,SD-AM43-19_B,Am-AG-10,0.0,0.0
2570,SD-AM43-19_B,Am-AG-4B,0.0,0.0
2571,SD-AM43-19_B,Am-AG-11,1.0,0.0
2572,SD-AM43-19_B,Am-CT-5,1.0,0.0
2573,SD-AM43-19_B,Am-ATC-2,0.0,0.0
2574,SD-AM43-19_B,Am-ATC-3,0.0,0.0
2575,SD-AM43-19_B,Am-CT-2,1.0,0.0
2576,SD-AM43-19_B,Am-AG-2B,0.0,0.0
2577,SD-AM46-04_A,Arm01,0.0,0.0
2578,SD-AM46-04_A,Arm02,1.0,0.0
2579,SD-AM46-04_A,Arm03,1.0,0.0
2580,SD-AM46-04_A,Arm04,0.0,0.0
2581,SD-AM46-04_A,Arm05,0.0,0.0
2582,SD-AM46-04_A,Arm06,1.0,0.0
2583,SD-AM46-04_A,Arm07,0.0,0.0
2584,SD-AM46-04_A,Arm08,0.0,0.0
2585,SD-AM46-04_A,Arm09,0.0,0.0
2586,SD-AM46-04_A,Arm10,0.0,0.0
2587,SD-AM46-04_A,Arm11,0.0,0.0
2588,SD-AM46-04_A,Armo01,0.0,0.0
2589,SD-AM46-04_A,Armo02,0.0,0.0
2590,SD-AM46-04_A,Armo03,0.0,0.0
2591,SD-AM46-04_A,Am-AG-1,1.0,0.0
2592,SD-AM46-04_A,Am-AG-10,0.0,0.0
2593,SD-AM46-04_A,Am-AG-4B,0.0,0.0
2594,SD-AM46-04_A,Am-AG-11,0.0,0.0
2595,SD-AM46-04_A,Am-CT-5,0.0,0.0
2596,SD-AM46-04_A,Am-ATC-2,0.0,0.0
2597,SD-AM46-04_A,Am-ATC-3,1.0,0.0
2598,SD-AM46-04_A,Am-CT-2,1.0,0.0
2599,SD-AM46-04_A,Am-AG-2B,1.0,0.0
2600,SD-AM46-04_B,Arm01,0.0,0.0
2601,SD-AM46-04_B,Arm02,1.0,0.0
2602,SD-AM46-04_B,Arm03,1.0,0.0
2603,SD-AM46-04_B,Arm04,0.0,0.0
2604,SD-AM46-04_B,Arm05,0.0,0.0
2605,SD-AM46-04_B,Arm06,1.0,0.0
2606,SD-AM46-04_B,Arm07,0.0,0.0
2607,SD-AM46-04_B,Arm08,0.0,0.0
2608,SD-AM46-04_B,Arm09,0.0,0.0
2609,SD-AM46-04_B,Arm10,0.0,0.0
2610,SD-AM46-04_B,Arm11,0.0,0.0
2611,SD-AM46-04_B,Armo01,1.0,0.0
2612,SD-AM46-04_B,Armo02,0.0,0.0
2613,SD-AM46-04_B,Armo03,0.0,0.0
2614,SD-AM46-04_B,Am-AG-1,1.0,0.0
2615,SD-AM46-04_B,Am-AG-10,0.0,0.0
2616,SD-AM46-04_B,Am-AG-4B,0.0,0.0
2617,SD-AM46-04_B,Am-AG-11,0.0,0.0
2618,SD-AM46-04_B,Am-CT-5,0.0,0.0
2619,SD-AM46-04_B,Am-ATC-2,0.0,0.0
2620,SD-AM46-04_B,Am-ATC-3,0.0,0.0
2621,SD-AM46-04_B,Am-CT-2,1.0,0.0
2622,SD-AM46-04_B,Am-AG-2B,1.0,0.0
2623,SR-CAR-13_A,Arm01,0.0,0.0
2624,SR-CAR-13_A,Arm02,1.0,0.0
2625,SR-CAR-13_A,Arm03,0.0,0.0
2626,SR-CAR-13_A,Arm04,1.0,0.0
2627,SR-CAR-13_A,Arm05,1.0,0.0
2628,SR-CAR-13_A,Arm06,0.0,0.0
2629,SR-CAR-13_A,Arm07,1.0,0.0
2630,SR-CAR-13_A,Arm08,0.0,0.0
2631,SR-CAR-13_A,Arm09,0.0,0.0
2632,SR-CAR-13_A,Arm10,0.0,0.0
2633,SR-CAR-13_A,Arm11,1.0,0.0
2634,SR-CAR-13_A,Armo01,0.0,0.0
2635,SR-CAR-13_A,Armo02,0.0,0.0
2636,SR-CAR-13_A,Armo03,1.0,0.0
2637,SR-CAR-13_A,Am-AG-1,0.0,0.0
2638,SR-CAR-13_A,Am-AG-10,1.0,0.0
2639,SR-CAR-13_A,Am-AG-4B,0.0,0.0
2640,SR-CAR-13_A,Am-AG-11,0.0,0.0
2641,SR-CAR-13_A,Am-CT-5,1.0,0.0
2642,SR-CAR-13_A,Am-ATC-2,0.0,0.0
2643,SR-CAR-13_A,Am-ATC-3,0.0,0.0
2644,SR-CAR-13_A,Am-CT-2,0.0,0.0
2645,SR-CAR-13_A,Am-AG-2B,0.0,0.0
2646,SR-CAR-13_B,Arm01,1.0,0.0
2647,SR-CAR-13_B,Arm02,1.0,0.0
2648,SR-CAR-13_B,Arm03,0.0,0.0
2649,SR-CAR-13_B,Arm04,1.0,0.0
2650,SR-CAR-13_B,Arm05,1.0,0.0
2651,SR-CAR-13_B,Arm06,0.0,0.0
2652,SR-CAR-13_B,Arm07,1.0,0.0
2653,SR-CAR-13_B,Arm08,0.0,0.0
2654,SR-CAR-13_B,Arm09,0.0,0.0
2655,SR-CAR-13_B,Arm10,0.0,0.0
2656,SR-CAR-13_B,Arm11,1.0,0.0
2657,SR-CAR-13_B,Armo01,1.0,0.0
2658,SR-CAR-13_B,Armo02,0.0,0.0
2659,SR-CAR-13_B,Armo03,1.0,0.0
2660,SR-CAR-13_B,Am-AG-1,0.0,0.0
2661,SR-CAR-13_B,Am-AG-10,1.0,0.0
2662,SR-CAR-13_B,Am-AG-4B,0.0,0.0
2663,SR-CAR-13_B,Am-AG-11,1.0,0.0
2664,SR-CAR-13_B,Am-CT-5,1.0,0.0
2665,SR-CAR-13_B,Am-ATC-2,1.0,0.0
2666,SR-CAR-13_B,Am-ATC-3,0.0,0.0
2667,SR-CAR-13_B,Am-CT-2,1.0,0.0
2668,SR-CAR-13_B,Am-AG-2B,0.0,0.0
2669,SR-ELS-LIF419_A,Arm01,0.0,0.0
2670,SR-ELS-LIF419_A,Arm02,0.0,0.0
2671,SR-ELS-LIF419_A,Arm03,1.0,0.0
2672,SR-ELS-LIF419_A,Arm04,1.0,0.0
2673,SR-ELS-LIF419_A,Arm05,0.0,0.0
2674,SR-ELS-LIF419_A,Arm06,1.0,0.0
2675,SR-ELS-LIF419_A,Arm07,0.0,0.0
2676,SR-ELS-LIF419_A,Arm08,0.0,0.0
2677,SR-ELS-LIF419_A,Arm09,0.0,0.0
2678,SR-ELS-LIF419_A,Arm10,1.0,0.0
2679,SR-ELS-LIF419_A,Arm11,1.0,0.0
2680,SR-ELS-LIF419_A,Armo01,0.0,0.0
2681,SR-ELS-LIF419_A,Armo02,1.0,0.0
2682,SR-ELS-LIF419_A,Armo03,1.0,0.0
2683,SR-ELS-LIF419_A,Am-AG-1,1.0,0.0
2684,SR-ELS-LIF419_A,Am-AG-10,1.0,0.0
2685,SR-ELS-LIF419_A,Am-AG-4B,0.0,0.0
2686,SR-ELS-LIF419_A,Am-AG-11,0.0,0.0
2687,SR-ELS-LIF419_A,Am-CT-5,0.0,0.0
2688,SR-ELS-LIF419_A,Am-ATC-2,0.0,0.0
2689,SR-ELS-LIF419_A,Am-ATC-3,0.0,0.0
2690,SR-ELS-LIF419_A,Am-CT-2,0.0,0.0
2691,SR-ELS-LIF419_A,Am-AG-2B,1.0,0.0
2692,SR-ELS-LIF419_B,Arm01,0.0,0.0
2693,SR-ELS-LIF419_B,Arm02,0.0,0.0
2694,SR-ELS-LIF419_B,Arm03,1.0,0.0
2695,SR-ELS-LIF419_B,Arm04,1.0,0.0
2696,SR-ELS-LIF419_B,Arm05,0.0,0.0
2697,SR-ELS-LIF419_B,Arm06,1.0,0.0
2698,SR-ELS-LIF419_B,Arm07,0.0,0.0
2699,SR-ELS-LIF419_B,Arm08,0.0,0.0
2700,SR-ELS-LIF419_B,Arm09,0.0,0.0
2701,SR-ELS-LIF419_B,Arm10,1.0,0.0
2702,SR-ELS-LIF419_B,Arm11,1.0,0.0
2703,SR-ELS-LIF419_B,Armo01,0.0,0.0
2704,SR-ELS-LIF419_B,Armo02,1.0,0.0
2705,SR-ELS-LIF419_B,Armo03,1.0,0.0
2706,SR-ELS-LIF419_B,Am-AG-1,1.0,0.0
2707,SR-ELS-LIF419_B,Am-AG-10,1.0,0.0
2708,SR-ELS-LIF419_B,Am-AG-4B,0.0,0.0
2709,SR-ELS-LIF419_B,Am-AG-11,0.0,0.0
2710,SR-ELS-LIF419_B,Am-CT-5,0.0,0.0
2711,SR-ELS-LIF419_B,Am-ATC-2,0.0,0.0
2712,SR-ELS-LIF419_B,Am-ATC-3,0.0,0.0
2713,SR-ELS-LIF419_B,Am-CT-2,0.0,0.0
2714,SR-ELS-LIF419_B,Am-AG-2B,1.0,0.0
2715,SR-ELS-LIF435_A,Arm01,0.0,0.0
2716,SR-ELS-LIF435_A,Arm02,0.0,0.0
2717,SR-ELS-LIF435_A,Arm03,0.0,0.0
2718,SR-ELS-LIF435_A,Arm04,1.0,0.0
2719,SR-ELS-LIF435_A,Arm05,0.0,0.0
2720,SR-ELS-LIF435_A,Arm06,0.0,0.0
2721,SR-ELS-LIF435_A,Arm07,0.0,0.0
2722,SR-ELS-LIF435_A,Arm08,1.0,0.0
2723,SR-ELS-LIF435_A,Arm09,0.0,0.0
2724,SR-ELS-LIF435_A,Arm10,0.0,0.0
2725,SR-ELS-LIF435_A,Arm11,0.0,0.0
2726,SR-ELS-LIF435_A,Armo01,0.0,0.0
2727,SR-ELS-LIF435_A,Armo02,0.0,0.0
2728,SR-ELS-LIF435_A,Armo03,1.0,0.0
2729,SR-ELS-LIF435_A,Am-AG-1,1.0,0.0
2730,SR-ELS-LIF435_A,Am-AG-10,0.0,0.0
2731,SR-ELS-LIF435_A,Am-AG-4B,0.0,0.0
2732,SR-ELS-LIF435_A,Am-AG-11,1.0,0.0
2733,SR-ELS-LIF435_A,Am-CT-5,0.0,0.0
2734,SR-ELS-LIF435_A,Am-ATC-2,1.0,0.0
2735,SR-ELS-LIF435_A,Am-ATC-3,1.0,0.0
2736,SR-ELS-LIF435_A,Am-CT-2,1.0,0.0
2737,SR-ELS-LIF435_A,Am-AG-2B,0.0,0.0
2738,SR-ELS-LIF435_B,Arm01,0.0,0.0
2739,SR-ELS-LIF435_B,Arm02,0.0,0.0
2740,SR-ELS-LIF435_B,Arm03,0.0,0.0
2741,SR-ELS-LIF435_B,Arm04,1.0,0.0
2742,SR-ELS-LIF435_B,Arm05,0.0,0.0
2743,SR-ELS-LIF435_B,Arm06,0.0,0.0
2744,SR-ELS-LIF435_B,Arm07,0.0,0.0
2745,SR-ELS-LIF435_B,Arm08,1.0,0.0
2746,SR-ELS-LIF435_B,Arm09,0.0,0.0
2747,SR-ELS-LIF435_B,Arm10,0.0,0.0
2748,SR-ELS-LIF435_B,Arm11,0.0,0.0
2749,SR-ELS-LIF435_B,Armo01,0.0,0.0
2750,SR-ELS-LIF435_B,Armo02,0.0,0.0
2751,SR-ELS-LIF435_B,Armo03,1.0,0.0
2752,SR-ELS-LIF435_B,Am-AG-1,1.0,0.0
2753,SR-ELS-LIF435_B,Am-AG-10,1.0,0.0
2754,SR-ELS-LIF435_B,Am-AG-4B,0.0,0.0
2755,SR-ELS-LIF435_B,Am-AG-11,1.0,0.0
2756,SR-ELS-LIF435_B,Am-CT-5,0.0,0.0
2757,SR-ELS-LIF435_B,Am-ATC-2,1.0,0.0
2758,SR-ELS-LIF435_B,Am-ATC-3,1.0,0.0
2759,SR-ELS-LIF435_B,Am-CT-2,1.0,0.0
2760,SR-ELS-LIF435_B,Am-AG-2B,1.0,0.0
