Serial,Loci,Sample,Ploidy,Prob_AA,Prob_AB
1,MSCB01,S0001-CB04B-20_S1_A,2,1.0,0.0
2,MSCB02,S0001-CB04B-20_S1_A,2,1.0,4.250745484325292e-147
3,MSCB03,S0001-CB04B-20_S1_A,2,0.0,0.0
4,MSCB04,S0001-CB04B-20_S1_A,2,0.5,0.5
5,MSCB05,S0001-CB04B-20_S1_A,2,0.0,1.0
6,MSCB06,S0001-CB04B-20_S1_A,2,0.0,0.0
7,MSCB07,S0001-CB04B-20_S1_A,2,0.5,0.5
8,MSCB08,S0001-CB04B-20_S1_A,2,0.0,0.0
9,MSCB09,S0001-CB04B-20_S1_A,2,0.5,0.5
10,MSCB10,S0001-CB04B-20_S1_A,2,1.0,1.2547878940991836e-55
11,MSCB11,S0001-CB04B-20_S1_A,2,0.0,0.0
12,MSCB12,S0001-CB04B-20_S1_A,2,0.0,1.0
13,MSCB13,S0001-CB04B-20_S1_A,2,0.0,0.0
14,MSCB14,S0001-CB04B-20_S1_A,2,0.5,0.5
15,MSCB15,S0001-CB04B-20_S1_A,2,0.0,0.0
16,MSCB16,S0001-CB04B-20_S1_A,2,0.0,0.0
17,MSCB17,S0001-CB04B-20_S1_A,2,0.5,0.5
18,MSCB18,S0001-CB04B-20_S1_A,2,0.0,0.0
19,MSCB19,S0001-CB04B-20_S1_A,2,0.5,0.5
20,MSCB20,S0001-CB04B-20_S1_A,2,1.0,0.0
21,MSCB21,S0001-CB04B-20_S1_A,2,0.0,1.0
22,MSCB22,S0001-CB04B-20_S1_A,2,0.5,0.5
23,MSCB23,S0001-CB04B-20_S1_A,2,0.0,0.0
24,MSCB24,S0001-CB04B-20_S1_A,2,0.5,0.5
25,MSCB25,S0001-CB04B-20_S1_A,2,0.5,0.5
26,MSCB26,S0001-CB04B-20_S1_A,2,0.5,0.5
27,MSCB27,S0001-CB04B-20_S1_A,2,0.0,1.0
28,MSCB28,S0001-CB04B-20_S1_A,2,0.0,0.0
29,MSCB29,S0001-CB04B-20_S1_A,2,0.0,0.0
30,MSCB30,S0001-CB04B-20_S1_A,2,1.0,0.0
31,MSCB31,S0001-CB04B-20_S1_A,2,0.5,0.5
32,MSCB32,S0001-CB04B-20_S1_A,2,0.5,0.5
33,MSCB33,S0001-CB04B-20_S1_A,2,0.0,0.0
34,MSCB34,S0001-CB04B-20_S1_A,2,0.5,0.5
35,MSCB35,S0001-CB04B-20_S1_A,2,0.0,0.0
36,MSCB36,S0001-CB04B-20_S1_A,2,0.5,0.5
37,MSCB37,S0001-CB04B-20_S1_A,2,0.0,0.0
38,MSCB38,S0001-CB04B-20_S1_A,2,0.0,0.0
39,MSCB01,S0001-CB04B-20_S1_B,2,1.0,0.0
40,MSCB02,S0001-CB04B-20_S1_B,2,1.0,1.0646445650971373e-143
41,MSCB03,S0001-CB04B-20_S1_B,2,0.0,0.0
42,MSCB04,S0001-CB04B-20_S1_B,2,0.5,0.5
43,MSCB05,S0001-CB04B-20_S1_B,2,0.0,1.0
44,MSCB06,S0001-CB04B-20_S1_B,2,0.0,0.0
45,MSCB07,S0001-CB04B-20_S1_B,2,0.5,0.5
46,MSCB08,S0001-CB04B-20_S1_B,2,0.0,0.0
47,MSCB09,S0001-CB04B-20_S1_B,2,0.0,0.0
48,MSCB10,S0001-CB04B-20_S1_B,2,1.0,3.09813707978985e-56
49,MSCB11,S0001-CB04B-20_S1_B,2,0.0,0.0
50,MSCB12,S0001-CB04B-20_S1_B,2,0.0,1.0
51,MSCB13,S0001-CB04B-20_S1_B,2,0.0,0.0
52,MSCB14,S0001-CB04B-20_S1_B,2,0.5,0.5
53,MSCB15,S0001-CB04B-20_S1_B,2,0.0,0.0
54,MSCB16,S0001-CB04B-20_S1_B,2,0.0,0.0
55,MSCB17,S0001-CB04B-20_S1_B,2,0.5,0.5
56,MSCB18,S0001-CB04B-20_S1_B,2,0.0,0.0
57,MSCB19,S0001-CB04B-20_S1_B,2,0.5,0.5
58,MSCB20,S0001-CB04B-20_S1_B,2,1.0,0.0
59,MSCB21,S0001-CB04B-20_S1_B,2,0.0,1.0
60,MSCB22,S0001-CB04B-20_S1_B,2,0.5,0.5
61,MSCB23,S0001-CB04B-20_S1_B,2,0.0,0.0
62,MSCB24,S0001-CB04B-20_S1_B,2,0.5,0.5
63,MSCB25,S0001-CB04B-20_S1_B,2,0.5,0.5
64,MSCB26,S0001-CB04B-20_S1_B,2,0.5,0.5
65,MSCB27,S0001-CB04B-20_S1_B,2,0.0,1.0
66,MSCB28,S0001-CB04B-20_S1_B,2,0.0,0.0
67,MSCB29,S0001-CB04B-20_S1_B,2,0.0,0.0
68,MSCB30,S0001-CB04B-20_S1_B,2,1.0,0.0
69,MSCB31,S0001-CB04B-20_S1_B,2,0.5,0.5
70,MSCB32,S0001-CB04B-20_S1_B,2,0.5,0.5
71,MSCB33,S0001-CB04B-20_S1_B,2,0.0,0.0
72,MSCB34,S0001-CB04B-20_S1_B,2,0.5,0.5
73,MSCB35,S0001-CB04B-20_S1_B,2,0.0,0.0
74,MSCB36,S0001-CB04B-20_S1_B,2,0.5,0.5
75,MSCB37,S0001-CB04B-20_S1_B,2,0.0,0.0
76,MSCB38,S0001-CB04B-20_S1_B,2,1.0,0.0
77,MSCB01,S0002-CB04B-37_S2_A,2,0.5,0.5
78,MSCB02,S0002-CB04B-37_S2_A,2,0.0,0.0
79,MSCB03,S0002-CB04B-37_S2_A,2,1.0,0.0
80,MSCB04,S0002-CB04B-37_S2_A,2,2.85713509325095e-149,1.0
81,MSCB05,S0002-CB04B-37_S2_A,2,0.5,0.5
82,MSCB06,S0002-CB04B-37_S2_A,2,0.5,0.5
83,MSCB07,S0002-CB04B-37_S2_A,2,0.5,0.5
84,MSCB08,S0002-CB04B-37_S2_A,2,0.0,0.0
85,MSCB09,S0002-CB04B-37_S2_A,2,0.0,1.0
86,MSCB10,S0002-CB04B-37_S2_A,2,0.5,0.5
87,MSCB11,S0002-CB04B-37_S2_A,2,0.0,0.0
88,MSCB12,S0002-CB04B-37_S2_A,2,0.5,0.5
89,MSCB13,S0002-CB04B-37_S2_A,2,0.5,0.5
90,MSCB14,S0002-CB04B-37_S2_A,2,0.5,0.5
91,MSCB15,S0002-CB04B-37_S2_A,2,0.0,0.0
92,MSCB16,S0002-CB04B-37_S2_A,2,0.0,0.0
93,MSCB17,S0002-CB04B-37_S2_A,2,0.5,0.5
94,MSCB18,S0002-CB04B-37_S2_A,2,1.0,0.0
95,MSCB19,S0002-CB04B-37_S2_A,2,0.0,0.0
96,MSCB20,S0002-CB04B-37_S2_A,2,0.5,0.5
97,MSCB21,S0002-CB04B-37_S2_A,2,0.0,1.0
98,MSCB22,S0002-CB04B-37_S2_A,2,0.5,0.5
99,MSCB23,S0002-CB04B-37_S2_A,2,0.5,0.5
100,MSCB24,S0002-CB04B-37_S2_A,2,0.5,0.5
101,MSCB25,S0002-CB04B-37_S2_A,2,0.0,0.0
102,MSCB26,S0002-CB04B-37_S2_A,2,0.0,1.0
103,MSCB27,S0002-CB04B-37_S2_A,2,0.5,0.5
104,MSCB28,S0002-CB04B-37_S2_A,2,0.0,0.0
105,MSCB29,S0002-CB04B-37_S2_A,2,0.0,0.0
106,MSCB30,S0002-CB04B-37_S2_A,2,0.0,0.0
107,MSCB31,S0002-CB04B-37_S2_A,2,0.0,0.0
108,MSCB32,S0002-CB04B-37_S2_A,2,0.5,0.5
109,MSCB33,S0002-CB04B-37_S2_A,2,0.0,0.0
110,MSCB34,S0002-CB04B-37_S2_A,2,0.5,0.5
111,MSCB35,S0002-CB04B-37_S2_A,2,0.0,0.0
112,MSCB36,S0002-CB04B-37_S2_A,2,0.5,0.5
113,MSCB37,S0002-CB04B-37_S2_A,2,1.0,3.1129948076131147e-54
114,MSCB38,S0002-CB04B-37_S2_A,2,0.0,1.0
115,MSCB01,S0002-CB04B-37_S2_B,2,0.5,0.5
116,MSCB02,S0002-CB04B-37_S2_B,2,0.0,0.0
117,MSCB03,S0002-CB04B-37_S2_B,2,1.0,0.0
118,MSCB04,S0002-CB04B-37_S2_B,2,0.5,0.5
119,MSCB05,S0002-CB04B-37_S2_B,2,0.5,0.5
120,MSCB06,S0002-CB04B-37_S2_B,2,0.5,0.5
121,MSCB07,S0002-CB04B-37_S2_B,2,0.5,0.5
122,MSCB08,S0002-CB04B-37_S2_B,2,0.0,0.0
123,MSCB09,S0002-CB04B-37_S2_B,2,0.0,1.0
124,MSCB10,S0002-CB04B-37_S2_B,2,1.0,2.946710328625486e-52
125,MSCB11,S0002-CB04B-37_S2_B,2,0.0,0.0
126,MSCB12,S0002-CB04B-37_S2_B,2,0.5,0.5
127,MSCB13,S0002-CB04B-37_S2_B,2,0.5,0.5
128,MSCB14,S0002-CB04B-37_S2_B,2,0.5,0.5
129,MSCB15,S0002-CB04B-37_S2_B,2,0.0,0.0
130,MSCB16,S0002-CB04B-37_S2_B,2,0.0,0.0
131,MSCB17,S0002-CB04B-37_S2_B,2,1.0,3.655124191790449e-197
132,MSCB18,S0002-CB04B-37_S2_B,2,0.5,0.5
133,MSCB19,S0002-CB04B-37_S2_B,2,0.0,0.0
134,MSCB20,S0002-CB04B-37_S2_B,2,0.5,0.5
135,MSCB21,S0002-CB04B-37_S2_B,2,0.0,1.0
136,MSCB22,S0002-CB04B-37_S2_B,2,0.5,0.5
137,MSCB23,S0002-CB04B-37_S2_B,2,0.5,0.5
138,MSCB24,S0002-CB04B-37_S2_B,2,0.0,1.0
139,MSCB25,S0002-CB04B-37_S2_B,2,0.0,0.0
140,MSCB26,S0002-CB04B-37_S2_B,2,0.0,1.0
141,MSCB27,S0002-CB04B-37_S2_B,2,0.5,0.5
142,MSCB28,S0002-CB04B-37_S2_B,2,0.0,0.0
143,MSCB29,S0002-CB04B-37_S2_B,2,0.0,0.0
144,MSCB30,S0002-CB04B-37_S2_B,2,0.0,0.0
145,MSCB31,S0002-CB04B-37_S2_B,2,0.0,0.0
146,MSCB32,S0002-CB04B-37_S2_B,2,0.5,0.5
147,MSCB33,S0002-CB04B-37_S2_B,2,0.0,0.0
148,MSCB34,S0002-CB04B-37_S2_B,2,0.5,0.5
149,MSCB35,S0002-CB04B-37_S2_B,2,0.0,0.0
150,MSCB36,S0002-CB04B-37_S2_B,2,0.5,0.5
151,MSCB37,S0002-CB04B-37_S2_B,2,1.0,3.1129948076131147e-54
152,MSCB38,S0002-CB04B-37_S2_B,2,0.0,1.0
153,MSCB01,S0003-CB03A-01_S3_A,2,0.5,0.5
154,MSCB02,S0003-CB03A-01_S3_A,2,0.0,1.0
155,MSCB03,S0003-CB03A-01_S3_A,2,0.0,1.0
156,MSCB04,S0003-CB03A-01_S3_A,2,2.1272609090033924e-76,1.0
157,MSCB05,S0003-CB03A-01_S3_A,2,0.5,0.5
158,MSCB06,S0003-CB03A-01_S3_A,2,1.0,0.0
159,MSCB07,S0003-CB03A-01_S3_A,2,0.0,0.0
160,MSCB08,S0003-CB03A-01_S3_A,2,0.0,0.0
161,MSCB09,S0003-CB03A-01_S3_A,2,0.5,0.5
162,MSCB10,S0003-CB03A-01_S3_A,2,0.0,0.0
163,MSCB11,S0003-CB03A-01_S3_A,2,0.0,0.0
164,MSCB12,S0003-CB03A-01_S3_A,2,0.5,0.5
165,MSCB13,S0003-CB03A-01_S3_A,2,0.0,0.0
166,MSCB14,S0003-CB03A-01_S3_A,2,0.5,0.5
167,MSCB15,S0003-CB03A-01_S3_A,2,1.0,4.790974484442252e-43
168,MSCB16,S0003-CB03A-01_S3_A,2,1.0,0.0
169,MSCB17,S0003-CB03A-01_S3_A,2,0.5,0.5
170,MSCB18,S0003-CB03A-01_S3_A,2,0.5,0.5
171,MSCB19,S0003-CB03A-01_S3_A,2,1.639018714900794e-36,1.0
172,MSCB20,S0003-CB03A-01_S3_A,2,1.0,0.0
173,MSCB21,S0003-CB03A-01_S3_A,2,0.5,0.5
174,MSCB22,S0003-CB03A-01_S3_A,2,0.5,0.5
175,MSCB23,S0003-CB03A-01_S3_A,2,0.0,0.0
176,MSCB24,S0003-CB03A-01_S3_A,2,0.5,0.5
177,MSCB25,S0003-CB03A-01_S3_A,2,0.5,0.5
178,MSCB26,S0003-CB03A-01_S3_A,2,0.5,0.5
179,MSCB27,S0003-CB03A-01_S3_A,2,0.0,1.0
180,MSCB28,S0003-CB03A-01_S3_A,2,0.5,0.5
181,MSCB29,S0003-CB03A-01_S3_A,2,0.0,0.0
182,MSCB30,S0003-CB03A-01_S3_A,2,0.0,0.0
183,MSCB31,S0003-CB03A-01_S3_A,2,1.0,0.0
184,MSCB32,S0003-CB03A-01_S3_A,2,1.0,0.0
185,MSCB33,S0003-CB03A-01_S3_A,2,0.0,0.0
186,MSCB34,S0003-CB03A-01_S3_A,2,0.0,1.0
187,MSCB35,S0003-CB03A-01_S3_A,2,0.0,0.0
188,MSCB36,S0003-CB03A-01_S3_A,2,0.5,0.5
189,MSCB37,S0003-CB03A-01_S3_A,2,0.0,1.0
190,MSCB38,S0003-CB03A-01_S3_A,2,0.0,0.0
191,MSCB01,S0003-CB03A-01_S3_B,2,0.5,0.5
192,MSCB02,S0003-CB03A-01_S3_B,2,0.0,1.0
193,MSCB03,S0003-CB03A-01_S3_B,2,0.0,1.0
194,MSCB04,S0003-CB03A-01_S3_B,2,1.0,5.1488996152516425e-31
195,MSCB05,S0003-CB03A-01_S3_B,2,0.5,0.5
196,MSCB06,S0003-CB03A-01_S3_B,2,1.0,0.0
197,MSCB07,S0003-CB03A-01_S3_B,2,0.0,0.0
198,MSCB08,S0003-CB03A-01_S3_B,2,0.0,0.0
199,MSCB09,S0003-CB03A-01_S3_B,2,0.5,0.5
200,MSCB10,S0003-CB03A-01_S3_B,2,0.0,0.0
201,MSCB11,S0003-CB03A-01_S3_B,2,0.0,0.0
202,MSCB12,S0003-CB03A-01_S3_B,2,0.5,0.5
203,MSCB13,S0003-CB03A-01_S3_B,2,0.0,0.0
204,MSCB14,S0003-CB03A-01_S3_B,2,0.5,0.5
205,MSCB15,S0003-CB03A-01_S3_B,2,1.0,1.4372923453325905e-42
206,MSCB16,S0003-CB03A-01_S3_B,2,1.0,0.0
207,MSCB17,S0003-CB03A-01_S3_B,2,0.5,0.5
208,MSCB18,S0003-CB03A-01_S3_B,2,1.0,0.0
209,MSCB19,S0003-CB03A-01_S3_B,2,2.733105785336141e-38,1.0
210,MSCB20,S0003-CB03A-01_S3_B,2,1.0,0.0
211,MSCB21,S0003-CB03A-01_S3_B,2,0.5,0.5
212,MSCB22,S0003-CB03A-01_S3_B,2,0.5,0.5
213,MSCB23,S0003-CB03A-01_S3_B,2,0.0,0.0
214,MSCB24,S0003-CB03A-01_S3_B,2,0.5,0.5
215,MSCB25,S0003-CB03A-01_S3_B,2,0.5,0.5
216,MSCB26,S0003-CB03A-01_S3_B,2,0.5,0.5
217,MSCB27,S0003-CB03A-01_S3_B,2,0.0,1.0
218,MSCB28,S0003-CB03A-01_S3_B,2,0.5,0.5
219,MSCB29,S0003-CB03A-01_S3_B,2,0.0,0.0
220,MSCB30,S0003-CB03A-01_S3_B,2,0.0,0.0
221,MSCB31,S0003-CB03A-01_S3_B,2,1.0,0.0
222,MSCB32,S0003-CB03A-01_S3_B,2,1.0,0.0
223,MSCB33,S0003-CB03A-01_S3_B,2,0.0,0.0
224,MSCB34,S0003-CB03A-01_S3_B,2,0.0,1.0
225,MSCB35,S0003-CB03A-01_S3_B,2,0.0,0.0
226,MSCB36,S0003-CB03A-01_S3_B,2,0.5,0.5
227,MSCB37,S0003-CB03A-01_S3_B,2,0.0,1.0
228,MSCB38,S0003-CB03A-01_S3_B,2,0.0,0.0
229,MSCB01,S0004-CB01A-15_S4_A,2,0.0,0.0
230,MSCB02,S0004-CB01A-15_S4_A,2,0.0,1.0
231,MSCB03,S0004-CB01A-15_S4_A,2,0.5,0.5
232,MSCB04,S0004-CB01A-15_S4_A,2,0.5,0.5
233,MSCB05,S0004-CB01A-15_S4_A,2,0.0,1.0
234,MSCB06,S0004-CB01A-15_S4_A,2,0.5,0.5
235,MSCB07,S0004-CB01A-15_S4_A,2,0.0,1.0
236,MSCB08,S0004-CB01A-15_S4_A,2,0.0,0.0
237,MSCB09,S0004-CB01A-15_S4_A,2,2.4293849026772574e-71,1.0
238,MSCB10,S0004-CB01A-15_S4_A,2,1.0,2.1775941844840826e-131
239,MSCB11,S0004-CB01A-15_S4_A,2,0.0,0.0
240,MSCB12,S0004-CB01A-15_S4_A,2,0.5,0.5
241,MSCB13,S0004-CB01A-15_S4_A,2,0.5,0.5
242,MSCB14,S0004-CB01A-15_S4_A,2,0.5,0.5
243,MSCB15,S0004-CB01A-15_S4_A,2,0.5,0.5
244,MSCB16,S0004-CB01A-15_S4_A,2,1.0,0.0
245,MSCB17,S0004-CB01A-15_S4_A,2,0.0,1.0
246,MSCB18,S0004-CB01A-15_S4_A,2,0.5,0.5
247,MSCB19,S0004-CB01A-15_S4_A,2,0.5,0.5
248,MSCB20,S0004-CB01A-15_S4_A,2,0.5,0.5
249,MSCB21,S0004-CB01A-15_S4_A,2,0.5,0.5
250,MSCB22,S0004-CB01A-15_S4_A,2,0.5,0.5
251,MSCB23,S0004-CB01A-15_S4_A,2,1.0,0.0
252,MSCB24,S0004-CB01A-15_S4_A,2,0.5,0.5
253,MSCB25,S0004-CB01A-15_S4_A,2,1.0,0.0
254,MSCB26,S0004-CB01A-15_S4_A,2,0.5,0.5
255,MSCB27,S0004-CB01A-15_S4_A,2,0.5,0.5
256,MSCB28,S0004-CB01A-15_S4_A,2,0.5,0.5
257,MSCB29,S0004-CB01A-15_S4_A,2,0.0,0.0
258,MSCB30,S0004-CB01A-15_S4_A,2,1.0,0.0
259,MSCB31,S0004-CB01A-15_S4_A,2,0.5,0.5
260,MSCB32,S0004-CB01A-15_S4_A,2,0.5,0.5
261,MSCB33,S0004-CB01A-15_S4_A,2,1.0,0.0
262,MSCB34,S0004-CB01A-15_S4_A,2,1.0,7.634203222012674e-126
263,MSCB35,S0004-CB01A-15_S4_A,2,0.0,0.0
264,MSCB36,S0004-CB01A-15_S4_A,2,0.5,0.5
265,MSCB37,S0004-CB01A-15_S4_A,2,0.5,0.5
266,MSCB38,S0004-CB01A-15_S4_A,2,0.0,1.0
267,MSCB01,S0004-CB01A-15_S4_B,2,0.0,0.0
268,MSCB02,S0004-CB01A-15_S4_B,2,0.0,1.0
269,MSCB03,S0004-CB01A-15_S4_B,2,0.5,0.5
270,MSCB04,S0004-CB01A-15_S4_B,2,0.5,0.5
271,MSCB05,S0004-CB01A-15_S4_B,2,0.0,1.0
272,MSCB06,S0004-CB01A-15_S4_B,2,0.5,0.5
273,MSCB07,S0004-CB01A-15_S4_B,2,0.0,1.0
274,MSCB08,S0004-CB01A-15_S4_B,2,0.0,0.0
275,MSCB09,S0004-CB01A-15_S4_B,2,2.513518382989439e-75,1.0
276,MSCB10,S0004-CB01A-15_S4_B,2,1.0,9.050457083949306e-133
277,MSCB11,S0004-CB01A-15_S4_B,2,0.0,0.0
278,MSCB12,S0004-CB01A-15_S4_B,2,0.5,0.5
279,MSCB13,S0004-CB01A-15_S4_B,2,0.5,0.5
280,MSCB14,S0004-CB01A-15_S4_B,2,0.5,0.5
281,MSCB15,S0004-CB01A-15_S4_B,2,0.5,0.5
282,MSCB16,S0004-CB01A-15_S4_B,2,1.0,0.0
283,MSCB17,S0004-CB01A-15_S4_B,2,0.0,1.0
284,MSCB18,S0004-CB01A-15_S4_B,2,0.5,0.5
285,MSCB19,S0004-CB01A-15_S4_B,2,0.5,0.5
286,MSCB20,S0004-CB01A-15_S4_B,2,0.5,0.5
287,MSCB21,S0004-CB01A-15_S4_B,2,0.5,0.5
288,MSCB22,S0004-CB01A-15_S4_B,2,0.5,0.5
289,MSCB23,S0004-CB01A-15_S4_B,2,1.0,0.0
290,MSCB24,S0004-CB01A-15_S4_B,2,0.5,0.5
291,MSCB25,S0004-CB01A-15_S4_B,2,1.0,0.0
292,MSCB26,S0004-CB01A-15_S4_B,2,0.5,0.5
293,MSCB27,S0004-CB01A-15_S4_B,2,0.5,0.5
294,MSCB28,S0004-CB01A-15_S4_B,2,0.5,0.5
295,MSCB29,S0004-CB01A-15_S4_B,2,0.0,0.0
296,MSCB30,S0004-CB01A-15_S4_B,2,1.0,0.0
297,MSCB31,S0004-CB01A-15_S4_B,2,0.5,0.5
298,MSCB32,S0004-CB01A-15_S4_B,2,0.5,0.5
299,MSCB33,S0004-CB01A-15_S4_B,2,1.0,0.0
300,MSCB34,S0004-CB01A-15_S4_B,2,1.0,3.670290010583468e-126
301,MSCB35,S0004-CB01A-15_S4_B,2,0.0,0.0
302,MSCB36,S0004-CB01A-15_S4_B,2,0.5,0.5
303,MSCB37,S0004-CB01A-15_S4_B,2,0.5,0.5
304,MSCB38,S0004-CB01A-15_S4_B,2,0.0,1.0
305,MSCB01,S0005-CB02B-05_S5_A,2,0.5,0.5
306,MSCB02,S0005-CB02B-05_S5_A,2,0.0,1.0
307,MSCB03,S0005-CB02B-05_S5_A,2,0.5,0.5
308,MSCB04,S0005-CB02B-05_S5_A,2,0.5,0.5
309,MSCB05,S0005-CB02B-05_S5_A,2,0.5,0.5
310,MSCB06,S0005-CB02B-05_S5_A,2,0.5,0.5
311,MSCB07,S0005-CB02B-05_S5_A,2,1.0,0.0
312,MSCB08,S0005-CB02B-05_S5_A,2,0.0,0.0
313,MSCB09,S0005-CB02B-05_S5_A,2,0.5,0.5
314,MSCB10,S0005-CB02B-05_S5_A,2,1.0,3.715809024018001e-54
315,MSCB11,S0005-CB02B-05_S5_A,2,0.0,0.0
316,MSCB12,S0005-CB02B-05_S5_A,2,0.0,1.0
317,MSCB13,S0005-CB02B-05_S5_A,2,0.5,0.5
318,MSCB14,S0005-CB02B-05_S5_A,2,0.5,0.5
319,MSCB15,S0005-CB02B-05_S5_A,2,0.5,0.5
320,MSCB16,S0005-CB02B-05_S5_A,2,0.5,0.5
321,MSCB17,S0005-CB02B-05_S5_A,2,0.5,0.5
322,MSCB18,S0005-CB02B-05_S5_A,2,1.0,0.0
323,MSCB19,S0005-CB02B-05_S5_A,2,0.5,0.5
324,MSCB20,S0005-CB02B-05_S5_A,2,0.5,0.5
325,MSCB21,S0005-CB02B-05_S5_A,2,0.5,0.5
326,MSCB22,S0005-CB02B-05_S5_A,2,0.5,0.5
327,MSCB23,S0005-CB02B-05_S5_A,2,0.0,1.0
328,MSCB24,S0005-CB02B-05_S5_A,2,0.0,1.0
329,MSCB25,S0005-CB02B-05_S5_A,2,0.5,0.5
330,MSCB26,S0005-CB02B-05_S5_A,2,0.5,0.5
331,MSCB27,S0005-CB02B-05_S5_A,2,0.0,1.0
332,MSCB28,S0005-CB02B-05_S5_A,2,0.5,0.5
333,MSCB29,S0005-CB02B-05_S5_A,2,0.5,0.5
334,MSCB30,S0005-CB02B-05_S5_A,2,1.0,0.0
335,MSCB31,S0005-CB02B-05_S5_A,2,1.0,0.0
336,MSCB32,S0005-CB02B-05_S5_A,2,0.5,0.5
337,MSCB33,S0005-CB02B-05_S5_A,2,0.0,0.0
338,MSCB34,S0005-CB02B-05_S5_A,2,0.5,0.5
339,MSCB35,S0005-CB02B-05_S5_A,2,0.0,0.0
340,MSCB36,S0005-CB02B-05_S5_A,2,0.5,0.5
341,MSCB37,S0005-CB02B-05_S5_A,2,0.5,0.5
342,MSCB38,S0005-CB02B-05_S5_A,2,0.5,0.5
343,MSCB01,S0005-CB02B-05_S5_B,2,0.5,0.5
344,MSCB02,S0005-CB02B-05_S5_B,2,0.0,1.0
345,MSCB03,S0005-CB02B-05_S5_B,2,0.5,0.5
346,MSCB04,S0005-CB02B-05_S5_B,2,0.5,0.5
347,MSCB05,S0005-CB02B-05_S5_B,2,0.5,0.5
348,MSCB06,S0005-CB02B-05_S5_B,2,0.5,0.5
349,MSCB07,S0005-CB02B-05_S5_B,2,1.0,0.0
350,MSCB08,S0005-CB02B-05_S5_B,2,0.0,0.0
351,MSCB09,S0005-CB02B-05_S5_B,2,0.5,0.5
352,MSCB10,S0005-CB02B-05_S5_B,2,1.0,6.444125125962094e-56
353,MSCB11,S0005-CB02B-05_S5_B,2,0.0,0.0
354,MSCB12,S0005-CB02B-05_S5_B,2,0.0,1.0
355,MSCB13,S0005-CB02B-05_S5_B,2,0.5,0.5
356,MSCB14,S0005-CB02B-05_S5_B,2,0.5,0.5
357,MSCB15,S0005-CB02B-05_S5_B,2,0.5,0.5
358,MSCB16,S0005-CB02B-05_S5_B,2,0.5,0.5
359,MSCB17,S0005-CB02B-05_S5_B,2,0.5,0.5
360,MSCB18,S0005-CB02B-05_S5_B,2,1.0,0.0
361,MSCB19,S0005-CB02B-05_S5_B,2,0.5,0.5
362,MSCB20,S0005-CB02B-05_S5_B,2,0.5,0.5
363,MSCB21,S0005-CB02B-05_S5_B,2,0.5,0.5
364,MSCB22,S0005-CB02B-05_S5_B,2,0.5,0.5
365,MSCB23,S0005-CB02B-05_S5_B,2,0.0,1.0
366,MSCB24,S0005-CB02B-05_S5_B,2,0.0,1.0
367,MSCB25,S0005-CB02B-05_S5_B,2,0.5,0.5
368,MSCB26,S0005-CB02B-05_S5_B,2,0.5,0.5
369,MSCB27,S0005-CB02B-05_S5_B,2,0.0,1.0
370,MSCB28,S0005-CB02B-05_S5_B,2,0.5,0.5
371,MSCB29,S0005-CB02B-05_S5_B,2,0.5,0.5
372,MSCB30,S0005-CB02B-05_S5_B,2,1.0,0.0
373,MSCB31,S0005-CB02B-05_S5_B,2,1.0,0.0
374,MSCB32,S0005-CB02B-05_S5_B,2,0.0,1.0
375,MSCB33,S0005-CB02B-05_S5_B,2,0.0,0.0
376,MSCB34,S0005-CB02B-05_S5_B,2,0.5,0.5
377,MSCB35,S0005-CB02B-05_S5_B,2,0.0,0.0
378,MSCB36,S0005-CB02B-05_S5_B,2,0.5,0.5
379,MSCB37,S0005-CB02B-05_S5_B,2,0.5,0.5
380,MSCB38,S0005-CB02B-05_S5_B,2,0.5,0.5
381,MSCB01,S0006-CB01D-01_S6_A,2,0.5,0.5
382,MSCB02,S0006-CB01D-01_S6_A,2,0.5,0.5
383,MSCB03,S0006-CB01D-01_S6_A,2,0.5,0.5
384,MSCB04,S0006-CB01D-01_S6_A,2,0.0,0.0
385,MSCB05,S0006-CB01D-01_S6_A,2,0.5,0.5
386,MSCB06,S0006-CB01D-01_S6_A,2,0.5,0.5
387,MSCB07,S0006-CB01D-01_S6_A,2,0.0,0.0
388,MSCB08,S0006-CB01D-01_S6_A,2,0.0,0.0
389,MSCB09,S0006-CB01D-01_S6_A,2,0.5,0.5
390,MSCB10,S0006-CB01D-01_S6_A,2,1.0,3.322386698596824e-49
391,MSCB11,S0006-CB01D-01_S6_A,2,0.0,0.0
392,MSCB12,S0006-CB01D-01_S6_A,2,0.5,0.5
393,MSCB13,S0006-CB01D-01_S6_A,2,1.0,0.0
394,MSCB14,S0006-CB01D-01_S6_A,2,0.5,0.5
395,MSCB15,S0006-CB01D-01_S6_A,2,2.728798300354403e-65,1.0
396,MSCB16,S0006-CB01D-01_S6_A,2,0.5,0.5
397,MSCB17,S0006-CB01D-01_S6_A,2,0.5,0.5
398,MSCB18,S0006-CB01D-01_S6_A,2,0.5,0.5
399,MSCB19,S0006-CB01D-01_S6_A,2,0.5,0.5
400,MSCB20,S0006-CB01D-01_S6_A,2,0.5,0.5
401,MSCB21,S0006-CB01D-01_S6_A,2,0.0,0.0
402,MSCB22,S0006-CB01D-01_S6_A,2,0.0,1.0
403,MSCB23,S0006-CB01D-01_S6_A,2,0.0,0.0
404,MSCB24,S0006-CB01D-01_S6_A,2,0.5,0.5
405,MSCB25,S0006-CB01D-01_S6_A,2,1.0,5.44830074686884e-63
406,MSCB26,S0006-CB01D-01_S6_A,2,0.5,0.5
407,MSCB27,S0006-CB01D-01_S6_A,2,0.5,0.5
408,MSCB28,S0006-CB01D-01_S6_A,2,0.5,0.5
409,MSCB29,S0006-CB01D-01_S6_A,2,1.0,0.0
410,MSCB30,S0006-CB01D-01_S6_A,2,0.0,0.0
411,MSCB31,S0006-CB01D-01_S6_A,2,0.0,0.0
412,MSCB32,S0006-CB01D-01_S6_A,2,0.0,0.0
413,MSCB33,S0006-CB01D-01_S6_A,2,0.0,0.0
414,MSCB34,S0006-CB01D-01_S6_A,2,0.5,0.5
415,MSCB35,S0006-CB01D-01_S6_A,2,0.0,0.0
416,MSCB36,S0006-CB01D-01_S6_A,2,0.5,0.5
417,MSCB37,S0006-CB01D-01_S6_A,2,0.5,0.5
418,MSCB38,S0006-CB01D-01_S6_A,2,0.5,0.5
419,MSCB01,S0006-CB01D-01_S6_B,2,0.5,0.5
420,MSCB02,S0006-CB01D-01_S6_B,2,0.5,0.5
421,MSCB03,S0006-CB01D-01_S6_B,2,1.0,0.0
422,MSCB04,S0006-CB01D-01_S6_B,2,0.0,0.0
423,MSCB05,S0006-CB01D-01_S6_B,2,0.5,0.5
424,MSCB06,S0006-CB01D-01_S6_B,2,0.5,0.5
425,MSCB07,S0006-CB01D-01_S6_B,2,0.0,0.0
426,MSCB08,S0006-CB01D-01_S6_B,2,0.0,0.0
427,MSCB09,S0006-CB01D-01_S6_B,2,0.5,0.5
428,MSCB10,S0006-CB01D-01_S6_B,2,1.0,9.330782083272798e-55
429,MSCB11,S0006-CB01D-01_S6_B,2,0.0,0.0
430,MSCB12,S0006-CB01D-01_S6_B,2,0.5,0.5
431,MSCB13,S0006-CB01D-01_S6_B,2,1.0,0.0
432,MSCB14,S0006-CB01D-01_S6_B,2,0.5,0.5
433,MSCB15,S0006-CB01D-01_S6_B,2,1.7168114439556781e-68,1.0
434,MSCB16,S0006-CB01D-01_S6_B,2,0.5,0.5
435,MSCB17,S0006-CB01D-01_S6_B,2,0.5,0.5
436,MSCB18,S0006-CB01D-01_S6_B,2,0.5,0.5
437,MSCB19,S0006-CB01D-01_S6_B,2,0.5,0.5
438,MSCB20,S0006-CB01D-01_S6_B,2,0.5,0.5
439,MSCB21,S0006-CB01D-01_S6_B,2,0.0,0.0
440,MSCB22,S0006-CB01D-01_S6_B,2,0.0,1.0
441,MSCB23,S0006-CB01D-01_S6_B,2,0.0,0.0
442,MSCB24,S0006-CB01D-01_S6_B,2,0.5,0.5
443,MSCB25,S0006-CB01D-01_S6_B,2,1.0,5.44830074686884e-63
444,MSCB26,S0006-CB01D-01_S6_B,2,0.5,0.5
445,MSCB27,S0006-CB01D-01_S6_B,2,0.5,0.5
446,MSCB28,S0006-CB01D-01_S6_B,2,0.5,0.5
447,MSCB29,S0006-CB01D-01_S6_B,2,1.0,0.0
448,MSCB30,S0006-CB01D-01_S6_B,2,0.0,0.0
449,MSCB31,S0006-CB01D-01_S6_B,2,0.0,0.0
450,MSCB32,S0006-CB01D-01_S6_B,2,0.0,0.0
451,MSCB33,S0006-CB01D-01_S6_B,2,0.0,0.0
452,MSCB34,S0006-CB01D-01_S6_B,2,0.5,0.5
453,MSCB35,S0006-CB01D-01_S6_B,2,0.0,0.0
454,MSCB36,S0006-CB01D-01_S6_B,2,0.5,0.5
455,MSCB37,S0006-CB01D-01_S6_B,2,0.5,0.5
456,MSCB38,S0006-CB01D-01_S6_B,2,0.5,0.5
457,MSCB01,S0007-CB03A-10_S7_A,2,0.0,0.0
458,MSCB02,S0007-CB03A-10_S7_A,2,0.5,0.5
459,MSCB03,S0007-CB03A-10_S7_A,2,0.5,0.5
460,MSCB04,S0007-CB03A-10_S7_A,2,0.0,0.0
461,MSCB05,S0007-CB03A-10_S7_A,2,1.3847736288153095e-27,1.0
462,MSCB06,S0007-CB03A-10_S7_A,2,0.5,0.5
463,MSCB07,S0007-CB03A-10_S7_A,2,0.0,0.0
464,MSCB08,S0007-CB03A-10_S7_A,2,0.0,0.0
465,MSCB09,S0007-CB03A-10_S7_A,2,0.0,1.0
466,MSCB10,S0007-CB03A-10_S7_A,2,0.5,0.5
467,MSCB11,S0007-CB03A-10_S7_A,2,0.0,0.0
468,MSCB12,S0007-CB03A-10_S7_A,2,0.5,0.5
469,MSCB13,S0007-CB03A-10_S7_A,2,1.0,0.0
470,MSCB14,S0007-CB03A-10_S7_A,2,0.5,0.5
471,MSCB15,S0007-CB03A-10_S7_A,2,0.5,0.5
472,MSCB16,S0007-CB03A-10_S7_A,2,1.0,0.0
473,MSCB17,S0007-CB03A-10_S7_A,2,0.5,0.5
474,MSCB18,S0007-CB03A-10_S7_A,2,1.0,0.0
475,MSCB19,S0007-CB03A-10_S7_A,2,4.329859129693507e-143,1.0
476,MSCB20,S0007-CB03A-10_S7_A,2,0.5,0.5
477,MSCB21,S0007-CB03A-10_S7_A,2,0.5,0.5
478,MSCB22,S0007-CB03A-10_S7_A,2,0.0,0.0
479,MSCB23,S0007-CB03A-10_S7_A,2,0.0,0.0
480,MSCB24,S0007-CB03A-10_S7_A,2,0.0,1.0
481,MSCB25,S0007-CB03A-10_S7_A,2,0.0,0.0
482,MSCB26,S0007-CB03A-10_S7_A,2,0.5,0.5
483,MSCB27,S0007-CB03A-10_S7_A,2,0.5,0.5
484,MSCB28,S0007-CB03A-10_S7_A,2,0.5,0.5
485,MSCB29,S0007-CB03A-10_S7_A,2,0.0,0.0
486,MSCB30,S0007-CB03A-10_S7_A,2,0.5,0.5
487,MSCB31,S0007-CB03A-10_S7_A,2,0.0,0.0
488,MSCB32,S0007-CB03A-10_S7_A,2,0.0,0.0
489,MSCB33,S0007-CB03A-10_S7_A,2,0.0,0.0
490,MSCB34,S0007-CB03A-10_S7_A,2,0.5,0.5
491,MSCB35,S0007-CB03A-10_S7_A,2,0.0,0.0
492,MSCB36,S0007-CB03A-10_S7_A,2,0.5,0.5
493,MSCB37,S0007-CB03A-10_S7_A,2,0.0,1.0
494,MSCB38,S0007-CB03A-10_S7_A,2,0.5,0.5
495,MSCB01,S0007-CB03A-10_S7_B,2,0.0,0.0
496,MSCB02,S0007-CB03A-10_S7_B,2,0.0,1.0
497,MSCB03,S0007-CB03A-10_S7_B,2,0.5,0.5
498,MSCB04,S0007-CB03A-10_S7_B,2,0.0,0.0
499,MSCB05,S0007-CB03A-10_S7_B,2,0.5,0.5
500,MSCB06,S0007-CB03A-10_S7_B,2,0.0,1.0
501,MSCB07,S0007-CB03A-10_S7_B,2,0.0,0.0
502,MSCB08,S0007-CB03A-10_S7_B,2,0.0,0.0
503,MSCB09,S0007-CB03A-10_S7_B,2,0.0,0.0
504,MSCB10,S0007-CB03A-10_S7_B,2,6.445934411279992e-148,1.0
505,MSCB11,S0007-CB03A-10_S7_B,2,0.0,0.0
506,MSCB12,S0007-CB03A-10_S7_B,2,0.5,0.5
507,MSCB13,S0007-CB03A-10_S7_B,2,1.0,0.0
508,MSCB14,S0007-CB03A-10_S7_B,2,0.5,0.5
509,MSCB15,S0007-CB03A-10_S7_B,2,0.5,0.5
510,MSCB16,S0007-CB03A-10_S7_B,2,1.0,0.0
511,MSCB17,S0007-CB03A-10_S7_B,2,0.5,0.5
512,MSCB18,S0007-CB03A-10_S7_B,2,1.0,0.0
513,MSCB19,S0007-CB03A-10_S7_B,2,1.0270872846967393e-184,1.0
514,MSCB20,S0007-CB03A-10_S7_B,2,0.5,0.5
515,MSCB21,S0007-CB03A-10_S7_B,2,1.0,0.0
516,MSCB22,S0007-CB03A-10_S7_B,2,0.0,0.0
517,MSCB23,S0007-CB03A-10_S7_B,2,0.5,0.5
518,MSCB24,S0007-CB03A-10_S7_B,2,0.0,1.0
519,MSCB25,S0007-CB03A-10_S7_B,2,0.0,0.0
520,MSCB26,S0007-CB03A-10_S7_B,2,0.5,0.5
521,MSCB27,S0007-CB03A-10_S7_B,2,0.5,0.5
522,MSCB28,S0007-CB03A-10_S7_B,2,0.5,0.5
523,MSCB29,S0007-CB03A-10_S7_B,2,0.0,0.0
524,MSCB30,S0007-CB03A-10_S7_B,2,0.5,0.5
525,MSCB31,S0007-CB03A-10_S7_B,2,0.0,0.0
526,MSCB32,S0007-CB03A-10_S7_B,2,0.0,0.0
527,MSCB33,S0007-CB03A-10_S7_B,2,0.0,0.0
528,MSCB34,S0007-CB03A-10_S7_B,2,0.5,0.5
529,MSCB35,S0007-CB03A-10_S7_B,2,0.0,0.0
530,MSCB36,S0007-CB03A-10_S7_B,2,0.5,0.5
531,MSCB37,S0007-CB03A-10_S7_B,2,0.0,1.0
532,MSCB38,S0007-CB03A-10_S7_B,2,0.5,0.5
533,MSCB01,S0008-CB04B-25_S8_A,2,0.0,0.0
534,MSCB02,S0008-CB04B-25_S8_A,2,0.0,1.0
535,MSCB03,S0008-CB04B-25_S8_A,2,0.0,0.0
536,MSCB04,S0008-CB04B-25_S8_A,2,1.1493520755251076e-77,1.0
537,MSCB05,S0008-CB04B-25_S8_A,2,0.5,0.5
538,MSCB06,S0008-CB04B-25_S8_A,2,0.5,0.5
539,MSCB07,S0008-CB04B-25_S8_A,2,0.0,0.0
540,MSCB08,S0008-CB04B-25_S8_A,2,0.0,0.0
541,MSCB09,S0008-CB04B-25_S8_A,2,0.5,0.5
542,MSCB10,S0008-CB04B-25_S8_A,2,1.0,1.9002693027657173e-126
543,MSCB11,S0008-CB04B-25_S8_A,2,0.0,0.0
544,MSCB12,S0008-CB04B-25_S8_A,2,0.0,1.0
545,MSCB13,S0008-CB04B-25_S8_A,2,0.5,0.5
546,MSCB14,S0008-CB04B-25_S8_A,2,0.5,0.5
547,MSCB15,S0008-CB04B-25_S8_A,2,0.5,0.5
548,MSCB16,S0008-CB04B-25_S8_A,2,1.0,0.0
549,MSCB17,S0008-CB04B-25_S8_A,2,0.0,1.0
550,MSCB18,S0008-CB04B-25_S8_A,2,1.0,0.0
551,MSCB19,S0008-CB04B-25_S8_A,2,0.0,1.0
552,MSCB20,S0008-CB04B-25_S8_A,2,0.5,0.5
553,MSCB21,S0008-CB04B-25_S8_A,2,0.5,0.5
554,MSCB22,S0008-CB04B-25_S8_A,2,0.5,0.5
555,MSCB23,S0008-CB04B-25_S8_A,2,0.0,0.0
556,MSCB24,S0008-CB04B-25_S8_A,2,0.5,0.5
557,MSCB25,S0008-CB04B-25_S8_A,2,0.0,0.0
558,MSCB26,S0008-CB04B-25_S8_A,2,0.0,1.0
559,MSCB27,S0008-CB04B-25_S8_A,2,0.0,1.0
560,MSCB28,S0008-CB04B-25_S8_A,2,0.5,0.5
561,MSCB29,S0008-CB04B-25_S8_A,2,0.0,0.0
562,MSCB30,S0008-CB04B-25_S8_A,2,0.0,0.0
563,MSCB31,S0008-CB04B-25_S8_A,2,0.0,0.0
564,MSCB32,S0008-CB04B-25_S8_A,2,1.0,0.0
565,MSCB33,S0008-CB04B-25_S8_A,2,0.0,0.0
566,MSCB34,S0008-CB04B-25_S8_A,2,0.5,0.5
567,MSCB35,S0008-CB04B-25_S8_A,2,0.0,0.0
568,MSCB36,S0008-CB04B-25_S8_A,2,0.5,0.5
569,MSCB37,S0008-CB04B-25_S8_A,2,3.0451285926781206e-87,1.0
570,MSCB38,S0008-CB04B-25_S8_A,2,0.5,0.5
571,MSCB01,S0008-CB04B-25_S8_B,2,0.0,0.0
572,MSCB02,S0008-CB04B-25_S8_B,2,0.0,1.0
573,MSCB03,S0008-CB04B-25_S8_B,2,0.0,0.0
574,MSCB04,S0008-CB04B-25_S8_B,2,8.068468405081831e-124,1.0
575,MSCB05,S0008-CB04B-25_S8_B,2,0.5,0.5
576,MSCB06,S0008-CB04B-25_S8_B,2,0.5,0.5
577,MSCB07,S0008-CB04B-25_S8_B,2,0.0,0.0
578,MSCB08,S0008-CB04B-25_S8_B,2,0.0,0.0
579,MSCB09,S0008-CB04B-25_S8_B,2,0.5,0.5
580,MSCB10,S0008-CB04B-25_S8_B,2,1.0,6.125430983881559e-132
581,MSCB11,S0008-CB04B-25_S8_B,2,0.0,0.0
582,MSCB12,S0008-CB04B-25_S8_B,2,0.0,1.0
583,MSCB13,S0008-CB04B-25_S8_B,2,0.5,0.5
584,MSCB14,S0008-CB04B-25_S8_B,2,0.5,0.5
585,MSCB15,S0008-CB04B-25_S8_B,2,1.0,0.0
586,MSCB16,S0008-CB04B-25_S8_B,2,1.0,0.0
587,MSCB17,S0008-CB04B-25_S8_B,2,0.0,1.0
588,MSCB18,S0008-CB04B-25_S8_B,2,1.0,0.0
589,MSCB19,S0008-CB04B-25_S8_B,2,0.0,1.0
590,MSCB20,S0008-CB04B-25_S8_B,2,0.5,0.5
591,MSCB21,S0008-CB04B-25_S8_B,2,0.5,0.5
592,MSCB22,S0008-CB04B-25_S8_B,2,0.5,0.5
593,MSCB23,S0008-CB04B-25_S8_B,2,0.0,0.0
594,MSCB24,S0008-CB04B-25_S8_B,2,0.5,0.5
595,MSCB25,S0008-CB04B-25_S8_B,2,0.0,0.0
596,MSCB26,S0008-CB04B-25_S8_B,2,0.0,1.0
597,MSCB27,S0008-CB04B-25_S8_B,2,0.0,1.0
598,MSCB28,S0008-CB04B-25_S8_B,2,0.5,0.5
599,MSCB29,S0008-CB04B-25_S8_B,2,0.0,0.0
600,MSCB30,S0008-CB04B-25_S8_B,2,0.0,0.0
601,MSCB31,S0008-CB04B-25_S8_B,2,0.0,0.0
602,MSCB32,S0008-CB04B-25_S8_B,2,1.0,0.0
603,MSCB33,S0008-CB04B-25_S8_B,2,0.0,0.0
604,MSCB34,S0008-CB04B-25_S8_B,2,0.5,0.5
605,MSCB35,S0008-CB04B-25_S8_B,2,0.0,0.0
606,MSCB36,S0008-CB04B-25_S8_B,2,0.5,0.5
607,MSCB37,S0008-CB04B-25_S8_B,2,1.4868630660896327e-88,1.0
608,MSCB38,S0008-CB04B-25_S8_B,2,0.5,0.5
609,MSCB01,S0009-CB02B-08_S9_A,2,0.5,0.5
610,MSCB02,S0009-CB02B-08_S9_A,2,1.0,7.034420020312082e-38
611,MSCB03,S0009-CB02B-08_S9_A,2,0.0,0.0
612,MSCB04,S0009-CB02B-08_S9_A,2,0.999999999999925,7.514873339277115e-14
613,MSCB05,S0009-CB02B-08_S9_A,2,0.5,0.5
614,MSCB06,S0009-CB02B-08_S9_A,2,0.0,0.0
615,MSCB07,S0009-CB02B-08_S9_A,2,1.0,0.0
616,MSCB08,S0009-CB02B-08_S9_A,2,0.0,0.0
617,MSCB09,S0009-CB02B-08_S9_A,2,0.5,0.5
618,MSCB10,S0009-CB02B-08_S9_A,2,1.0,0.0
619,MSCB11,S0009-CB02B-08_S9_A,2,0.0,0.0
620,MSCB12,S0009-CB02B-08_S9_A,2,0.5,0.5
621,MSCB13,S0009-CB02B-08_S9_A,2,0.5,0.5
622,MSCB14,S0009-CB02B-08_S9_A,2,0.5,0.5
623,MSCB15,S0009-CB02B-08_S9_A,2,1.0,0.0
624,MSCB16,S0009-CB02B-08_S9_A,2,0.0,0.0
625,MSCB17,S0009-CB02B-08_S9_A,2,0.5,0.5
626,MSCB18,S0009-CB02B-08_S9_A,2,1.0,0.0
627,MSCB19,S0009-CB02B-08_S9_A,2,0.5,0.5
628,MSCB20,S0009-CB02B-08_S9_A,2,0.0,1.0
629,MSCB21,S0009-CB02B-08_S9_A,2,0.5,0.5
630,MSCB22,S0009-CB02B-08_S9_A,2,0.5,0.5
631,MSCB23,S0009-CB02B-08_S9_A,2,0.0,0.0
632,MSCB24,S0009-CB02B-08_S9_A,2,1.0,0.0
633,MSCB25,S0009-CB02B-08_S9_A,2,0.0,0.0
634,MSCB26,S0009-CB02B-08_S9_A,2,1.0,8.991252529117164e-64
635,MSCB27,S0009-CB02B-08_S9_A,2,3.307654599058843e-82,1.0
636,MSCB28,S0009-CB02B-08_S9_A,2,0.5,0.5
637,MSCB29,S0009-CB02B-08_S9_A,2,0.0,0.0
638,MSCB30,S0009-CB02B-08_S9_A,2,0.0,1.0
639,MSCB31,S0009-CB02B-08_S9_A,2,0.5,0.5
640,MSCB32,S0009-CB02B-08_S9_A,2,0.5,0.5
641,MSCB33,S0009-CB02B-08_S9_A,2,0.0,0.0
642,MSCB34,S0009-CB02B-08_S9_A,2,0.0,1.0
643,MSCB35,S0009-CB02B-08_S9_A,2,0.0,0.0
644,MSCB36,S0009-CB02B-08_S9_A,2,0.5,0.5
645,MSCB37,S0009-CB02B-08_S9_A,2,0.5,0.5
646,MSCB38,S0009-CB02B-08_S9_A,2,0.5,0.5
647,MSCB01,S0009-CB02B-08_S9_B,2,0.0,0.0
648,MSCB02,S0009-CB02B-08_S9_B,2,0.5,0.5
649,MSCB03,S0009-CB02B-08_S9_B,2,0.0,0.0
650,MSCB04,S0009-CB02B-08_S9_B,2,0.0029932540479771733,0.9970067459520228
651,MSCB05,S0009-CB02B-08_S9_B,2,0.5,0.5
652,MSCB06,S0009-CB02B-08_S9_B,2,0.0,0.0
653,MSCB07,S0009-CB02B-08_S9_B,2,1.0,0.0
654,MSCB08,S0009-CB02B-08_S9_B,2,0.0,0.0
655,MSCB09,S0009-CB02B-08_S9_B,2,0.0,0.0
656,MSCB10,S0009-CB02B-08_S9_B,2,1.0,0.0
657,MSCB11,S0009-CB02B-08_S9_B,2,0.0,0.0
658,MSCB12,S0009-CB02B-08_S9_B,2,0.5,0.5
659,MSCB13,S0009-CB02B-08_S9_B,2,0.0,0.0
660,MSCB14,S0009-CB02B-08_S9_B,2,0.5,0.5
661,MSCB15,S0009-CB02B-08_S9_B,2,1.0,0.0
662,MSCB16,S0009-CB02B-08_S9_B,2,0.0,0.0
663,MSCB17,S0009-CB02B-08_S9_B,2,0.5,0.5
664,MSCB18,S0009-CB02B-08_S9_B,2,1.0,0.0
665,MSCB19,S0009-CB02B-08_S9_B,2,0.5,0.5
666,MSCB20,S0009-CB02B-08_S9_B,2,0.0,1.0
667,MSCB21,S0009-CB02B-08_S9_B,2,0.5,0.5
668,MSCB22,S0009-CB02B-08_S9_B,2,0.5,0.5
669,MSCB23,S0009-CB02B-08_S9_B,2,0.0,0.0
670,MSCB24,S0009-CB02B-08_S9_B,2,1.0,0.0
671,MSCB25,S0009-CB02B-08_S9_B,2,0.0,0.0
672,MSCB26,S0009-CB02B-08_S9_B,2,1.0,1.806910399636079e-58
673,MSCB27,S0009-CB02B-08_S9_B,2,8.952231740421277e-87,1.0
674,MSCB28,S0009-CB02B-08_S9_B,2,0.5,0.5
675,MSCB29,S0009-CB02B-08_S9_B,2,0.0,0.0
676,MSCB30,S0009-CB02B-08_S9_B,2,0.0,1.0
677,MSCB31,S0009-CB02B-08_S9_B,2,0.5,0.5
678,MSCB32,S0009-CB02B-08_S9_B,2,0.5,0.5
679,MSCB33,S0009-CB02B-08_S9_B,2,0.0,0.0
680,MSCB34,S0009-CB02B-08_S9_B,2,0.0,1.0
681,MSCB35,S0009-CB02B-08_S9_B,2,0.0,0.0
682,MSCB36,S0009-CB02B-08_S9_B,2,0.5,0.5
683,MSCB37,S0009-CB02B-08_S9_B,2,0.5,0.5
684,MSCB38,S0009-CB02B-08_S9_B,2,0.5,0.5
685,MSCB01,S0010-CB02B-03_S10_A,2,0.0,0.0
686,MSCB02,S0010-CB02B-03_S10_A,2,7.240574712083275e-117,1.0
687,MSCB03,S0010-CB02B-03_S10_A,2,0.0,0.0
688,MSCB04,S0010-CB02B-03_S10_A,2,1.0,0.0
689,MSCB05,S0010-CB02B-03_S10_A,2,0.5,0.5
690,MSCB06,S0010-CB02B-03_S10_A,2,1.0,0.0
691,MSCB07,S0010-CB02B-03_S10_A,2,0.0,0.0
692,MSCB08,S0010-CB02B-03_S10_A,2,0.0,0.0
693,MSCB09,S0010-CB02B-03_S10_A,2,0.5,0.5
694,MSCB10,S0010-CB02B-03_S10_A,2,0.0,0.0
695,MSCB11,S0010-CB02B-03_S10_A,2,0.0,0.0
696,MSCB12,S0010-CB02B-03_S10_A,2,0.5,0.5
697,MSCB13,S0010-CB02B-03_S10_A,2,0.0,0.0
698,MSCB14,S0010-CB02B-03_S10_A,2,0.5,0.5
699,MSCB15,S0010-CB02B-03_S10_A,2,0.5,0.5
700,MSCB16,S0010-CB02B-03_S10_A,2,0.5,0.5
701,MSCB17,S0010-CB02B-03_S10_A,2,0.5,0.5
702,MSCB18,S0010-CB02B-03_S10_A,2,1.0,0.0
703,MSCB19,S0010-CB02B-03_S10_A,2,0.0,1.0
704,MSCB20,S0010-CB02B-03_S10_A,2,0.5,0.5
705,MSCB21,S0010-CB02B-03_S10_A,2,0.5,0.5
706,MSCB22,S0010-CB02B-03_S10_A,2,0.5,0.5
707,MSCB23,S0010-CB02B-03_S10_A,2,0.0,0.0
708,MSCB24,S0010-CB02B-03_S10_A,2,0.5,0.5
709,MSCB25,S0010-CB02B-03_S10_A,2,0.0,0.0
710,MSCB26,S0010-CB02B-03_S10_A,2,0.5,0.5
711,MSCB27,S0010-CB02B-03_S10_A,2,0.0,1.0
712,MSCB28,S0010-CB02B-03_S10_A,2,0.5,0.5
713,MSCB29,S0010-CB02B-03_S10_A,2,1.0,0.0
714,MSCB30,S0010-CB02B-03_S10_A,2,0.0,0.0
715,MSCB31,S0010-CB02B-03_S10_A,2,0.5,0.5
716,MSCB32,S0010-CB02B-03_S10_A,2,0.0,0.0
717,MSCB33,S0010-CB02B-03_S10_A,2,0.0,0.0
718,MSCB34,S0010-CB02B-03_S10_A,2,0.5,0.5
719,MSCB35,S0010-CB02B-03_S10_A,2,0.0,0.0
720,MSCB36,S0010-CB02B-03_S10_A,2,0.5,0.5
721,MSCB37,S0010-CB02B-03_S10_A,2,0.5,0.5
722,MSCB38,S0010-CB02B-03_S10_A,2,0.5,0.5
723,MSCB01,S0010-CB02B-03_S10_B,2,0.0,0.0
724,MSCB02,S0010-CB02B-03_S10_B,2,1.2480622623462722e-113,1.0
725,MSCB03,S0010-CB02B-03_S10_B,2,0.0,0.0
726,MSCB04,S0010-CB02B-03_S10_B,2,1.0,0.0
727,MSCB05,S0010-CB02B-03_S10_B,2,0.5,0.5
728,MSCB06,S0010-CB02B-03_S10_B,2,1.0,0.0
729,MSCB07,S0010-CB02B-03_S10_B,2,0.0,0.0
730,MSCB08,S0010-CB02B-03_S10_B,2,0.0,0.0
731,MSCB09,S0010-CB02B-03_S10_B,2,0.0,0.0
732,MSCB10,S0010-CB02B-03_S10_B,2,0.0,0.0
733,MSCB11,S0010-CB02B-03_S10_B,2,0.0,0.0
734,MSCB12,S0010-CB02B-03_S10_B,2,0.5,0.5
735,MSCB13,S0010-CB02B-03_S10_B,2,0.0,0.0
736,MSCB14,S0010-CB02B-03_S10_B,2,0.5,0.5
737,MSCB15,S0010-CB02B-03_S10_B,2,0.5,0.5
738,MSCB16,S0010-CB02B-03_S10_B,2,0.5,0.5
739,MSCB17,S0010-CB02B-03_S10_B,2,0.5,0.5
740,MSCB18,S0010-CB02B-03_S10_B,2,1.0,0.0
741,MSCB19,S0010-CB02B-03_S10_B,2,0.5,0.5
742,MSCB20,S0010-CB02B-03_S10_B,2,0.5,0.5
743,MSCB21,S0010-CB02B-03_S10_B,2,0.5,0.5
744,MSCB22,S0010-CB02B-03_S10_B,2,0.5,0.5
745,MSCB23,S0010-CB02B-03_S10_B,2,0.0,0.0
746,MSCB24,S0010-CB02B-03_S10_B,2,0.5,0.5
747,MSCB25,S0010-CB02B-03_S10_B,2,0.0,0.0
748,MSCB26,S0010-CB02B-03_S10_B,2,0.5,0.5
749,MSCB27,S0010-CB02B-03_S10_B,2,0.0,1.0
750,MSCB28,S0010-CB02B-03_S10_B,2,0.5,0.5
751,MSCB29,S0010-CB02B-03_S10_B,2,0.5,0.5
752,MSCB30,S0010-CB02B-03_S10_B,2,0.0,0.0
753,MSCB31,S0010-CB02B-03_S10_B,2,0.5,0.5
754,MSCB32,S0010-CB02B-03_S10_B,2,0.0,0.0
755,MSCB33,S0010-CB02B-03_S10_B,2,0.0,0.0
756,MSCB34,S0010-CB02B-03_S10_B,2,0.5,0.5
757,MSCB35,S0010-CB02B-03_S10_B,2,0.0,0.0
758,MSCB36,S0010-CB02B-03_S10_B,2,0.5,0.5
759,MSCB37,S0010-CB02B-03_S10_B,2,0.5,0.5
760,MSCB38,S0010-CB02B-03_S10_B,2,0.5,0.5
761,MSCB01,S0011-CB03A-05_S11_A,2,0.0,0.0
762,MSCB02,S0011-CB03A-05_S11_A,2,0.0,1.0
763,MSCB03,S0011-CB03A-05_S11_A,2,0.0,0.0
764,MSCB04,S0011-CB03A-05_S11_A,2,0.5,0.5
765,MSCB05,S0011-CB03A-05_S11_A,2,1.0,1.9515895845529327e-133
766,MSCB06,S0011-CB03A-05_S11_A,2,0.0,1.0
767,MSCB07,S0011-CB03A-05_S11_A,2,0.0,0.0
768,MSCB08,S0011-CB03A-05_S11_A,2,0.0,0.0
769,MSCB09,S0011-CB03A-05_S11_A,2,0.0,1.0
770,MSCB10,S0011-CB03A-05_S11_A,2,0.5,0.5
771,MSCB11,S0011-CB03A-05_S11_A,2,0.0,0.0
772,MSCB12,S0011-CB03A-05_S11_A,2,0.5,0.5
773,MSCB13,S0011-CB03A-05_S11_A,2,0.0,1.0
774,MSCB14,S0011-CB03A-05_S11_A,2,0.5,0.5
775,MSCB15,S0011-CB03A-05_S11_A,2,3.1206316089458164e-102,1.0
776,MSCB16,S0011-CB03A-05_S11_A,2,1.0,0.0
777,MSCB17,S0011-CB03A-05_S11_A,2,0.5,0.5
778,MSCB18,S0011-CB03A-05_S11_A,2,1.0,0.0
779,MSCB19,S0011-CB03A-05_S11_A,2,0.5,0.5
780,MSCB20,S0011-CB03A-05_S11_A,2,0.5,0.5
781,MSCB21,S0011-CB03A-05_S11_A,2,0.5,0.5
782,MSCB22,S0011-CB03A-05_S11_A,2,0.0,1.0
783,MSCB23,S0011-CB03A-05_S11_A,2,0.0,0.0
784,MSCB24,S0011-CB03A-05_S11_A,2,0.5,0.5
785,MSCB25,S0011-CB03A-05_S11_A,2,0.0,0.0
786,MSCB26,S0011-CB03A-05_S11_A,2,0.5,0.5
787,MSCB27,S0011-CB03A-05_S11_A,2,0.5,0.5
788,MSCB28,S0011-CB03A-05_S11_A,2,0.5,0.5
789,MSCB29,S0011-CB03A-05_S11_A,2,0.0,0.0
790,MSCB30,S0011-CB03A-05_S11_A,2,0.0,0.0
791,MSCB31,S0011-CB03A-05_S11_A,2,0.0,1.0
792,MSCB32,S0011-CB03A-05_S11_A,2,0.0,1.0
793,MSCB33,S0011-CB03A-05_S11_A,2,0.0,0.0
794,MSCB34,S0011-CB03A-05_S11_A,2,1.0,6.319621442318683e-197
795,MSCB35,S0011-CB03A-05_S11_A,2,0.0,0.0
796,MSCB36,S0011-CB03A-05_S11_A,2,0.5,0.5
797,MSCB37,S0011-CB03A-05_S11_A,2,2.6070949321789395e-100,1.0
798,MSCB38,S0011-CB03A-05_S11_A,2,0.5,0.5
799,MSCB01,S0011-CB03A-05_S11_B,2,0.0,0.0
800,MSCB02,S0011-CB03A-05_S11_B,2,0.5,0.5
801,MSCB03,S0011-CB03A-05_S11_B,2,0.0,0.0
802,MSCB04,S0011-CB03A-05_S11_B,2,1.0,4.3493723667031376e-36
803,MSCB05,S0011-CB03A-05_S11_B,2,1.0,2.066544401190093e-128
804,MSCB06,S0011-CB03A-05_S11_B,2,0.0,1.0
805,MSCB07,S0011-CB03A-05_S11_B,2,0.0,0.0
806,MSCB08,S0011-CB03A-05_S11_B,2,0.0,0.0
807,MSCB09,S0011-CB03A-05_S11_B,2,0.0,1.0
808,MSCB10,S0011-CB03A-05_S11_B,2,0.5,0.5
809,MSCB11,S0011-CB03A-05_S11_B,2,0.0,0.0
810,MSCB12,S0011-CB03A-05_S11_B,2,0.5,0.5
811,MSCB13,S0011-CB03A-05_S11_B,2,0.0,1.0
812,MSCB14,S0011-CB03A-05_S11_B,2,0.5,0.5
813,MSCB15,S0011-CB03A-05_S11_B,2,1.4251375089117905e-124,1.0
814,MSCB16,S0011-CB03A-05_S11_B,2,1.0,0.0
815,MSCB17,S0011-CB03A-05_S11_B,2,0.0,1.0
816,MSCB18,S0011-CB03A-05_S11_B,2,1.0,0.0
817,MSCB19,S0011-CB03A-05_S11_B,2,0.5,0.5
818,MSCB20,S0011-CB03A-05_S11_B,2,0.5,0.5
819,MSCB21,S0011-CB03A-05_S11_B,2,0.5,0.5
820,MSCB22,S0011-CB03A-05_S11_B,2,0.0,1.0
821,MSCB23,S0011-CB03A-05_S11_B,2,0.0,0.0
822,MSCB24,S0011-CB03A-05_S11_B,2,0.5,0.5
823,MSCB25,S0011-CB03A-05_S11_B,2,1.0,0.0
824,MSCB26,S0011-CB03A-05_S11_B,2,0.5,0.5
825,MSCB27,S0011-CB03A-05_S11_B,2,0.5,0.5
826,MSCB28,S0011-CB03A-05_S11_B,2,0.5,0.5
827,MSCB29,S0011-CB03A-05_S11_B,2,0.0,0.0
828,MSCB30,S0011-CB03A-05_S11_B,2,0.0,0.0
829,MSCB31,S0011-CB03A-05_S11_B,2,0.0,1.0
830,MSCB32,S0011-CB03A-05_S11_B,2,0.0,1.0
831,MSCB33,S0011-CB03A-05_S11_B,2,0.0,0.0
832,MSCB34,S0011-CB03A-05_S11_B,2,1.0,0.0
833,MSCB35,S0011-CB03A-05_S11_B,2,0.0,0.0
834,MSCB36,S0011-CB03A-05_S11_B,2,0.5,0.5
835,MSCB37,S0011-CB03A-05_S11_B,2,4.569593767577912e-87,1.0
836,MSCB38,S0011-CB03A-05_S11_B,2,0.5,0.5
837,MSCB01,S0012-CB01C-02_S12_A,2,0.0,0.0
838,MSCB02,S0012-CB01C-02_S12_A,2,0.5,0.5
839,MSCB03,S0012-CB01C-02_S12_A,2,0.5,0.5
840,MSCB04,S0012-CB01C-02_S12_A,2,0.5,0.5
841,MSCB05,S0012-CB01C-02_S12_A,2,0.5,0.5
842,MSCB06,S0012-CB01C-02_S12_A,2,0.0,1.0
843,MSCB07,S0012-CB01C-02_S12_A,2,0.0,0.0
844,MSCB08,S0012-CB01C-02_S12_A,2,0.0,0.0
845,MSCB09,S0012-CB01C-02_S12_A,2,0.5,0.5
846,MSCB10,S0012-CB01C-02_S12_A,2,4.5587262616276464e-20,1.0
847,MSCB11,S0012-CB01C-02_S12_A,2,0.0,0.0
848,MSCB12,S0012-CB01C-02_S12_A,2,0.0,1.0
849,MSCB13,S0012-CB01C-02_S12_A,2,0.0,1.0
850,MSCB14,S0012-CB01C-02_S12_A,2,0.5,0.5
851,MSCB15,S0012-CB01C-02_S12_A,2,0.0,1.0
852,MSCB16,S0012-CB01C-02_S12_A,2,1.0,0.0
853,MSCB17,S0012-CB01C-02_S12_A,2,0.5,0.5
854,MSCB18,S0012-CB01C-02_S12_A,2,0.0,1.0
855,MSCB19,S0012-CB01C-02_S12_A,2,0.5,0.5
856,MSCB20,S0012-CB01C-02_S12_A,2,0.5,0.5
857,MSCB21,S0012-CB01C-02_S12_A,2,0.5,0.5
858,MSCB22,S0012-CB01C-02_S12_A,2,0.0,1.0
859,MSCB23,S0012-CB01C-02_S12_A,2,0.0,0.0
860,MSCB24,S0012-CB01C-02_S12_A,2,0.0,1.0
861,MSCB25,S0012-CB01C-02_S12_A,2,0.0,0.0
862,MSCB26,S0012-CB01C-02_S12_A,2,0.0,1.0
863,MSCB27,S0012-CB01C-02_S12_A,2,0.5,0.5
864,MSCB28,S0012-CB01C-02_S12_A,2,0.5,0.5
865,MSCB29,S0012-CB01C-02_S12_A,2,0.0,0.0
866,MSCB30,S0012-CB01C-02_S12_A,2,0.0,0.0
867,MSCB31,S0012-CB01C-02_S12_A,2,0.0,0.0
868,MSCB32,S0012-CB01C-02_S12_A,2,0.5,0.5
869,MSCB33,S0012-CB01C-02_S12_A,2,0.0,0.0
870,MSCB34,S0012-CB01C-02_S12_A,2,0.5,0.5
871,MSCB35,S0012-CB01C-02_S12_A,2,0.0,0.0
872,MSCB36,S0012-CB01C-02_S12_A,2,0.5,0.5
873,MSCB37,S0012-CB01C-02_S12_A,2,0.5,0.5
874,MSCB38,S0012-CB01C-02_S12_A,2,0.5,0.5
875,MSCB01,S0012-CB01C-02_S12_B,2,0.0,0.0
876,MSCB02,S0012-CB01C-02_S12_B,2,0.5,0.5
877,MSCB03,S0012-CB01C-02_S12_B,2,0.5,0.5
878,MSCB04,S0012-CB01C-02_S12_B,2,1.0,9.915790285358362e-64
879,MSCB05,S0012-CB01C-02_S12_B,2,0.5,0.5
880,MSCB06,S0012-CB01C-02_S12_B,2,0.0,1.0
881,MSCB07,S0012-CB01C-02_S12_B,2,0.0,0.0
882,MSCB08,S0012-CB01C-02_S12_B,2,0.0,0.0
883,MSCB09,S0012-CB01C-02_S12_B,2,0.5,0.5
884,MSCB10,S0012-CB01C-02_S12_B,2,1.0,0.0
885,MSCB11,S0012-CB01C-02_S12_B,2,0.0,0.0
886,MSCB12,S0012-CB01C-02_S12_B,2,0.0,1.0
887,MSCB13,S0012-CB01C-02_S12_B,2,1.0,0.0
888,MSCB14,S0012-CB01C-02_S12_B,2,0.5,0.5
889,MSCB15,S0012-CB01C-02_S12_B,2,0.0,1.0
890,MSCB16,S0012-CB01C-02_S12_B,2,1.0,0.0
891,MSCB17,S0012-CB01C-02_S12_B,2,0.5,0.5
892,MSCB18,S0012-CB01C-02_S12_B,2,0.0,1.0
893,MSCB19,S0012-CB01C-02_S12_B,2,0.5,0.5
894,MSCB20,S0012-CB01C-02_S12_B,2,0.5,0.5
895,MSCB21,S0012-CB01C-02_S12_B,2,0.5,0.5
896,MSCB22,S0012-CB01C-02_S12_B,2,0.5,0.5
897,MSCB23,S0012-CB01C-02_S12_B,2,0.0,0.0
898,MSCB24,S0012-CB01C-02_S12_B,2,0.5,0.5
899,MSCB25,S0012-CB01C-02_S12_B,2,0.0,0.0
900,MSCB26,S0012-CB01C-02_S12_B,2,0.0,1.0
901,MSCB27,S0012-CB01C-02_S12_B,2,0.5,0.5
902,MSCB28,S0012-CB01C-02_S12_B,2,0.5,0.5
903,MSCB29,S0012-CB01C-02_S12_B,2,0.5,0.5
904,MSCB30,S0012-CB01C-02_S12_B,2,0.0,0.0
905,MSCB31,S0012-CB01C-02_S12_B,2,0.0,0.0
906,MSCB32,S0012-CB01C-02_S12_B,2,0.5,0.5
907,MSCB33,S0012-CB01C-02_S12_B,2,0.0,0.0
908,MSCB34,S0012-CB01C-02_S12_B,2,1.0,6.669713608473594e-88
909,MSCB35,S0012-CB01C-02_S12_B,2,0.0,0.0
910,MSCB36,S0012-CB01C-02_S12_B,2,0.5,0.5
911,MSCB37,S0012-CB01C-02_S12_B,2,0.5,0.5
912,MSCB38,S0012-CB01C-02_S12_B,2,0.5,0.5
913,MSCB01,S0013-CB03A-15_S13_A,2,0.5,0.5
914,MSCB02,S0013-CB03A-15_S13_A,2,0.0,1.0
915,MSCB03,S0013-CB03A-15_S13_A,2,0.0,1.0
916,MSCB04,S0013-CB03A-15_S13_A,2,0.5,0.5
917,MSCB05,S0013-CB03A-15_S13_A,2,1.421316958012522e-67,1.0
918,MSCB06,S0013-CB03A-15_S13_A,2,1.0,0.0
919,MSCB07,S0013-CB03A-15_S13_A,2,0.0,0.0
920,MSCB08,S0013-CB03A-15_S13_A,2,0.0,0.0
921,MSCB09,S0013-CB03A-15_S13_A,2,0.5,0.5
922,MSCB10,S0013-CB03A-15_S13_A,2,1.0,0.0
923,MSCB11,S0013-CB03A-15_S13_A,2,0.0,0.0
924,MSCB12,S0013-CB03A-15_S13_A,2,0.5,0.5
925,MSCB13,S0013-CB03A-15_S13_A,2,0.5,0.5
926,MSCB14,S0013-CB03A-15_S13_A,2,0.5,0.5
927,MSCB15,S0013-CB03A-15_S13_A,2,0.5,0.5
928,MSCB16,S0013-CB03A-15_S13_A,2,0.5,0.5
929,MSCB17,S0013-CB03A-15_S13_A,2,1.0205788614768547e-150,1.0
930,MSCB18,S0013-CB03A-15_S13_A,2,0.0,1.0
931,MSCB19,S0013-CB03A-15_S13_A,2,0.5,0.5
932,MSCB20,S0013-CB03A-15_S13_A,2,0.5,0.5
933,MSCB21,S0013-CB03A-15_S13_A,2,0.5,0.5
934,MSCB22,S0013-CB03A-15_S13_A,2,0.0,1.0
935,MSCB23,S0013-CB03A-15_S13_A,2,1.0,0.0
936,MSCB24,S0013-CB03A-15_S13_A,2,0.0,1.0
937,MSCB25,S0013-CB03A-15_S13_A,2,0.0,1.0
938,MSCB26,S0013-CB03A-15_S13_A,2,0.5,0.5
939,MSCB27,S0013-CB03A-15_S13_A,2,0.0001779422354594387,0.9998220577645407
940,MSCB28,S0013-CB03A-15_S13_A,2,0.0,1.0
941,MSCB29,S0013-CB03A-15_S13_A,2,0.5,0.5
942,MSCB30,S0013-CB03A-15_S13_A,2,1.0,0.0
943,MSCB31,S0013-CB03A-15_S13_A,2,0.5,0.5
944,MSCB32,S0013-CB03A-15_S13_A,2,0.5,0.5
945,MSCB33,S0013-CB03A-15_S13_A,2,0.0,0.0
946,MSCB34,S0013-CB03A-15_S13_A,2,0.5,0.5
947,MSCB35,S0013-CB03A-15_S13_A,2,0.0,0.0
948,MSCB36,S0013-CB03A-15_S13_A,2,0.5,0.5
949,MSCB37,S0013-CB03A-15_S13_A,2,1.0,0.0
950,MSCB38,S0013-CB03A-15_S13_A,2,0.0,1.0
951,MSCB01,S0013-CB03A-15_S13_B,2,0.5,0.5
952,MSCB02,S0013-CB03A-15_S13_B,2,0.0,1.0
953,MSCB03,S0013-CB03A-15_S13_B,2,0.5,0.5
954,MSCB04,S0013-CB03A-15_S13_B,2,5.287069148550019e-67,1.0
955,MSCB05,S0013-CB03A-15_S13_B,2,1.2091227465436975e-52,1.0
956,MSCB06,S0013-CB03A-15_S13_B,2,1.0,0.0
957,MSCB07,S0013-CB03A-15_S13_B,2,0.0,0.0
958,MSCB08,S0013-CB03A-15_S13_B,2,0.0,0.0
959,MSCB09,S0013-CB03A-15_S13_B,2,0.5,0.5
960,MSCB10,S0013-CB03A-15_S13_B,2,1.0,0.0
961,MSCB11,S0013-CB03A-15_S13_B,2,0.0,0.0
962,MSCB12,S0013-CB03A-15_S13_B,2,0.5,0.5
963,MSCB13,S0013-CB03A-15_S13_B,2,0.5,0.5
964,MSCB14,S0013-CB03A-15_S13_B,2,0.5,0.5
965,MSCB15,S0013-CB03A-15_S13_B,2,0.5,0.5
966,MSCB16,S0013-CB03A-15_S13_B,2,0.5,0.5
967,MSCB17,S0013-CB03A-15_S13_B,2,1.1604076020257892e-135,1.0
968,MSCB18,S0013-CB03A-15_S13_B,2,0.0,1.0
969,MSCB19,S0013-CB03A-15_S13_B,2,0.5,0.5
970,MSCB20,S0013-CB03A-15_S13_B,2,0.5,0.5
971,MSCB21,S0013-CB03A-15_S13_B,2,0.5,0.5
972,MSCB22,S0013-CB03A-15_S13_B,2,0.0,1.0
973,MSCB23,S0013-CB03A-15_S13_B,2,0.5,0.5
974,MSCB24,S0013-CB03A-15_S13_B,2,0.5,0.5
975,MSCB25,S0013-CB03A-15_S13_B,2,0.0,1.0
976,MSCB26,S0013-CB03A-15_S13_B,2,0.5,0.5
977,MSCB27,S0013-CB03A-15_S13_B,2,0.5,0.5
978,MSCB28,S0013-CB03A-15_S13_B,2,0.0,1.0
979,MSCB29,S0013-CB03A-15_S13_B,2,0.5,0.5
980,MSCB30,S0013-CB03A-15_S13_B,2,1.0,0.0
981,MSCB31,S0013-CB03A-15_S13_B,2,0.5,0.5
982,MSCB32,S0013-CB03A-15_S13_B,2,0.5,0.5
983,MSCB33,S0013-CB03A-15_S13_B,2,0.0,0.0
984,MSCB34,S0013-CB03A-15_S13_B,2,0.5,0.5
985,MSCB35,S0013-CB03A-15_S13_B,2,0.0,0.0
986,MSCB36,S0013-CB03A-15_S13_B,2,0.5,0.5
987,MSCB37,S0013-CB03A-15_S13_B,2,1.4863300980643766e-56,1.0
988,MSCB38,S0013-CB03A-15_S13_B,2,0.0,1.0
989,MSCB01,S0014-NTC2-pl1_S14_A,2,0.0,0.0
990,MSCB02,S0014-NTC2-pl1_S14_A,2,0.0,0.0
991,MSCB03,S0014-NTC2-pl1_S14_A,2,0.0,0.0
992,MSCB04,S0014-NTC2-pl1_S14_A,2,0.0,0.0
993,MSCB05,S0014-NTC2-pl1_S14_A,2,1.0,0.0
994,MSCB06,S0014-NTC2-pl1_S14_A,2,0.0,0.0
995,MSCB07,S0014-NTC2-pl1_S14_A,2,0.0,0.0
996,MSCB08,S0014-NTC2-pl1_S14_A,2,0.0,0.0
997,MSCB09,S0014-NTC2-pl1_S14_A,2,0.0,0.0
998,MSCB10,S0014-NTC2-pl1_S14_A,2,0.0,0.0
999,MSCB11,S0014-NTC2-pl1_S14_A,2,0.0,0.0
1000,MSCB12,S0014-NTC2-pl1_S14_A,2,0.0,0.0
1001,MSCB13,S0014-NTC2-pl1_S14_A,2,0.0,0.0
1002,MSCB14,S0014-NTC2-pl1_S14_A,2,1.0,0.0
1003,MSCB15,S0014-NTC2-pl1_S14_A,2,0.0,0.0
1004,MSCB16,S0014-NTC2-pl1_S14_A,2,0.0,0.0
1005,MSCB17,S0014-NTC2-pl1_S14_A,2,0.0,0.0
1006,MSCB18,S0014-NTC2-pl1_S14_A,2,0.0,0.0
1007,MSCB19,S0014-NTC2-pl1_S14_A,2,0.0,0.0
1008,MSCB20,S0014-NTC2-pl1_S14_A,2,1.0,0.0
1009,MSCB21,S0014-NTC2-pl1_S14_A,2,0.5,0.5
1010,MSCB22,S0014-NTC2-pl1_S14_A,2,0.0,0.0
1011,MSCB23,S0014-NTC2-pl1_S14_A,2,0.0,0.0
1012,MSCB24,S0014-NTC2-pl1_S14_A,2,0.0,0.0
1013,MSCB25,S0014-NTC2-pl1_S14_A,2,0.0,0.0
1014,MSCB26,S0014-NTC2-pl1_S14_A,2,1.0,0.0
1015,MSCB27,S0014-NTC2-pl1_S14_A,2,0.0,0.0
1016,MSCB28,S0014-NTC2-pl1_S14_A,2,0.0,0.0
1017,MSCB29,S0014-NTC2-pl1_S14_A,2,0.0,0.0
1018,MSCB30,S0014-NTC2-pl1_S14_A,2,0.0,0.0
1019,MSCB31,S0014-NTC2-pl1_S14_A,2,0.0,0.0
1020,MSCB32,S0014-NTC2-pl1_S14_A,2,0.0,0.0
1021,MSCB33,S0014-NTC2-pl1_S14_A,2,0.0,0.0
1022,MSCB34,S0014-NTC2-pl1_S14_A,2,0.0,0.0
1023,MSCB35,S0014-NTC2-pl1_S14_A,2,0.0,0.0
1024,MSCB36,S0014-NTC2-pl1_S14_A,2,1.0,0.0
1025,MSCB37,S0014-NTC2-pl1_S14_A,2,0.0,0.0
1026,MSCB38,S0014-NTC2-pl1_S14_A,2,0.0,0.0
1027,MSCB01,S0014-NTC2-pl1_S14_B,2,0.0,0.0
1028,MSCB02,S0014-NTC2-pl1_S14_B,2,0.0,0.0
1029,MSCB03,S0014-NTC2-pl1_S14_B,2,0.0,0.0
1030,MSCB04,S0014-NTC2-pl1_S14_B,2,0.0,0.0
1031,MSCB05,S0014-NTC2-pl1_S14_B,2,0.5,0.5
1032,MSCB06,S0014-NTC2-pl1_S14_B,2,0.0,0.0
1033,MSCB07,S0014-NTC2-pl1_S14_B,2,0.0,0.0
1034,MSCB08,S0014-NTC2-pl1_S14_B,2,0.0,0.0
1035,MSCB09,S0014-NTC2-pl1_S14_B,2,0.0,0.0
1036,MSCB10,S0014-NTC2-pl1_S14_B,2,0.0,0.0
1037,MSCB11,S0014-NTC2-pl1_S14_B,2,0.0,0.0
1038,MSCB12,S0014-NTC2-pl1_S14_B,2,0.0,0.0
1039,MSCB13,S0014-NTC2-pl1_S14_B,2,0.0,0.0
1040,MSCB14,S0014-NTC2-pl1_S14_B,2,0.5,0.5
1041,MSCB15,S0014-NTC2-pl1_S14_B,2,0.0,0.0
1042,MSCB16,S0014-NTC2-pl1_S14_B,2,0.0,0.0
1043,MSCB17,S0014-NTC2-pl1_S14_B,2,0.0,0.0
1044,MSCB18,S0014-NTC2-pl1_S14_B,2,0.0,0.0
1045,MSCB19,S0014-NTC2-pl1_S14_B,2,0.0,0.0
1046,MSCB20,S0014-NTC2-pl1_S14_B,2,0.0,0.0
1047,MSCB21,S0014-NTC2-pl1_S14_B,2,1.0,0.0
1048,MSCB22,S0014-NTC2-pl1_S14_B,2,0.0,0.0
1049,MSCB23,S0014-NTC2-pl1_S14_B,2,0.0,0.0
1050,MSCB24,S0014-NTC2-pl1_S14_B,2,0.0,0.0
1051,MSCB25,S0014-NTC2-pl1_S14_B,2,0.0,0.0
1052,MSCB26,S0014-NTC2-pl1_S14_B,2,1.0,0.0
1053,MSCB27,S0014-NTC2-pl1_S14_B,2,0.0,0.0
1054,MSCB28,S0014-NTC2-pl1_S14_B,2,0.0,0.0
1055,MSCB29,S0014-NTC2-pl1_S14_B,2,0.0,0.0
1056,MSCB30,S0014-NTC2-pl1_S14_B,2,0.0,0.0
1057,MSCB31,S0014-NTC2-pl1_S14_B,2,0.0,0.0
1058,MSCB32,S0014-NTC2-pl1_S14_B,2,0.0,0.0
1059,MSCB33,S0014-NTC2-pl1_S14_B,2,0.0,0.0
1060,MSCB34,S0014-NTC2-pl1_S14_B,2,0.0,0.0
1061,MSCB35,S0014-NTC2-pl1_S14_B,2,0.0,0.0
1062,MSCB36,S0014-NTC2-pl1_S14_B,2,1.0,0.0
1063,MSCB37,S0014-NTC2-pl1_S14_B,2,0.0,0.0
1064,MSCB38,S0014-NTC2-pl1_S14_B,2,0.0,0.0
1065,MSCB01,S0015-CB02B-04_S15_A,2,0.5,0.5
1066,MSCB02,S0015-CB02B-04_S15_A,2,0.5,0.5
1067,MSCB03,S0015-CB02B-04_S15_A,2,0.0,0.0
1068,MSCB04,S0015-CB02B-04_S15_A,2,0.5,0.5
1069,MSCB05,S0015-CB02B-04_S15_A,2,0.5,0.5
1070,MSCB06,S0015-CB02B-04_S15_A,2,0.5,0.5
1071,MSCB07,S0015-CB02B-04_S15_A,2,0.5,0.5
1072,MSCB08,S0015-CB02B-04_S15_A,2,0.0,0.0
1073,MSCB09,S0015-CB02B-04_S15_A,2,0.5,0.5
1074,MSCB10,S0015-CB02B-04_S15_A,2,1.4087902929571746e-114,1.0
1075,MSCB11,S0015-CB02B-04_S15_A,2,0.0,0.0
1076,MSCB12,S0015-CB02B-04_S15_A,2,0.5,0.5
1077,MSCB13,S0015-CB02B-04_S15_A,2,0.0,1.0
1078,MSCB14,S0015-CB02B-04_S15_A,2,0.5,0.5
1079,MSCB15,S0015-CB02B-04_S15_A,2,0.5,0.5
1080,MSCB16,S0015-CB02B-04_S15_A,2,0.5,0.5
1081,MSCB17,S0015-CB02B-04_S15_A,2,0.5,0.5
1082,MSCB18,S0015-CB02B-04_S15_A,2,0.5,0.5
1083,MSCB19,S0015-CB02B-04_S15_A,2,0.5,0.5
1084,MSCB20,S0015-CB02B-04_S15_A,2,0.5,0.5
1085,MSCB21,S0015-CB02B-04_S15_A,2,0.5,0.5
1086,MSCB22,S0015-CB02B-04_S15_A,2,0.5,0.5
1087,MSCB23,S0015-CB02B-04_S15_A,2,0.5,0.5
1088,MSCB24,S0015-CB02B-04_S15_A,2,0.0,1.0
1089,MSCB25,S0015-CB02B-04_S15_A,2,0.0,1.0
1090,MSCB26,S0015-CB02B-04_S15_A,2,0.5,0.5
1091,MSCB27,S0015-CB02B-04_S15_A,2,0.5,0.5
1092,MSCB28,S0015-CB02B-04_S15_A,2,0.5,0.5
1093,MSCB29,S0015-CB02B-04_S15_A,2,0.0,0.0
1094,MSCB30,S0015-CB02B-04_S15_A,2,0.5,0.5
1095,MSCB31,S0015-CB02B-04_S15_A,2,0.5,0.5
1096,MSCB32,S0015-CB02B-04_S15_A,2,0.5,0.5
1097,MSCB33,S0015-CB02B-04_S15_A,2,1.0,0.0
1098,MSCB34,S0015-CB02B-04_S15_A,2,0.5,0.5
1099,MSCB35,S0015-CB02B-04_S15_A,2,0.0,0.0
1100,MSCB36,S0015-CB02B-04_S15_A,2,0.5,0.5
1101,MSCB37,S0015-CB02B-04_S15_A,2,0.5,0.5
1102,MSCB38,S0015-CB02B-04_S15_A,2,0.0,1.0
1103,MSCB01,S0015-CB02B-04_S15_B,2,0.0,1.0
1104,MSCB02,S0015-CB02B-04_S15_B,2,0.5,0.5
1105,MSCB03,S0015-CB02B-04_S15_B,2,0.0,0.0
1106,MSCB04,S0015-CB02B-04_S15_B,2,0.5,0.5
1107,MSCB05,S0015-CB02B-04_S15_B,2,0.5,0.5
1108,MSCB06,S0015-CB02B-04_S15_B,2,0.5,0.5
1109,MSCB07,S0015-CB02B-04_S15_B,2,0.5,0.5
1110,MSCB08,S0015-CB02B-04_S15_B,2,0.0,0.0
1111,MSCB09,S0015-CB02B-04_S15_B,2,0.5,0.5
1112,MSCB10,S0015-CB02B-04_S15_B,2,2.0710058433069163e-110,1.0
1113,MSCB11,S0015-CB02B-04_S15_B,2,0.0,0.0
1114,MSCB12,S0015-CB02B-04_S15_B,2,0.5,0.5
1115,MSCB13,S0015-CB02B-04_S15_B,2,0.0,1.0
1116,MSCB14,S0015-CB02B-04_S15_B,2,0.5,0.5
1117,MSCB15,S0015-CB02B-04_S15_B,2,0.5,0.5
1118,MSCB16,S0015-CB02B-04_S15_B,2,0.5,0.5
1119,MSCB17,S0015-CB02B-04_S15_B,2,0.5,0.5
1120,MSCB18,S0015-CB02B-04_S15_B,2,0.5,0.5
1121,MSCB19,S0015-CB02B-04_S15_B,2,0.5,0.5
1122,MSCB20,S0015-CB02B-04_S15_B,2,0.5,0.5
1123,MSCB21,S0015-CB02B-04_S15_B,2,0.5,0.5
1124,MSCB22,S0015-CB02B-04_S15_B,2,0.5,0.5
1125,MSCB23,S0015-CB02B-04_S15_B,2,0.5,0.5
1126,MSCB24,S0015-CB02B-04_S15_B,2,0.0,1.0
1127,MSCB25,S0015-CB02B-04_S15_B,2,1.0,0.0
1128,MSCB26,S0015-CB02B-04_S15_B,2,0.5,0.5
1129,MSCB27,S0015-CB02B-04_S15_B,2,0.5,0.5
1130,MSCB28,S0015-CB02B-04_S15_B,2,0.5,0.5
1131,MSCB29,S0015-CB02B-04_S15_B,2,0.0,0.0
1132,MSCB30,S0015-CB02B-04_S15_B,2,0.5,0.5
1133,MSCB31,S0015-CB02B-04_S15_B,2,1.0,0.0
1134,MSCB32,S0015-CB02B-04_S15_B,2,0.5,0.5
1135,MSCB33,S0015-CB02B-04_S15_B,2,0.5,0.5
1136,MSCB34,S0015-CB02B-04_S15_B,2,0.5,0.5
1137,MSCB35,S0015-CB02B-04_S15_B,2,0.0,0.0
1138,MSCB36,S0015-CB02B-04_S15_B,2,0.5,0.5
1139,MSCB37,S0015-CB02B-04_S15_B,2,0.5,0.5
1140,MSCB38,S0015-CB02B-04_S15_B,2,0.0,1.0
1141,MSCB01,S0016-CB03A-06_S16_A,2,0.0,0.0
1142,MSCB02,S0016-CB03A-06_S16_A,2,0.5,0.5
1143,MSCB03,S0016-CB03A-06_S16_A,2,0.0,0.0
1144,MSCB04,S0016-CB03A-06_S16_A,2,0.5,0.5
1145,MSCB05,S0016-CB03A-06_S16_A,2,0.0,1.0
1146,MSCB06,S0016-CB03A-06_S16_A,2,0.5,0.5
1147,MSCB07,S0016-CB03A-06_S16_A,2,0.5,0.5
1148,MSCB08,S0016-CB03A-06_S16_A,2,0.0,0.0
1149,MSCB09,S0016-CB03A-06_S16_A,2,0.0,1.0
1150,MSCB10,S0016-CB03A-06_S16_A,2,1.6845827638963882e-53,1.0
1151,MSCB11,S0016-CB03A-06_S16_A,2,0.0,0.0
1152,MSCB12,S0016-CB03A-06_S16_A,2,0.5,0.5
1153,MSCB13,S0016-CB03A-06_S16_A,2,0.0,1.0
1154,MSCB14,S0016-CB03A-06_S16_A,2,0.5,0.5
1155,MSCB15,S0016-CB03A-06_S16_A,2,0.5,0.5
1156,MSCB16,S0016-CB03A-06_S16_A,2,0.5,0.5
1157,MSCB17,S0016-CB03A-06_S16_A,2,0.0,1.0
1158,MSCB18,S0016-CB03A-06_S16_A,2,1.0,0.0
1159,MSCB19,S0016-CB03A-06_S16_A,2,0.0,1.0
1160,MSCB20,S0016-CB03A-06_S16_A,2,1.0,0.0
1161,MSCB21,S0016-CB03A-06_S16_A,2,0.0,1.0
1162,MSCB22,S0016-CB03A-06_S16_A,2,0.5,0.5
1163,MSCB23,S0016-CB03A-06_S16_A,2,0.0,0.0
1164,MSCB24,S0016-CB03A-06_S16_A,2,0.0,1.0
1165,MSCB25,S0016-CB03A-06_S16_A,2,0.0,0.0
1166,MSCB26,S0016-CB03A-06_S16_A,2,0.5,0.5
1167,MSCB27,S0016-CB03A-06_S16_A,2,0.5,0.5
1168,MSCB28,S0016-CB03A-06_S16_A,2,0.5,0.5
1169,MSCB29,S0016-CB03A-06_S16_A,2,1.0,0.0
1170,MSCB30,S0016-CB03A-06_S16_A,2,0.5,0.5
1171,MSCB31,S0016-CB03A-06_S16_A,2,0.5,0.5
1172,MSCB32,S0016-CB03A-06_S16_A,2,0.5,0.5
1173,MSCB33,S0016-CB03A-06_S16_A,2,0.0,0.0
1174,MSCB34,S0016-CB03A-06_S16_A,2,0.0,0.0
1175,MSCB35,S0016-CB03A-06_S16_A,2,0.0,0.0
1176,MSCB36,S0016-CB03A-06_S16_A,2,0.5,0.5
1177,MSCB37,S0016-CB03A-06_S16_A,2,0.5,0.5
1178,MSCB38,S0016-CB03A-06_S16_A,2,0.5,0.5
1179,MSCB01,S0016-CB03A-06_S16_B,2,0.0,0.0
1180,MSCB02,S0016-CB03A-06_S16_B,2,0.5,0.5
1181,MSCB03,S0016-CB03A-06_S16_B,2,0.0,0.0
1182,MSCB04,S0016-CB03A-06_S16_B,2,0.5,0.5
1183,MSCB05,S0016-CB03A-06_S16_B,2,0.0,1.0
1184,MSCB06,S0016-CB03A-06_S16_B,2,0.5,0.5
1185,MSCB07,S0016-CB03A-06_S16_B,2,0.5,0.5
1186,MSCB08,S0016-CB03A-06_S16_B,2,0.0,0.0
1187,MSCB09,S0016-CB03A-06_S16_B,2,0.0,1.0
1188,MSCB10,S0016-CB03A-06_S16_B,2,8.661745896097072e-51,1.0
1189,MSCB11,S0016-CB03A-06_S16_B,2,0.0,0.0
1190,MSCB12,S0016-CB03A-06_S16_B,2,0.5,0.5
1191,MSCB13,S0016-CB03A-06_S16_B,2,0.0,1.0
1192,MSCB14,S0016-CB03A-06_S16_B,2,0.5,0.5
1193,MSCB15,S0016-CB03A-06_S16_B,2,0.5,0.5
1194,MSCB16,S0016-CB03A-06_S16_B,2,0.5,0.5
1195,MSCB17,S0016-CB03A-06_S16_B,2,0.0,1.0
1196,MSCB18,S0016-CB03A-06_S16_B,2,1.0,0.0
1197,MSCB19,S0016-CB03A-06_S16_B,2,0.5,0.5
1198,MSCB20,S0016-CB03A-06_S16_B,2,0.5,0.5
1199,MSCB21,S0016-CB03A-06_S16_B,2,0.0,1.0
1200,MSCB22,S0016-CB03A-06_S16_B,2,0.0,0.0
1201,MSCB23,S0016-CB03A-06_S16_B,2,0.0,0.0
1202,MSCB24,S0016-CB03A-06_S16_B,2,0.0,1.0
1203,MSCB25,S0016-CB03A-06_S16_B,2,0.0,0.0
1204,MSCB26,S0016-CB03A-06_S16_B,2,0.5,0.5
1205,MSCB27,S0016-CB03A-06_S16_B,2,0.5,0.5
1206,MSCB28,S0016-CB03A-06_S16_B,2,0.5,0.5
1207,MSCB29,S0016-CB03A-06_S16_B,2,0.5,0.5
1208,MSCB30,S0016-CB03A-06_S16_B,2,0.5,0.5
1209,MSCB31,S0016-CB03A-06_S16_B,2,0.5,0.5
1210,MSCB32,S0016-CB03A-06_S16_B,2,0.5,0.5
1211,MSCB33,S0016-CB03A-06_S16_B,2,0.0,0.0
1212,MSCB34,S0016-CB03A-06_S16_B,2,0.0,0.0
1213,MSCB35,S0016-CB03A-06_S16_B,2,0.0,0.0
1214,MSCB36,S0016-CB03A-06_S16_B,2,0.5,0.5
1215,MSCB37,S0016-CB03A-06_S16_B,2,0.5,0.5
1216,MSCB38,S0016-CB03A-06_S16_B,2,0.5,0.5
1217,MSCB01,S0017-CB03A-17_S17_A,2,0.0,1.0
1218,MSCB02,S0017-CB03A-17_S17_A,2,0.0,1.0
1219,MSCB03,S0017-CB03A-17_S17_A,2,1.0,0.0
1220,MSCB04,S0017-CB03A-17_S17_A,2,0.0,0.0
1221,MSCB05,S0017-CB03A-17_S17_A,2,0.0,1.0
1222,MSCB06,S0017-CB03A-17_S17_A,2,0.5,0.5
1223,MSCB07,S0017-CB03A-17_S17_A,2,0.0,0.0
1224,MSCB08,S0017-CB03A-17_S17_A,2,0.0,0.0
1225,MSCB09,S0017-CB03A-17_S17_A,2,0.5,0.5
1226,MSCB10,S0017-CB03A-17_S17_A,2,0.0,1.0
1227,MSCB11,S0017-CB03A-17_S17_A,2,0.0,0.0
1228,MSCB12,S0017-CB03A-17_S17_A,2,0.0,1.0
1229,MSCB13,S0017-CB03A-17_S17_A,2,0.5,0.5
1230,MSCB14,S0017-CB03A-17_S17_A,2,0.5,0.5
1231,MSCB15,S0017-CB03A-17_S17_A,2,0.0,1.0
1232,MSCB16,S0017-CB03A-17_S17_A,2,1.0,0.0
1233,MSCB17,S0017-CB03A-17_S17_A,2,0.5,0.5
1234,MSCB18,S0017-CB03A-17_S17_A,2,0.5,0.5
1235,MSCB19,S0017-CB03A-17_S17_A,2,0.5,0.5
1236,MSCB20,S0017-CB03A-17_S17_A,2,0.5,0.5
1237,MSCB21,S0017-CB03A-17_S17_A,2,0.5,0.5
1238,MSCB22,S0017-CB03A-17_S17_A,2,0.0,1.0
1239,MSCB23,S0017-CB03A-17_S17_A,2,1.0,0.0
1240,MSCB24,S0017-CB03A-17_S17_A,2,0.0,1.0
1241,MSCB25,S0017-CB03A-17_S17_A,2,0.5,0.5
1242,MSCB26,S0017-CB03A-17_S17_A,2,0.0,1.0
1243,MSCB27,S0017-CB03A-17_S17_A,2,0.0,1.0
1244,MSCB28,S0017-CB03A-17_S17_A,2,0.5,0.5
1245,MSCB29,S0017-CB03A-17_S17_A,2,0.0,0.0
1246,MSCB30,S0017-CB03A-17_S17_A,2,0.5,0.5
1247,MSCB31,S0017-CB03A-17_S17_A,2,0.5,0.5
1248,MSCB32,S0017-CB03A-17_S17_A,2,0.0,0.0
1249,MSCB33,S0017-CB03A-17_S17_A,2,0.0,0.0
1250,MSCB34,S0017-CB03A-17_S17_A,2,0.5,0.5
1251,MSCB35,S0017-CB03A-17_S17_A,2,0.0,0.0
1252,MSCB36,S0017-CB03A-17_S17_A,2,0.5,0.5
1253,MSCB37,S0017-CB03A-17_S17_A,2,0.0,1.0
1254,MSCB38,S0017-CB03A-17_S17_A,2,0.5,0.5
1255,MSCB01,S0017-CB03A-17_S17_B,2,0.0,1.0
1256,MSCB02,S0017-CB03A-17_S17_B,2,0.0,1.0
1257,MSCB03,S0017-CB03A-17_S17_B,2,1.0,0.0
1258,MSCB04,S0017-CB03A-17_S17_B,2,0.0,0.0
1259,MSCB05,S0017-CB03A-17_S17_B,2,0.0,1.0
1260,MSCB06,S0017-CB03A-17_S17_B,2,0.5,0.5
1261,MSCB07,S0017-CB03A-17_S17_B,2,0.0,0.0
1262,MSCB08,S0017-CB03A-17_S17_B,2,0.0,0.0
1263,MSCB09,S0017-CB03A-17_S17_B,2,0.5,0.5
1264,MSCB10,S0017-CB03A-17_S17_B,2,0.5,0.5
1265,MSCB11,S0017-CB03A-17_S17_B,2,0.0,0.0
1266,MSCB12,S0017-CB03A-17_S17_B,2,0.0,1.0
1267,MSCB13,S0017-CB03A-17_S17_B,2,0.5,0.5
1268,MSCB14,S0017-CB03A-17_S17_B,2,0.5,0.5
1269,MSCB15,S0017-CB03A-17_S17_B,2,0.0,1.0
1270,MSCB16,S0017-CB03A-17_S17_B,2,1.0,0.0
1271,MSCB17,S0017-CB03A-17_S17_B,2,0.5,0.5
1272,MSCB18,S0017-CB03A-17_S17_B,2,0.5,0.5
1273,MSCB19,S0017-CB03A-17_S17_B,2,0.0,1.0
1274,MSCB20,S0017-CB03A-17_S17_B,2,0.5,0.5
1275,MSCB21,S0017-CB03A-17_S17_B,2,0.5,0.5
1276,MSCB22,S0017-CB03A-17_S17_B,2,0.0,1.0
1277,MSCB23,S0017-CB03A-17_S17_B,2,0.5,0.5
1278,MSCB24,S0017-CB03A-17_S17_B,2,0.0,1.0
1279,MSCB25,S0017-CB03A-17_S17_B,2,0.0,1.0
1280,MSCB26,S0017-CB03A-17_S17_B,2,0.5,0.5
1281,MSCB27,S0017-CB03A-17_S17_B,2,0.0,1.0
1282,MSCB28,S0017-CB03A-17_S17_B,2,0.5,0.5
1283,MSCB29,S0017-CB03A-17_S17_B,2,0.0,0.0
1284,MSCB30,S0017-CB03A-17_S17_B,2,0.5,0.5
1285,MSCB31,S0017-CB03A-17_S17_B,2,1.0,0.0
1286,MSCB32,S0017-CB03A-17_S17_B,2,0.0,0.0
1287,MSCB33,S0017-CB03A-17_S17_B,2,0.0,0.0
1288,MSCB34,S0017-CB03A-17_S17_B,2,0.5,0.5
1289,MSCB35,S0017-CB03A-17_S17_B,2,0.0,0.0
1290,MSCB36,S0017-CB03A-17_S17_B,2,0.5,0.5
1291,MSCB37,S0017-CB03A-17_S17_B,2,0.0,1.0
1292,MSCB38,S0017-CB03A-17_S17_B,2,0.5,0.5
1293,MSCB01,S0018-CB04B-39_S18_A,2,0.5,0.5
1294,MSCB02,S0018-CB04B-39_S18_A,2,0.0,1.0
1295,MSCB03,S0018-CB04B-39_S18_A,2,0.5,0.5
1296,MSCB04,S0018-CB04B-39_S18_A,2,0.0,1.0
1297,MSCB05,S0018-CB04B-39_S18_A,2,0.5,0.5
1298,MSCB06,S0018-CB04B-39_S18_A,2,0.5,0.5
1299,MSCB07,S0018-CB04B-39_S18_A,2,0.0,0.0
1300,MSCB08,S0018-CB04B-39_S18_A,2,0.0,0.0
1301,MSCB09,S0018-CB04B-39_S18_A,2,0.5,0.5
1302,MSCB10,S0018-CB04B-39_S18_A,2,1.0,1.7554270347269143e-39
1303,MSCB11,S0018-CB04B-39_S18_A,2,0.0,0.0
1304,MSCB12,S0018-CB04B-39_S18_A,2,0.0,1.0
1305,MSCB13,S0018-CB04B-39_S18_A,2,1.0,0.0
1306,MSCB14,S0018-CB04B-39_S18_A,2,0.5,0.5
1307,MSCB15,S0018-CB04B-39_S18_A,2,1.0,0.0
1308,MSCB16,S0018-CB04B-39_S18_A,2,0.0,0.0
1309,MSCB17,S0018-CB04B-39_S18_A,2,0.0,1.0
1310,MSCB18,S0018-CB04B-39_S18_A,2,1.0,0.0
1311,MSCB19,S0018-CB04B-39_S18_A,2,0.0,0.0
1312,MSCB20,S0018-CB04B-39_S18_A,2,0.5,0.5
1313,MSCB21,S0018-CB04B-39_S18_A,2,0.5,0.5
1314,MSCB22,S0018-CB04B-39_S18_A,2,0.5,0.5
1315,MSCB23,S0018-CB04B-39_S18_A,2,0.5,0.5
1316,MSCB24,S0018-CB04B-39_S18_A,2,0.5,0.5
1317,MSCB25,S0018-CB04B-39_S18_A,2,1.0,0.0
1318,MSCB26,S0018-CB04B-39_S18_A,2,0.0,1.0
1319,MSCB27,S0018-CB04B-39_S18_A,2,5.574395986406934e-17,1.0
1320,MSCB28,S0018-CB04B-39_S18_A,2,0.5,0.5
1321,MSCB29,S0018-CB04B-39_S18_A,2,0.0,0.0
1322,MSCB30,S0018-CB04B-39_S18_A,2,1.0,0.0
1323,MSCB31,S0018-CB04B-39_S18_A,2,0.5,0.5
1324,MSCB32,S0018-CB04B-39_S18_A,2,0.0,1.0
1325,MSCB33,S0018-CB04B-39_S18_A,2,0.0,0.0
1326,MSCB34,S0018-CB04B-39_S18_A,2,0.5,0.5
1327,MSCB35,S0018-CB04B-39_S18_A,2,0.0,0.0
1328,MSCB36,S0018-CB04B-39_S18_A,2,0.5,0.5
1329,MSCB37,S0018-CB04B-39_S18_A,2,1.3048357971061227e-82,1.0
1330,MSCB38,S0018-CB04B-39_S18_A,2,0.5,0.5
1331,MSCB01,S0018-CB04B-39_S18_B,2,0.5,0.5
1332,MSCB02,S0018-CB04B-39_S18_B,2,0.0,1.0
1333,MSCB03,S0018-CB04B-39_S18_B,2,0.5,0.5
1334,MSCB04,S0018-CB04B-39_S18_B,2,0.0,1.0
1335,MSCB05,S0018-CB04B-39_S18_B,2,0.5,0.5
1336,MSCB06,S0018-CB04B-39_S18_B,2,0.5,0.5
1337,MSCB07,S0018-CB04B-39_S18_B,2,0.0,0.0
1338,MSCB08,S0018-CB04B-39_S18_B,2,0.0,0.0
1339,MSCB09,S0018-CB04B-39_S18_B,2,0.5,0.5
1340,MSCB10,S0018-CB04B-39_S18_B,2,1.0,1.6178015552040874e-42
1341,MSCB11,S0018-CB04B-39_S18_B,2,0.0,0.0
1342,MSCB12,S0018-CB04B-39_S18_B,2,0.0,1.0
1343,MSCB13,S0018-CB04B-39_S18_B,2,1.0,0.0
1344,MSCB14,S0018-CB04B-39_S18_B,2,0.5,0.5
1345,MSCB15,S0018-CB04B-39_S18_B,2,1.0,0.0
1346,MSCB16,S0018-CB04B-39_S18_B,2,0.0,0.0
1347,MSCB17,S0018-CB04B-39_S18_B,2,0.0,1.0
1348,MSCB18,S0018-CB04B-39_S18_B,2,1.0,0.0
1349,MSCB19,S0018-CB04B-39_S18_B,2,0.0,0.0
1350,MSCB20,S0018-CB04B-39_S18_B,2,0.5,0.5
1351,MSCB21,S0018-CB04B-39_S18_B,2,0.5,0.5
1352,MSCB22,S0018-CB04B-39_S18_B,2,0.5,0.5
1353,MSCB23,S0018-CB04B-39_S18_B,2,0.5,0.5
1354,MSCB24,S0018-CB04B-39_S18_B,2,0.5,0.5
1355,MSCB25,S0018-CB04B-39_S18_B,2,1.0,0.0
1356,MSCB26,S0018-CB04B-39_S18_B,2,0.0,1.0
1357,MSCB27,S0018-CB04B-39_S18_B,2,1.5484433295574832e-18,1.0
1358,MSCB28,S0018-CB04B-39_S18_B,2,0.5,0.5
1359,MSCB29,S0018-CB04B-39_S18_B,2,0.0,0.0
1360,MSCB30,S0018-CB04B-39_S18_B,2,1.0,0.0
1361,MSCB31,S0018-CB04B-39_S18_B,2,0.5,0.5
1362,MSCB32,S0018-CB04B-39_S18_B,2,0.0,1.0
1363,MSCB33,S0018-CB04B-39_S18_B,2,0.0,0.0
1364,MSCB34,S0018-CB04B-39_S18_B,2,0.5,0.5
1365,MSCB35,S0018-CB04B-39_S18_B,2,0.0,0.0
1366,MSCB36,S0018-CB04B-39_S18_B,2,0.5,0.5
1367,MSCB37,S0018-CB04B-39_S18_B,2,2.960727385297286e-97,1.0
1368,MSCB38,S0018-CB04B-39_S18_B,2,0.5,0.5
1369,MSCB01,S0019-NTC3-tube_S19_A,2,0.0,0.0
1370,MSCB02,S0019-NTC3-tube_S19_A,2,0.0,0.0
1371,MSCB03,S0019-NTC3-tube_S19_A,2,0.0,0.0
1372,MSCB04,S0019-NTC3-tube_S19_A,2,0.0,0.0
1373,MSCB05,S0019-NTC3-tube_S19_A,2,0.0,0.0
1374,MSCB06,S0019-NTC3-tube_S19_A,2,0.0,0.0
1375,MSCB07,S0019-NTC3-tube_S19_A,2,0.0,0.0
1376,MSCB08,S0019-NTC3-tube_S19_A,2,0.0,0.0
1377,MSCB09,S0019-NTC3-tube_S19_A,2,0.0,0.0
1378,MSCB10,S0019-NTC3-tube_S19_A,2,0.0,0.0
1379,MSCB11,S0019-NTC3-tube_S19_A,2,0.0,0.0
1380,MSCB12,S0019-NTC3-tube_S19_A,2,0.0,0.0
1381,MSCB13,S0019-NTC3-tube_S19_A,2,0.0,0.0
1382,MSCB14,S0019-NTC3-tube_S19_A,2,0.0,0.0
1383,MSCB15,S0019-NTC3-tube_S19_A,2,0.0,0.0
1384,MSCB16,S0019-NTC3-tube_S19_A,2,0.0,0.0
1385,MSCB17,S0019-NTC3-tube_S19_A,2,0.0,0.0
1386,MSCB18,S0019-NTC3-tube_S19_A,2,0.0,0.0
1387,MSCB19,S0019-NTC3-tube_S19_A,2,0.0,0.0
1388,MSCB20,S0019-NTC3-tube_S19_A,2,0.0,0.0
1389,MSCB21,S0019-NTC3-tube_S19_A,2,0.0,0.0
1390,MSCB22,S0019-NTC3-tube_S19_A,2,0.0,0.0
1391,MSCB23,S0019-NTC3-tube_S19_A,2,0.0,0.0
1392,MSCB24,S0019-NTC3-tube_S19_A,2,0.0,0.0
1393,MSCB25,S0019-NTC3-tube_S19_A,2,0.0,0.0
1394,MSCB26,S0019-NTC3-tube_S19_A,2,0.0,0.0
1395,MSCB27,S0019-NTC3-tube_S19_A,2,0.0,0.0
1396,MSCB28,S0019-NTC3-tube_S19_A,2,0.0,0.0
1397,MSCB29,S0019-NTC3-tube_S19_A,2,0.0,0.0
1398,MSCB30,S0019-NTC3-tube_S19_A,2,0.0,0.0
1399,MSCB31,S0019-NTC3-tube_S19_A,2,0.0,0.0
1400,MSCB32,S0019-NTC3-tube_S19_A,2,0.0,0.0
1401,MSCB33,S0019-NTC3-tube_S19_A,2,0.0,0.0
1402,MSCB34,S0019-NTC3-tube_S19_A,2,0.0,0.0
1403,MSCB35,S0019-NTC3-tube_S19_A,2,0.0,0.0
1404,MSCB36,S0019-NTC3-tube_S19_A,2,0.0,0.0
1405,MSCB37,S0019-NTC3-tube_S19_A,2,0.0,0.0
1406,MSCB38,S0019-NTC3-tube_S19_A,2,0.0,0.0
1407,MSCB01,S0019-NTC3-tube_S19_B,2,0.0,0.0
1408,MSCB02,S0019-NTC3-tube_S19_B,2,0.0,0.0
1409,MSCB03,S0019-NTC3-tube_S19_B,2,0.0,0.0
1410,MSCB04,S0019-NTC3-tube_S19_B,2,0.0,0.0
1411,MSCB05,S0019-NTC3-tube_S19_B,2,0.0,0.0
1412,MSCB06,S0019-NTC3-tube_S19_B,2,0.0,0.0
1413,MSCB07,S0019-NTC3-tube_S19_B,2,0.0,0.0
1414,MSCB08,S0019-NTC3-tube_S19_B,2,0.0,0.0
1415,MSCB09,S0019-NTC3-tube_S19_B,2,0.0,0.0
1416,MSCB10,S0019-NTC3-tube_S19_B,2,0.0,0.0
1417,MSCB11,S0019-NTC3-tube_S19_B,2,0.0,0.0
1418,MSCB12,S0019-NTC3-tube_S19_B,2,0.0,0.0
1419,MSCB13,S0019-NTC3-tube_S19_B,2,0.0,0.0
1420,MSCB14,S0019-NTC3-tube_S19_B,2,0.0,0.0
1421,MSCB15,S0019-NTC3-tube_S19_B,2,0.0,0.0
1422,MSCB16,S0019-NTC3-tube_S19_B,2,0.0,0.0
1423,MSCB17,S0019-NTC3-tube_S19_B,2,0.0,0.0
1424,MSCB18,S0019-NTC3-tube_S19_B,2,0.0,0.0
1425,MSCB19,S0019-NTC3-tube_S19_B,2,0.0,0.0
1426,MSCB20,S0019-NTC3-tube_S19_B,2,0.0,0.0
1427,MSCB21,S0019-NTC3-tube_S19_B,2,0.0,0.0
1428,MSCB22,S0019-NTC3-tube_S19_B,2,0.0,0.0
1429,MSCB23,S0019-NTC3-tube_S19_B,2,0.0,0.0
1430,MSCB24,S0019-NTC3-tube_S19_B,2,0.0,0.0
1431,MSCB25,S0019-NTC3-tube_S19_B,2,0.0,0.0
1432,MSCB26,S0019-NTC3-tube_S19_B,2,1.0,0.0
1433,MSCB27,S0019-NTC3-tube_S19_B,2,0.0,0.0
1434,MSCB28,S0019-NTC3-tube_S19_B,2,0.0,0.0
1435,MSCB29,S0019-NTC3-tube_S19_B,2,0.0,0.0
1436,MSCB30,S0019-NTC3-tube_S19_B,2,0.0,0.0
1437,MSCB31,S0019-NTC3-tube_S19_B,2,0.0,0.0
1438,MSCB32,S0019-NTC3-tube_S19_B,2,0.0,0.0
1439,MSCB33,S0019-NTC3-tube_S19_B,2,0.0,0.0
1440,MSCB34,S0019-NTC3-tube_S19_B,2,0.0,0.0
1441,MSCB35,S0019-NTC3-tube_S19_B,2,0.0,0.0
1442,MSCB36,S0019-NTC3-tube_S19_B,2,0.0,0.0
1443,MSCB37,S0019-NTC3-tube_S19_B,2,0.0,0.0
1444,MSCB38,S0019-NTC3-tube_S19_B,2,0.0,0.0
