Locus,Sample,Ploidy,Allele1_Name,Allele2_Name,Prob_AA,Prob_AB
Arm01,S485-AM102-12_S485_L001_M_001,2,95,91,1.0,2.6399247159172428e-43
Arm02,S485-AM102-12_S485_L001_M_001,2,N/A,N/A,0.0,0.0
Arm03,S485-AM102-12_S485_L001_M_001,2,131.2,131,0.0,1.0
Arm04,S485-AM102-12_S485_L001_M_001,2,179,175,1.0,3.9549326814270623e-39
Arm05,S485-AM102-12_S485_L001_M_001,2,N/A,N/A,0.0,0.0
Arm06,S485-AM102-12_S485_L001_M_001,2,147.2,151,0.0,1.0
Arm07,S485-AM102-12_S485_L001_M_001,2,185,N/A,1.0,0.0
Arm08,S485-AM102-12_S485_L001_M_001,2,109,81,0.0,1.0
Arm09,S485-AM102-12_S485_L001_M_001,2,N/A,N/A,0.0,0.0
Arm10,S485-AM102-12_S485_L001_M_001,2,N/A,N/A,0.0,0.0
Arm11,S485-AM102-12_S485_L001_M_001,2,110.2,108.2,0.0,1.0
Armo01,S485-AM102-12_S485_L001_M_001,2,N/A,N/A,0.0,0.0
Armo02,S485-AM102-12_S485_L001_M_001,2,N/A,N/A,0.0,0.0
Armo03,S485-AM102-12_S485_L001_M_001,2,N/A,N/A,0.0,0.0
Am-AG-1,S485-AM102-12_S485_L001_M_001,2,N/A,N/A,0.0,0.0
Am-AG-10,S485-AM102-12_S485_L001_M_001,2,N/A,N/A,0.0,0.0
Am-AG-2B,S485-AM102-12_S485_L001_M_001,2,N/A,N/A,0.0,0.0
Am-AG-4B,S485-AM102-12_S485_L001_M_001,2,N/A,N/A,0.0,0.0
Am-AG-11,S485-AM102-12_S485_L001_M_001,2,N/A,N/A,0.0,0.0
Am-ATC-2,S485-AM102-12_S485_L001_M_001,2,N/A,N/A,0.0,0.0
Am-ATC-3,S485-AM102-12_S485_L001_M_001,2,N/A,N/A,0.0,0.0
Am-CT-2,S485-AM102-12_S485_L001_M_001,2,N/A,N/A,0.0,0.0
Am-CT-5,S485-AM102-12_S485_L001_M_001,2,N/A,N/A,0.0,0.0
Arm01,S486-AM30-18_S486_L001_M_001,2,87,107,0.0,1.0
Arm02,S486-AM30-18_S486_L001_M_001,2,N/A,N/A,0.0,0.0
Arm03,S486-AM30-18_S486_L001_M_001,2,131,N/A,1.0,0.0
Arm04,S486-AM30-18_S486_L001_M_001,2,163,N/A,1.0,0.0
Arm05,S486-AM30-18_S486_L001_M_001,2,N/A,N/A,0.0,0.0
Arm06,S486-AM30-18_S486_L001_M_001,2,147.2,151,0.0,1.0
Arm07,S486-AM30-18_S486_L001_M_001,2,185,N/A,1.0,0.0
Arm08,S486-AM30-18_S486_L001_M_001,2,81,97,0.0,1.0
Arm09,S486-AM30-18_S486_L001_M_001,2,N/A,N/A,0.0,0.0
Arm10,S486-AM30-18_S486_L001_M_001,2,N/A,N/A,0.0,0.0
Arm11,S486-AM30-18_S486_L001_M_001,2,108,110.2,0.0,1.0
Armo01,S486-AM30-18_S486_L001_M_001,2,N/A,N/A,0.0,0.0
Armo02,S486-AM30-18_S486_L001_M_001,2,N/A,N/A,0.0,0.0
Armo03,S486-AM30-18_S486_L001_M_001,2,N/A,N/A,0.0,0.0
Am-AG-1,S486-AM30-18_S486_L001_M_001,2,N/A,N/A,0.0,0.0
Am-AG-10,S486-AM30-18_S486_L001_M_001,2,N/A,N/A,0.0,0.0
Am-AG-2B,S486-AM30-18_S486_L001_M_001,2,N/A,N/A,0.0,0.0
Am-AG-4B,S486-AM30-18_S486_L001_M_001,2,N/A,N/A,0.0,0.0
Am-AG-11,S486-AM30-18_S486_L001_M_001,2,N/A,N/A,0.0,0.0
Am-ATC-2,S486-AM30-18_S486_L001_M_001,2,N/A,N/A,0.0,0.0
Am-ATC-3,S486-AM30-18_S486_L001_M_001,2,N/A,N/A,0.0,0.0
Am-CT-2,S486-AM30-18_S486_L001_M_001,2,N/A,N/A,0.0,0.0
Am-CT-5,S486-AM30-18_S486_L001_M_001,2,N/A,N/A,0.0,0.0
Arm01,S487-AM102-01_S487_L001_M_001,2,87,107,0.0,1.0
Arm02,S487-AM102-01_S487_L001_M_001,2,N/A,N/A,0.0,0.0
Arm03,S487-AM102-01_S487_L001_M_001,2,131,N/A,1.0,0.0
Arm04,S487-AM102-01_S487_L001_M_001,2,191,199,1.1553154534205195e-90,1.0
Arm05,S487-AM102-01_S487_L001_M_001,2,N/A,N/A,0.0,0.0
Arm06,S487-AM102-01_S487_L001_M_001,2,151,N/A,1.0,0.0
Arm07,S487-AM102-01_S487_L001_M_001,2,177,185,4.3577129171585774e-88,1.0
Arm08,S487-AM102-01_S487_L001_M_001,2,81,N/A,1.0,0.0
Arm09,S487-AM102-01_S487_L001_M_001,2,N/A,N/A,0.0,0.0
Arm10,S487-AM102-01_S487_L001_M_001,2,N/A,N/A,0.0,0.0
Arm11,S487-AM102-01_S487_L001_M_001,2,110,110.2,0.0,1.0
Armo01,S487-AM102-01_S487_L001_M_001,2,N/A,N/A,0.0,0.0
Armo02,S487-AM102-01_S487_L001_M_001,2,N/A,N/A,0.0,0.0
Armo03,S487-AM102-01_S487_L001_M_001,2,N/A,N/A,0.0,0.0
Am-AG-1,S487-AM102-01_S487_L001_M_001,2,N/A,N/A,0.0,0.0
Am-AG-10,S487-AM102-01_S487_L001_M_001,2,N/A,N/A,0.0,0.0
Am-AG-2B,S487-AM102-01_S487_L001_M_001,2,N/A,N/A,0.0,0.0
Am-AG-4B,S487-AM102-01_S487_L001_M_001,2,N/A,N/A,0.0,0.0
Am-AG-11,S487-AM102-01_S487_L001_M_001,2,N/A,N/A,0.0,0.0
Am-ATC-2,S487-AM102-01_S487_L001_M_001,2,N/A,N/A,0.0,0.0
Am-ATC-3,S487-AM102-01_S487_L001_M_001,2,N/A,N/A,0.0,0.0
Am-CT-2,S487-AM102-01_S487_L001_M_001,2,N/A,N/A,0.0,0.0
Am-CT-5,S487-AM102-01_S487_L001_M_001,2,N/A,N/A,0.0,0.0
Arm01,S488-AM202-05_S488_L001_M_001,2,95,107,0.0,1.0
Arm02,S488-AM202-05_S488_L001_M_001,2,N/A,N/A,0.0,0.0
Arm03,S488-AM202-05_S488_L001_M_001,2,131.2,N/A,1.0,0.0
Arm04,S488-AM202-05_S488_L001_M_001,2,187,199,0.0,1.0
Arm05,S488-AM202-05_S488_L001_M_001,2,N/A,N/A,0.0,0.0
Arm06,S488-AM202-05_S488_L001_M_001,2,151,N/A,1.0,0.0
Arm07,S488-AM202-05_S488_L001_M_001,2,185,N/A,1.0,0.0
Arm08,S488-AM202-05_S488_L001_M_001,2,97,81,0.0,1.0
Arm09,S488-AM202-05_S488_L001_M_001,2,N/A,N/A,0.0,0.0
Arm10,S488-AM202-05_S488_L001_M_001,2,N/A,N/A,0.0,0.0
Arm11,S488-AM202-05_S488_L001_M_001,2,110,110.2,0.0,1.0
Armo01,S488-AM202-05_S488_L001_M_001,2,N/A,N/A,0.0,0.0
Armo02,S488-AM202-05_S488_L001_M_001,2,N/A,N/A,0.0,0.0
Armo03,S488-AM202-05_S488_L001_M_001,2,N/A,N/A,0.0,0.0
Am-AG-1,S488-AM202-05_S488_L001_M_001,2,N/A,N/A,0.0,0.0
Am-AG-10,S488-AM202-05_S488_L001_M_001,2,N/A,N/A,0.0,0.0
Am-AG-2B,S488-AM202-05_S488_L001_M_001,2,N/A,N/A,0.0,0.0
Am-AG-4B,S488-AM202-05_S488_L001_M_001,2,N/A,N/A,0.0,0.0
Am-AG-11,S488-AM202-05_S488_L001_M_001,2,N/A,N/A,0.0,0.0
Am-ATC-2,S488-AM202-05_S488_L001_M_001,2,N/A,N/A,0.0,0.0
Am-ATC-3,S488-AM202-05_S488_L001_M_001,2,N/A,N/A,0.0,0.0
Am-CT-2,S488-AM202-05_S488_L001_M_001,2,N/A,N/A,0.0,0.0
Am-CT-5,S488-AM202-05_S488_L001_M_001,2,N/A,N/A,0.0,0.0
Arm01,S489-AM102-11_S489_L001_M_001,2,95,107,0.0,1.0
Arm02,S489-AM102-11_S489_L001_M_001,2,N/A,N/A,0.0,0.0
Arm03,S489-AM102-11_S489_L001_M_001,2,131.2,N/A,1.0,0.0
Arm04,S489-AM102-11_S489_L001_M_001,2,179,N/A,1.0,0.0
Arm05,S489-AM102-11_S489_L001_M_001,2,N/A,N/A,0.0,0.0
Arm06,S489-AM102-11_S489_L001_M_001,2,151,N/A,1.0,0.0
Arm07,S489-AM102-11_S489_L001_M_001,2,185,N/A,1.0,0.0
Arm08,S489-AM102-11_S489_L001_M_001,2,97,109,0.0,1.0
Arm09,S489-AM102-11_S489_L001_M_001,2,N/A,N/A,0.0,0.0
Arm10,S489-AM102-11_S489_L001_M_001,2,N/A,N/A,0.0,0.0
Arm11,S489-AM102-11_S489_L001_M_001,2,110,110.2,0.0,1.0
Armo01,S489-AM102-11_S489_L001_M_001,2,N/A,N/A,0.0,0.0
Armo02,S489-AM102-11_S489_L001_M_001,2,N/A,N/A,0.0,0.0
Armo03,S489-AM102-11_S489_L001_M_001,2,N/A,N/A,0.0,0.0
Am-AG-1,S489-AM102-11_S489_L001_M_001,2,N/A,N/A,0.0,0.0
Am-AG-10,S489-AM102-11_S489_L001_M_001,2,N/A,N/A,0.0,0.0
Am-AG-2B,S489-AM102-11_S489_L001_M_001,2,N/A,N/A,0.0,0.0
Am-AG-4B,S489-AM102-11_S489_L001_M_001,2,N/A,N/A,0.0,0.0
Am-AG-11,S489-AM102-11_S489_L001_M_001,2,N/A,N/A,0.0,0.0
Am-ATC-2,S489-AM102-11_S489_L001_M_001,2,N/A,N/A,0.0,0.0
Am-ATC-3,S489-AM102-11_S489_L001_M_001,2,N/A,N/A,0.0,0.0
Am-CT-2,S489-AM102-11_S489_L001_M_001,2,N/A,N/A,0.0,0.0
Am-CT-5,S489-AM102-11_S489_L001_M_001,2,N/A,N/A,0.0,0.0
Arm01,S490-AM46-01_S490_L001_M_001,2,83,139,0.0,1.0
Arm02,S490-AM46-01_S490_L001_M_001,2,N/A,N/A,0.0,0.0
Arm03,S490-AM46-01_S490_L001_M_001,2,119.2,131.2,0.0,1.0
Arm04,S490-AM46-01_S490_L001_M_001,2,167,187,0.0,1.0
Arm05,S490-AM46-01_S490_L001_M_001,2,N/A,N/A,0.0,0.0
Arm06,S490-AM46-01_S490_L001_M_001,2,147.2,193,0.0,1.0
Arm07,S490-AM46-01_S490_L001_M_001,2,Other sequences,N/A,1.0,0.0
Arm08,S490-AM46-01_S490_L001_M_001,2,129,109,0.0,1.0
Arm09,S490-AM46-01_S490_L001_M_001,2,N/A,N/A,0.0,0.0
Arm10,S490-AM46-01_S490_L001_M_001,2,N/A,N/A,0.0,0.0
Arm11,S490-AM46-01_S490_L001_M_001,2,108,106.1,0.0,1.0
Armo01,S490-AM46-01_S490_L001_M_001,2,N/A,N/A,0.0,0.0
Armo02,S490-AM46-01_S490_L001_M_001,2,N/A,N/A,0.0,0.0
Armo03,S490-AM46-01_S490_L001_M_001,2,N/A,N/A,0.0,0.0
Am-AG-1,S490-AM46-01_S490_L001_M_001,2,N/A,N/A,0.0,0.0
Am-AG-10,S490-AM46-01_S490_L001_M_001,2,N/A,N/A,0.0,0.0
Am-AG-2B,S490-AM46-01_S490_L001_M_001,2,N/A,N/A,0.0,0.0
Am-AG-4B,S490-AM46-01_S490_L001_M_001,2,N/A,N/A,0.0,0.0
Am-AG-11,S490-AM46-01_S490_L001_M_001,2,N/A,N/A,0.0,0.0
Am-ATC-2,S490-AM46-01_S490_L001_M_001,2,N/A,N/A,0.0,0.0
Am-ATC-3,S490-AM46-01_S490_L001_M_001,2,N/A,N/A,0.0,0.0
Am-CT-2,S490-AM46-01_S490_L001_M_001,2,N/A,N/A,0.0,0.0
Am-CT-5,S490-AM46-01_S490_L001_M_001,2,N/A,N/A,0.0,0.0
Arm01,S491-AM46-08_S491_L001_M_001,2,83,139,0.0,1.0
Arm02,S491-AM46-08_S491_L001_M_001,2,N/A,N/A,0.0,0.0
Arm03,S491-AM46-08_S491_L001_M_001,2,119.2,131.2,0.0,1.0
Arm04,S491-AM46-08_S491_L001_M_001,2,167,187,0.0,1.0
Arm05,S491-AM46-08_S491_L001_M_001,2,N/A,N/A,0.0,0.0
Arm06,S491-AM46-08_S491_L001_M_001,2,147.2,197,0.0,1.0
Arm07,S491-AM46-08_S491_L001_M_001,2,185,185.2,0.0,1.0
Arm08,S491-AM46-08_S491_L001_M_001,2,129,109,0.0,1.0
Arm09,S491-AM46-08_S491_L001_M_001,2,N/A,N/A,0.0,0.0
Arm10,S491-AM46-08_S491_L001_M_001,2,N/A,N/A,0.0,0.0
Arm11,S491-AM46-08_S491_L001_M_001,2,108,106.1,0.0,1.0
Armo01,S491-AM46-08_S491_L001_M_001,2,N/A,N/A,0.0,0.0
Armo02,S491-AM46-08_S491_L001_M_001,2,N/A,N/A,0.0,0.0
Armo03,S491-AM46-08_S491_L001_M_001,2,N/A,N/A,0.0,0.0
Am-AG-1,S491-AM46-08_S491_L001_M_001,2,N/A,N/A,0.0,0.0
Am-AG-10,S491-AM46-08_S491_L001_M_001,2,N/A,N/A,0.0,0.0
Am-AG-2B,S491-AM46-08_S491_L001_M_001,2,N/A,N/A,0.0,0.0
Am-AG-4B,S491-AM46-08_S491_L001_M_001,2,N/A,N/A,0.0,0.0
Am-AG-11,S491-AM46-08_S491_L001_M_001,2,N/A,N/A,0.0,0.0
Am-ATC-2,S491-AM46-08_S491_L001_M_001,2,N/A,N/A,0.0,0.0
Am-ATC-3,S491-AM46-08_S491_L001_M_001,2,N/A,N/A,0.0,0.0
Am-CT-2,S491-AM46-08_S491_L001_M_001,2,N/A,N/A,0.0,0.0
Am-CT-5,S491-AM46-08_S491_L001_M_001,2,N/A,N/A,0.0,0.0
Arm01,S492-AM102-10_S492_L001_M_001,2,95,107,0.0,1.0
Arm02,S492-AM102-10_S492_L001_M_001,2,N/A,N/A,0.0,0.0
Arm03,S492-AM102-10_S492_L001_M_001,2,131,131.2,0.0,1.0
Arm04,S492-AM102-10_S492_L001_M_001,2,179,187,1.1694537889576712e-141,1.0
Arm05,S492-AM102-10_S492_L001_M_001,2,N/A,N/A,0.0,0.0
Arm06,S492-AM102-10_S492_L001_M_001,2,151,N/A,1.0,0.0
Arm07,S492-AM102-10_S492_L001_M_001,2,185,Other sequences,0.0,1.0
Arm08,S492-AM102-10_S492_L001_M_001,2,109,97,0.0,1.0
Arm09,S492-AM102-10_S492_L001_M_001,2,N/A,N/A,0.0,0.0
Arm10,S492-AM102-10_S492_L001_M_001,2,N/A,N/A,0.0,0.0
Arm11,S492-AM102-10_S492_L001_M_001,2,110,110.2,0.0,1.0
Armo01,S492-AM102-10_S492_L001_M_001,2,N/A,N/A,0.0,0.0
Armo02,S492-AM102-10_S492_L001_M_001,2,N/A,N/A,0.0,0.0
Armo03,S492-AM102-10_S492_L001_M_001,2,N/A,N/A,0.0,0.0
Am-AG-1,S492-AM102-10_S492_L001_M_001,2,N/A,N/A,0.0,0.0
Am-AG-10,S492-AM102-10_S492_L001_M_001,2,N/A,N/A,0.0,0.0
Am-AG-2B,S492-AM102-10_S492_L001_M_001,2,N/A,N/A,0.0,0.0
Am-AG-4B,S492-AM102-10_S492_L001_M_001,2,N/A,N/A,0.0,0.0
Am-AG-11,S492-AM102-10_S492_L001_M_001,2,N/A,N/A,0.0,0.0
Am-ATC-2,S492-AM102-10_S492_L001_M_001,2,N/A,N/A,0.0,0.0
Am-ATC-3,S492-AM102-10_S492_L001_M_001,2,N/A,N/A,0.0,0.0
Am-CT-2,S492-AM102-10_S492_L001_M_001,2,N/A,N/A,0.0,0.0
Am-CT-5,S492-AM102-10_S492_L001_M_001,2,N/A,N/A,0.0,0.0
Arm01,S493-AM46-05_S493_L001_M_001,2,83,139,0.0,1.0
Arm02,S493-AM46-05_S493_L001_M_001,2,N/A,N/A,0.0,0.0
Arm03,S493-AM46-05_S493_L001_M_001,2,119.2,131.2,0.0,1.0
Arm04,S493-AM46-05_S493_L001_M_001,2,167,187,0.0,1.0
Arm05,S493-AM46-05_S493_L001_M_001,2,N/A,N/A,0.0,0.0
Arm06,S493-AM46-05_S493_L001_M_001,2,147.2,193,0.0,1.0
Arm07,S493-AM46-05_S493_L001_M_001,2,Other sequences,N/A,1.0,0.0
Arm08,S493-AM46-05_S493_L001_M_001,2,109,129,0.0,1.0
Arm09,S493-AM46-05_S493_L001_M_001,2,N/A,N/A,0.0,0.0
Arm10,S493-AM46-05_S493_L001_M_001,2,N/A,N/A,0.0,0.0
Arm11,S493-AM46-05_S493_L001_M_001,2,108,106.1,0.0,1.0
Armo01,S493-AM46-05_S493_L001_M_001,2,N/A,N/A,0.0,0.0
Armo02,S493-AM46-05_S493_L001_M_001,2,N/A,N/A,0.0,0.0
Armo03,S493-AM46-05_S493_L001_M_001,2,N/A,N/A,0.0,0.0
Am-AG-1,S493-AM46-05_S493_L001_M_001,2,N/A,N/A,0.0,0.0
Am-AG-10,S493-AM46-05_S493_L001_M_001,2,N/A,N/A,0.0,0.0
Am-AG-2B,S493-AM46-05_S493_L001_M_001,2,N/A,N/A,0.0,0.0
Am-AG-4B,S493-AM46-05_S493_L001_M_001,2,N/A,N/A,0.0,0.0
Am-AG-11,S493-AM46-05_S493_L001_M_001,2,N/A,N/A,0.0,0.0
Am-ATC-2,S493-AM46-05_S493_L001_M_001,2,N/A,N/A,0.0,0.0
Am-ATC-3,S493-AM46-05_S493_L001_M_001,2,N/A,N/A,0.0,0.0
Am-CT-2,S493-AM46-05_S493_L001_M_001,2,N/A,N/A,0.0,0.0
Am-CT-5,S493-AM46-05_S493_L001_M_001,2,N/A,N/A,0.0,0.0
Arm01,S494-AM102-20_S494_L001_M_001,2,95,107,0.0,1.0
Arm02,S494-AM102-20_S494_L001_M_001,2,N/A,N/A,0.0,0.0
Arm03,S494-AM102-20_S494_L001_M_001,2,131.2,131,0.0,1.0
Arm04,S494-AM102-20_S494_L001_M_001,2,191,199,9.173455598929781e-147,1.0
Arm05,S494-AM102-20_S494_L001_M_001,2,N/A,N/A,0.0,0.0
Arm06,S494-AM102-20_S494_L001_M_001,2,147.2,151,0.0,1.0
Arm07,S494-AM102-20_S494_L001_M_001,2,177,N/A,1.0,0.0
Arm08,S494-AM102-20_S494_L001_M_001,2,97,81,0.0,1.0
Arm09,S494-AM102-20_S494_L001_M_001,2,N/A,N/A,0.0,0.0
Arm10,S494-AM102-20_S494_L001_M_001,2,N/A,N/A,0.0,0.0
Arm11,S494-AM102-20_S494_L001_M_001,2,110.2,108.2,0.0,1.0
Armo01,S494-AM102-20_S494_L001_M_001,2,N/A,N/A,0.0,0.0
Armo02,S494-AM102-20_S494_L001_M_001,2,N/A,N/A,0.0,0.0
Armo03,S494-AM102-20_S494_L001_M_001,2,N/A,N/A,0.0,0.0
Am-AG-1,S494-AM102-20_S494_L001_M_001,2,N/A,N/A,0.0,0.0
Am-AG-10,S494-AM102-20_S494_L001_M_001,2,N/A,N/A,0.0,0.0
Am-AG-2B,S494-AM102-20_S494_L001_M_001,2,N/A,N/A,0.0,0.0
Am-AG-4B,S494-AM102-20_S494_L001_M_001,2,N/A,N/A,0.0,0.0
Am-AG-11,S494-AM102-20_S494_L001_M_001,2,N/A,N/A,0.0,0.0
Am-ATC-2,S494-AM102-20_S494_L001_M_001,2,N/A,N/A,0.0,0.0
Am-ATC-3,S494-AM102-20_S494_L001_M_001,2,N/A,N/A,0.0,0.0
Am-CT-2,S494-AM102-20_S494_L001_M_001,2,N/A,N/A,0.0,0.0
Am-CT-5,S494-AM102-20_S494_L001_M_001,2,N/A,N/A,0.0,0.0
Arm01,S495-AM30-06_S495_L001_M_001,2,87,107,0.0,1.0
Arm02,S495-AM30-06_S495_L001_M_001,2,N/A,N/A,0.0,0.0
Arm03,S495-AM30-06_S495_L001_M_001,2,131,N/A,1.0,0.0
Arm04,S495-AM30-06_S495_L001_M_001,2,179,199,0.0,1.0
Arm05,S495-AM30-06_S495_L001_M_001,2,N/A,N/A,0.0,0.0
Arm06,S495-AM30-06_S495_L001_M_001,2,151,N/A,1.0,0.0
Arm07,S495-AM30-06_S495_L001_M_001,2,189,177,0.0,1.0
Arm08,S495-AM30-06_S495_L001_M_001,2,81,109,0.0,1.0
Arm09,S495-AM30-06_S495_L001_M_001,2,N/A,N/A,0.0,0.0
Arm10,S495-AM30-06_S495_L001_M_001,2,N/A,N/A,0.0,0.0
Arm11,S495-AM30-06_S495_L001_M_001,2,108,N/A,1.0,0.0
Armo01,S495-AM30-06_S495_L001_M_001,2,N/A,N/A,0.0,0.0
Armo02,S495-AM30-06_S495_L001_M_001,2,N/A,N/A,0.0,0.0
Armo03,S495-AM30-06_S495_L001_M_001,2,N/A,N/A,0.0,0.0
Am-AG-1,S495-AM30-06_S495_L001_M_001,2,N/A,N/A,0.0,0.0
Am-AG-10,S495-AM30-06_S495_L001_M_001,2,N/A,N/A,0.0,0.0
Am-AG-2B,S495-AM30-06_S495_L001_M_001,2,N/A,N/A,0.0,0.0
Am-AG-4B,S495-AM30-06_S495_L001_M_001,2,N/A,N/A,0.0,0.0
Am-AG-11,S495-AM30-06_S495_L001_M_001,2,N/A,N/A,0.0,0.0
Am-ATC-2,S495-AM30-06_S495_L001_M_001,2,N/A,N/A,0.0,0.0
Am-ATC-3,S495-AM30-06_S495_L001_M_001,2,N/A,N/A,0.0,0.0
Am-CT-2,S495-AM30-06_S495_L001_M_001,2,N/A,N/A,0.0,0.0
Am-CT-5,S495-AM30-06_S495_L001_M_001,2,N/A,N/A,0.0,0.0
Arm01,S496-AM30-17_S496_L001_M_001,2,87,107,0.0,1.0
Arm02,S496-AM30-17_S496_L001_M_001,2,N/A,N/A,0.0,0.0
Arm03,S496-AM30-17_S496_L001_M_001,2,131,N/A,1.0,0.0
Arm04,S496-AM30-17_S496_L001_M_001,2,171,179,1.771457185412224e-148,1.0
Arm05,S496-AM30-17_S496_L001_M_001,2,N/A,N/A,0.0,0.0
Arm06,S496-AM30-17_S496_L001_M_001,2,147.2,151,0.0,1.0
Arm07,S496-AM30-17_S496_L001_M_001,2,189,N/A,1.0,0.0
Arm08,S496-AM30-17_S496_L001_M_001,2,97,N/A,1.0,0.0
Arm09,S496-AM30-17_S496_L001_M_001,2,N/A,N/A,0.0,0.0
Arm10,S496-AM30-17_S496_L001_M_001,2,N/A,N/A,0.0,0.0
Arm11,S496-AM30-17_S496_L001_M_001,2,108,110.2,0.0,1.0
Armo01,S496-AM30-17_S496_L001_M_001,2,N/A,N/A,0.0,0.0
Armo02,S496-AM30-17_S496_L001_M_001,2,N/A,N/A,0.0,0.0
Armo03,S496-AM30-17_S496_L001_M_001,2,N/A,N/A,0.0,0.0
Am-AG-1,S496-AM30-17_S496_L001_M_001,2,N/A,N/A,0.0,0.0
Am-AG-10,S496-AM30-17_S496_L001_M_001,2,N/A,N/A,0.0,0.0
Am-AG-2B,S496-AM30-17_S496_L001_M_001,2,N/A,N/A,0.0,0.0
Am-AG-4B,S496-AM30-17_S496_L001_M_001,2,N/A,N/A,0.0,0.0
Am-AG-11,S496-AM30-17_S496_L001_M_001,2,N/A,N/A,0.0,0.0
Am-ATC-2,S496-AM30-17_S496_L001_M_001,2,N/A,N/A,0.0,0.0
Am-ATC-3,S496-AM30-17_S496_L001_M_001,2,N/A,N/A,0.0,0.0
Am-CT-2,S496-AM30-17_S496_L001_M_001,2,N/A,N/A,0.0,0.0
Am-CT-5,S496-AM30-17_S496_L001_M_001,2,N/A,N/A,0.0,0.0
Arm01,S497-AM30-05_S497_L001_M_001,2,95,107,0.0,1.0
Arm02,S497-AM30-05_S497_L001_M_001,2,N/A,N/A,0.0,0.0
Arm03,S497-AM30-05_S497_L001_M_001,2,131,131.2,0.0,1.0
Arm04,S497-AM30-05_S497_L001_M_001,2,179,199,0.0,1.0
Arm05,S497-AM30-05_S497_L001_M_001,2,N/A,N/A,0.0,0.0
Arm06,S497-AM30-05_S497_L001_M_001,2,147.2,151,0.0,1.0
Arm07,S497-AM30-05_S497_L001_M_001,2,177,Other sequences,0.0,1.0
Arm08,S497-AM30-05_S497_L001_M_001,2,97,81,0.0,1.0
Arm09,S497-AM30-05_S497_L001_M_001,2,N/A,N/A,0.0,0.0
Arm10,S497-AM30-05_S497_L001_M_001,2,N/A,N/A,0.0,0.0
Arm11,S497-AM30-05_S497_L001_M_001,2,110.2,108.2,0.0,1.0
Armo01,S497-AM30-05_S497_L001_M_001,2,N/A,N/A,0.0,0.0
Armo02,S497-AM30-05_S497_L001_M_001,2,N/A,N/A,0.0,0.0
Armo03,S497-AM30-05_S497_L001_M_001,2,N/A,N/A,0.0,0.0
Am-AG-1,S497-AM30-05_S497_L001_M_001,2,N/A,N/A,0.0,0.0
Am-AG-10,S497-AM30-05_S497_L001_M_001,2,N/A,N/A,0.0,0.0
Am-AG-2B,S497-AM30-05_S497_L001_M_001,2,N/A,N/A,0.0,0.0
Am-AG-4B,S497-AM30-05_S497_L001_M_001,2,N/A,N/A,0.0,0.0
Am-AG-11,S497-AM30-05_S497_L001_M_001,2,N/A,N/A,0.0,0.0
Am-ATC-2,S497-AM30-05_S497_L001_M_001,2,N/A,N/A,0.0,0.0
Am-ATC-3,S497-AM30-05_S497_L001_M_001,2,N/A,N/A,0.0,0.0
Am-CT-2,S497-AM30-05_S497_L001_M_001,2,N/A,N/A,0.0,0.0
Am-CT-5,S497-AM30-05_S497_L001_M_001,2,N/A,N/A,0.0,0.0
Arm01,S498-AM102-22_S498_L001_M_001,2,95,91,1.0,2.7164825326786787e-40
Arm02,S498-AM102-22_S498_L001_M_001,2,N/A,N/A,0.0,0.0
Arm03,S498-AM102-22_S498_L001_M_001,2,131.2,N/A,1.0,0.0
Arm04,S498-AM102-22_S498_L001_M_001,2,187,199,0.0,1.0
Arm05,S498-AM102-22_S498_L001_M_001,2,N/A,N/A,0.0,0.0
Arm06,S498-AM102-22_S498_L001_M_001,2,151,N/A,1.0,0.0
Arm07,S498-AM102-22_S498_L001_M_001,2,185,N/A,1.0,0.0
Arm08,S498-AM102-22_S498_L001_M_001,2,81,97,0.0,1.0
Arm09,S498-AM102-22_S498_L001_M_001,2,N/A,N/A,0.0,0.0
Arm10,S498-AM102-22_S498_L001_M_001,2,N/A,N/A,0.0,0.0
Arm11,S498-AM102-22_S498_L001_M_001,2,110,110.2,0.0,1.0
Armo01,S498-AM102-22_S498_L001_M_001,2,N/A,N/A,0.0,0.0
Armo02,S498-AM102-22_S498_L001_M_001,2,N/A,N/A,0.0,0.0
Armo03,S498-AM102-22_S498_L001_M_001,2,N/A,N/A,0.0,0.0
Am-AG-1,S498-AM102-22_S498_L001_M_001,2,N/A,N/A,0.0,0.0
Am-AG-10,S498-AM102-22_S498_L001_M_001,2,N/A,N/A,0.0,0.0
Am-AG-2B,S498-AM102-22_S498_L001_M_001,2,N/A,N/A,0.0,0.0
Am-AG-4B,S498-AM102-22_S498_L001_M_001,2,N/A,N/A,0.0,0.0
Am-AG-11,S498-AM102-22_S498_L001_M_001,2,N/A,N/A,0.0,0.0
Am-ATC-2,S498-AM102-22_S498_L001_M_001,2,N/A,N/A,0.0,0.0
Am-ATC-3,S498-AM102-22_S498_L001_M_001,2,N/A,N/A,0.0,0.0
Am-CT-2,S498-AM102-22_S498_L001_M_001,2,N/A,N/A,0.0,0.0
Am-CT-5,S498-AM102-22_S498_L001_M_001,2,N/A,N/A,0.0,0.0
Arm01,S499-AM102-23_S499_L001_M_001,2,95,N/A,1.0,0.0
Arm02,S499-AM102-23_S499_L001_M_001,2,N/A,N/A,0.0,0.0
Arm03,S499-AM102-23_S499_L001_M_001,2,131,131.2,0.0,1.0
Arm04,S499-AM102-23_S499_L001_M_001,2,179,199,0.0,1.0
Arm05,S499-AM102-23_S499_L001_M_001,2,N/A,N/A,0.0,0.0
Arm06,S499-AM102-23_S499_L001_M_001,2,147.2,151,0.0,1.0
Arm07,S499-AM102-23_S499_L001_M_001,2,177,Other sequences,0.0,1.0
Arm08,S499-AM102-23_S499_L001_M_001,2,97,109,0.0,1.0
Arm09,S499-AM102-23_S499_L001_M_001,2,N/A,N/A,0.0,0.0
Arm10,S499-AM102-23_S499_L001_M_001,2,N/A,N/A,0.0,0.0
Arm11,S499-AM102-23_S499_L001_M_001,2,110,110.2,0.0,1.0
Armo01,S499-AM102-23_S499_L001_M_001,2,N/A,N/A,0.0,0.0
Armo02,S499-AM102-23_S499_L001_M_001,2,N/A,N/A,0.0,0.0
Armo03,S499-AM102-23_S499_L001_M_001,2,N/A,N/A,0.0,0.0
Am-AG-1,S499-AM102-23_S499_L001_M_001,2,N/A,N/A,0.0,0.0
Am-AG-10,S499-AM102-23_S499_L001_M_001,2,N/A,N/A,0.0,0.0
Am-AG-2B,S499-AM102-23_S499_L001_M_001,2,N/A,N/A,0.0,0.0
Am-AG-4B,S499-AM102-23_S499_L001_M_001,2,N/A,N/A,0.0,0.0
Am-AG-11,S499-AM102-23_S499_L001_M_001,2,N/A,N/A,0.0,0.0
Am-ATC-2,S499-AM102-23_S499_L001_M_001,2,N/A,N/A,0.0,0.0
Am-ATC-3,S499-AM102-23_S499_L001_M_001,2,N/A,N/A,0.0,0.0
Am-CT-2,S499-AM102-23_S499_L001_M_001,2,N/A,N/A,0.0,0.0
Am-CT-5,S499-AM102-23_S499_L001_M_001,2,N/A,N/A,0.0,0.0
Arm01,S500-AM46-16_S500_L001_M_001,2,87,103,0.0,1.0
Arm02,S500-AM46-16_S500_L001_M_001,2,N/A,N/A,0.0,0.0
Arm03,S500-AM46-16_S500_L001_M_001,2,119.2,131.2,0.0,1.0
Arm04,S500-AM46-16_S500_L001_M_001,2,163,187,0.0,1.0
Arm05,S500-AM46-16_S500_L001_M_001,2,N/A,N/A,0.0,0.0
Arm06,S500-AM46-16_S500_L001_M_001,2,147.2,N/A,1.0,0.0
Arm07,S500-AM46-16_S500_L001_M_001,2,177,185,5.756677164729325e-14,0.9999999999999425
Arm08,S500-AM46-16_S500_L001_M_001,2,97,117,0.0,1.0
Arm09,S500-AM46-16_S500_L001_M_001,2,N/A,N/A,0.0,0.0
Arm10,S500-AM46-16_S500_L001_M_001,2,N/A,N/A,0.0,0.0
Arm11,S500-AM46-16_S500_L001_M_001,2,108,110.2,0.0,1.0
Armo01,S500-AM46-16_S500_L001_M_001,2,N/A,N/A,0.0,0.0
Armo02,S500-AM46-16_S500_L001_M_001,2,N/A,N/A,0.0,0.0
Armo03,S500-AM46-16_S500_L001_M_001,2,N/A,N/A,0.0,0.0
Am-AG-1,S500-AM46-16_S500_L001_M_001,2,N/A,N/A,0.0,0.0
Am-AG-10,S500-AM46-16_S500_L001_M_001,2,N/A,N/A,0.0,0.0
Am-AG-2B,S500-AM46-16_S500_L001_M_001,2,N/A,N/A,0.0,0.0
Am-AG-4B,S500-AM46-16_S500_L001_M_001,2,N/A,N/A,0.0,0.0
Am-AG-11,S500-AM46-16_S500_L001_M_001,2,N/A,N/A,0.0,0.0
Am-ATC-2,S500-AM46-16_S500_L001_M_001,2,N/A,N/A,0.0,0.0
Am-ATC-3,S500-AM46-16_S500_L001_M_001,2,N/A,N/A,0.0,0.0
Am-CT-2,S500-AM46-16_S500_L001_M_001,2,N/A,N/A,0.0,0.0
Am-CT-5,S500-AM46-16_S500_L001_M_001,2,N/A,N/A,0.0,0.0
Arm01,S501-AM46-18_S501_L001_M_001,2,87,103,0.0,1.0
Arm02,S501-AM46-18_S501_L001_M_001,2,N/A,N/A,0.0,0.0
Arm03,S501-AM46-18_S501_L001_M_001,2,119.2,119,0.0,1.0
Arm04,S501-AM46-18_S501_L001_M_001,2,187,163,0.0,1.0
Arm05,S501-AM46-18_S501_L001_M_001,2,N/A,N/A,0.0,0.0
Arm06,S501-AM46-18_S501_L001_M_001,2,147.2,N/A,1.0,0.0
Arm07,S501-AM46-18_S501_L001_M_001,2,185,Other sequences,0.0,1.0
Arm08,S501-AM46-18_S501_L001_M_001,2,81,93,0.0,1.0
Arm09,S501-AM46-18_S501_L001_M_001,2,N/A,N/A,0.0,0.0
Arm10,S501-AM46-18_S501_L001_M_001,2,N/A,N/A,0.0,0.0
Arm11,S501-AM46-18_S501_L001_M_001,2,110.2,108,0.0,1.0
Armo01,S501-AM46-18_S501_L001_M_001,2,N/A,N/A,0.0,0.0
Armo02,S501-AM46-18_S501_L001_M_001,2,N/A,N/A,0.0,0.0
Armo03,S501-AM46-18_S501_L001_M_001,2,N/A,N/A,0.0,0.0
Am-AG-1,S501-AM46-18_S501_L001_M_001,2,N/A,N/A,0.0,0.0
Am-AG-10,S501-AM46-18_S501_L001_M_001,2,N/A,N/A,0.0,0.0
Am-AG-2B,S501-AM46-18_S501_L001_M_001,2,N/A,N/A,0.0,0.0
Am-AG-4B,S501-AM46-18_S501_L001_M_001,2,N/A,N/A,0.0,0.0
Am-AG-11,S501-AM46-18_S501_L001_M_001,2,N/A,N/A,0.0,0.0
Am-ATC-2,S501-AM46-18_S501_L001_M_001,2,N/A,N/A,0.0,0.0
Am-ATC-3,S501-AM46-18_S501_L001_M_001,2,N/A,N/A,0.0,0.0
Am-CT-2,S501-AM46-18_S501_L001_M_001,2,N/A,N/A,0.0,0.0
Am-CT-5,S501-AM46-18_S501_L001_M_001,2,N/A,N/A,0.0,0.0
Arm01,S502-AM202-01_S502_L001_M_001,2,87,115,0.0,1.0
Arm02,S502-AM202-01_S502_L001_M_001,2,N/A,N/A,0.0,0.0
Arm03,S502-AM202-01_S502_L001_M_001,2,131.2,N/A,1.0,0.0
Arm04,S502-AM202-01_S502_L001_M_001,2,171,179,5.017767496939279e-162,1.0
Arm05,S502-AM202-01_S502_L001_M_001,2,N/A,N/A,0.0,0.0
Arm06,S502-AM202-01_S502_L001_M_001,2,151,N/A,1.0,0.0
Arm07,S502-AM202-01_S502_L001_M_001,2,185,N/A,1.0,0.0
Arm08,S502-AM202-01_S502_L001_M_001,2,93,N/A,1.0,0.0
Arm09,S502-AM202-01_S502_L001_M_001,2,N/A,N/A,0.0,0.0
Arm10,S502-AM202-01_S502_L001_M_001,2,N/A,N/A,0.0,0.0
Arm11,S502-AM202-01_S502_L001_M_001,2,110,108.3,0.0,1.0
Armo01,S502-AM202-01_S502_L001_M_001,2,N/A,N/A,0.0,0.0
Armo02,S502-AM202-01_S502_L001_M_001,2,N/A,N/A,0.0,0.0
Armo03,S502-AM202-01_S502_L001_M_001,2,N/A,N/A,0.0,0.0
Am-AG-1,S502-AM202-01_S502_L001_M_001,2,N/A,N/A,0.0,0.0
Am-AG-10,S502-AM202-01_S502_L001_M_001,2,N/A,N/A,0.0,0.0
Am-AG-2B,S502-AM202-01_S502_L001_M_001,2,N/A,N/A,0.0,0.0
Am-AG-4B,S502-AM202-01_S502_L001_M_001,2,N/A,N/A,0.0,0.0
Am-AG-11,S502-AM202-01_S502_L001_M_001,2,N/A,N/A,0.0,0.0
Am-ATC-2,S502-AM202-01_S502_L001_M_001,2,N/A,N/A,0.0,0.0
Am-ATC-3,S502-AM202-01_S502_L001_M_001,2,N/A,N/A,0.0,0.0
Am-CT-2,S502-AM202-01_S502_L001_M_001,2,N/A,N/A,0.0,0.0
Am-CT-5,S502-AM202-01_S502_L001_M_001,2,N/A,N/A,0.0,0.0
Arm01,S503-AM205-01_S503_L001_M_001,2,95,107,0.0,1.0
Arm02,S503-AM205-01_S503_L001_M_001,2,N/A,N/A,0.0,0.0
Arm03,S503-AM205-01_S503_L001_M_001,2,131,131.2,0.0,1.0
Arm04,S503-AM205-01_S503_L001_M_001,2,179,199,0.0,1.0
Arm05,S503-AM205-01_S503_L001_M_001,2,N/A,N/A,0.0,0.0
Arm06,S503-AM205-01_S503_L001_M_001,2,147.2,151,0.0,1.0
Arm07,S503-AM205-01_S503_L001_M_001,2,177,189,0.0,1.0
Arm08,S503-AM205-01_S503_L001_M_001,2,97,81,0.0,1.0
Arm09,S503-AM205-01_S503_L001_M_001,2,N/A,N/A,0.0,0.0
Arm10,S503-AM205-01_S503_L001_M_001,2,N/A,N/A,0.0,0.0
Arm11,S503-AM205-01_S503_L001_M_001,2,110.2,108.2,0.0,1.0
Armo01,S503-AM205-01_S503_L001_M_001,2,N/A,N/A,0.0,0.0
Armo02,S503-AM205-01_S503_L001_M_001,2,N/A,N/A,0.0,0.0
Armo03,S503-AM205-01_S503_L001_M_001,2,N/A,N/A,0.0,0.0
Am-AG-1,S503-AM205-01_S503_L001_M_001,2,N/A,N/A,0.0,0.0
Am-AG-10,S503-AM205-01_S503_L001_M_001,2,N/A,N/A,0.0,0.0
Am-AG-2B,S503-AM205-01_S503_L001_M_001,2,N/A,N/A,0.0,0.0
Am-AG-4B,S503-AM205-01_S503_L001_M_001,2,N/A,N/A,0.0,0.0
Am-AG-11,S503-AM205-01_S503_L001_M_001,2,N/A,N/A,0.0,0.0
Am-ATC-2,S503-AM205-01_S503_L001_M_001,2,N/A,N/A,0.0,0.0
Am-ATC-3,S503-AM205-01_S503_L001_M_001,2,N/A,N/A,0.0,0.0
Am-CT-2,S503-AM205-01_S503_L001_M_001,2,N/A,N/A,0.0,0.0
Am-CT-5,S503-AM205-01_S503_L001_M_001,2,N/A,N/A,0.0,0.0
Arm01,S504-AM102-08_S504_L001_M_001,2,95,83,0.0,1.0
Arm02,S504-AM102-08_S504_L001_M_001,2,N/A,N/A,0.0,0.0
Arm03,S504-AM102-08_S504_L001_M_001,2,131,N/A,1.0,0.0
Arm04,S504-AM102-08_S504_L001_M_001,2,179,N/A,1.0,0.0
Arm05,S504-AM102-08_S504_L001_M_001,2,N/A,N/A,0.0,0.0
Arm06,S504-AM102-08_S504_L001_M_001,2,147.2,N/A,1.0,0.0
Arm07,S504-AM102-08_S504_L001_M_001,2,189,177,0.0,1.0
Arm08,S504-AM102-08_S504_L001_M_001,2,97,109,0.0,1.0
Arm09,S504-AM102-08_S504_L001_M_001,2,N/A,N/A,0.0,0.0
Arm10,S504-AM102-08_S504_L001_M_001,2,N/A,N/A,0.0,0.0
Arm11,S504-AM102-08_S504_L001_M_001,2,110,110.2,0.0,1.0
Armo01,S504-AM102-08_S504_L001_M_001,2,N/A,N/A,0.0,0.0
Armo02,S504-AM102-08_S504_L001_M_001,2,N/A,N/A,0.0,0.0
Armo03,S504-AM102-08_S504_L001_M_001,2,N/A,N/A,0.0,0.0
Am-AG-1,S504-AM102-08_S504_L001_M_001,2,N/A,N/A,0.0,0.0
Am-AG-10,S504-AM102-08_S504_L001_M_001,2,N/A,N/A,0.0,0.0
Am-AG-2B,S504-AM102-08_S504_L001_M_001,2,N/A,N/A,0.0,0.0
Am-AG-4B,S504-AM102-08_S504_L001_M_001,2,N/A,N/A,0.0,0.0
Am-AG-11,S504-AM102-08_S504_L001_M_001,2,N/A,N/A,0.0,0.0
Am-ATC-2,S504-AM102-08_S504_L001_M_001,2,N/A,N/A,0.0,0.0
Am-ATC-3,S504-AM102-08_S504_L001_M_001,2,N/A,N/A,0.0,0.0
Am-CT-2,S504-AM102-08_S504_L001_M_001,2,N/A,N/A,0.0,0.0
Am-CT-5,S504-AM102-08_S504_L001_M_001,2,N/A,N/A,0.0,0.0
Arm01,S505-AM30-08_S505_L001_M_001,2,87,N/A,1.0,0.0
Arm02,S505-AM30-08_S505_L001_M_001,2,N/A,N/A,0.0,0.0
Arm03,S505-AM30-08_S505_L001_M_001,2,131,N/A,1.0,0.0
Arm04,S505-AM30-08_S505_L001_M_001,2,179,191,0.0,1.0
Arm05,S505-AM30-08_S505_L001_M_001,2,N/A,N/A,0.0,0.0
Arm06,S505-AM30-08_S505_L001_M_001,2,147.2,N/A,1.0,0.0
Arm07,S505-AM30-08_S505_L001_M_001,2,185,N/A,1.0,0.0
Arm08,S505-AM30-08_S505_L001_M_001,2,81,97,0.0,1.0
Arm09,S505-AM30-08_S505_L001_M_001,2,N/A,N/A,0.0,0.0
Arm10,S505-AM30-08_S505_L001_M_001,2,N/A,N/A,0.0,0.0
Arm11,S505-AM30-08_S505_L001_M_001,2,108,110.2,0.0,1.0
Armo01,S505-AM30-08_S505_L001_M_001,2,N/A,N/A,0.0,0.0
Armo02,S505-AM30-08_S505_L001_M_001,2,N/A,N/A,0.0,0.0
Armo03,S505-AM30-08_S505_L001_M_001,2,N/A,N/A,0.0,0.0
Am-AG-1,S505-AM30-08_S505_L001_M_001,2,N/A,N/A,0.0,0.0
Am-AG-10,S505-AM30-08_S505_L001_M_001,2,N/A,N/A,0.0,0.0
Am-AG-2B,S505-AM30-08_S505_L001_M_001,2,N/A,N/A,0.0,0.0
Am-AG-4B,S505-AM30-08_S505_L001_M_001,2,N/A,N/A,0.0,0.0
Am-AG-11,S505-AM30-08_S505_L001_M_001,2,N/A,N/A,0.0,0.0
Am-ATC-2,S505-AM30-08_S505_L001_M_001,2,N/A,N/A,0.0,0.0
Am-ATC-3,S505-AM30-08_S505_L001_M_001,2,N/A,N/A,0.0,0.0
Am-CT-2,S505-AM30-08_S505_L001_M_001,2,N/A,N/A,0.0,0.0
Am-CT-5,S505-AM30-08_S505_L001_M_001,2,N/A,N/A,0.0,0.0
Arm01,S506-AM30-03_S506_L001_M_001,2,83,95,0.0,1.0
Arm02,S506-AM30-03_S506_L001_M_001,2,N/A,N/A,0.0,0.0
Arm03,S506-AM30-03_S506_L001_M_001,2,119.2,131,0.0,1.0
Arm04,S506-AM30-03_S506_L001_M_001,2,163,179,0.0,1.0
Arm05,S506-AM30-03_S506_L001_M_001,2,N/A,N/A,0.0,0.0
Arm06,S506-AM30-03_S506_L001_M_001,2,151,201,0.0,1.0
Arm07,S506-AM30-03_S506_L001_M_001,2,189,177,0.0,1.0
Arm08,S506-AM30-03_S506_L001_M_001,2,93,109,0.0,1.0
Arm09,S506-AM30-03_S506_L001_M_001,2,N/A,N/A,0.0,0.0
Arm10,S506-AM30-03_S506_L001_M_001,2,N/A,N/A,0.0,0.0
Arm11,S506-AM30-03_S506_L001_M_001,2,108,110.2,0.0,1.0
Armo01,S506-AM30-03_S506_L001_M_001,2,N/A,N/A,0.0,0.0
Armo02,S506-AM30-03_S506_L001_M_001,2,N/A,N/A,0.0,0.0
Armo03,S506-AM30-03_S506_L001_M_001,2,N/A,N/A,0.0,0.0
Am-AG-1,S506-AM30-03_S506_L001_M_001,2,N/A,N/A,0.0,0.0
Am-AG-10,S506-AM30-03_S506_L001_M_001,2,N/A,N/A,0.0,0.0
Am-AG-2B,S506-AM30-03_S506_L001_M_001,2,N/A,N/A,0.0,0.0
Am-AG-4B,S506-AM30-03_S506_L001_M_001,2,N/A,N/A,0.0,0.0
Am-AG-11,S506-AM30-03_S506_L001_M_001,2,N/A,N/A,0.0,0.0
Am-ATC-2,S506-AM30-03_S506_L001_M_001,2,N/A,N/A,0.0,0.0
Am-ATC-3,S506-AM30-03_S506_L001_M_001,2,N/A,N/A,0.0,0.0
Am-CT-2,S506-AM30-03_S506_L001_M_001,2,N/A,N/A,0.0,0.0
Am-CT-5,S506-AM30-03_S506_L001_M_001,2,N/A,N/A,0.0,0.0
Arm01,S507-AM46-12_S507_L001_M_001,2,87,103,0.0,1.0
Arm02,S507-AM46-12_S507_L001_M_001,2,N/A,N/A,0.0,0.0
Arm03,S507-AM46-12_S507_L001_M_001,2,119.2,131.2,0.0,1.0
Arm04,S507-AM46-12_S507_L001_M_001,2,163,187,0.0,1.0
Arm05,S507-AM46-12_S507_L001_M_001,2,N/A,N/A,0.0,0.0
Arm06,S507-AM46-12_S507_L001_M_001,2,147.2,N/A,1.0,0.0
Arm07,S507-AM46-12_S507_L001_M_001,2,177,Other sequences,0.0,1.0
Arm08,S507-AM46-12_S507_L001_M_001,2,109,113,1.0,7.495999588844448e-134
Arm09,S507-AM46-12_S507_L001_M_001,2,N/A,N/A,0.0,0.0
Arm10,S507-AM46-12_S507_L001_M_001,2,N/A,N/A,0.0,0.0
Arm11,S507-AM46-12_S507_L001_M_001,2,108,110.2,0.0,1.0
Armo01,S507-AM46-12_S507_L001_M_001,2,N/A,N/A,0.0,0.0
Armo02,S507-AM46-12_S507_L001_M_001,2,N/A,N/A,0.0,0.0
Armo03,S507-AM46-12_S507_L001_M_001,2,N/A,N/A,0.0,0.0
Am-AG-1,S507-AM46-12_S507_L001_M_001,2,N/A,N/A,0.0,0.0
Am-AG-10,S507-AM46-12_S507_L001_M_001,2,N/A,N/A,0.0,0.0
Am-AG-2B,S507-AM46-12_S507_L001_M_001,2,N/A,N/A,0.0,0.0
Am-AG-4B,S507-AM46-12_S507_L001_M_001,2,N/A,N/A,0.0,0.0
Am-AG-11,S507-AM46-12_S507_L001_M_001,2,N/A,N/A,0.0,0.0
Am-ATC-2,S507-AM46-12_S507_L001_M_001,2,N/A,N/A,0.0,0.0
Am-ATC-3,S507-AM46-12_S507_L001_M_001,2,N/A,N/A,0.0,0.0
Am-CT-2,S507-AM46-12_S507_L001_M_001,2,N/A,N/A,0.0,0.0
Am-CT-5,S507-AM46-12_S507_L001_M_001,2,N/A,N/A,0.0,0.0
Arm01,S508-AM102-09_S508_L001_M_001,2,95,107,0.0,1.0
Arm02,S508-AM102-09_S508_L001_M_001,2,N/A,N/A,0.0,0.0
Arm03,S508-AM102-09_S508_L001_M_001,2,131.2,131,0.0,1.0
Arm04,S508-AM102-09_S508_L001_M_001,2,179,175,1.0,8.3040145880561e-35
Arm05,S508-AM102-09_S508_L001_M_001,2,N/A,N/A,0.0,0.0
Arm06,S508-AM102-09_S508_L001_M_001,2,151,N/A,1.0,0.0
Arm07,S508-AM102-09_S508_L001_M_001,2,185,N/A,1.0,0.0
Arm08,S508-AM102-09_S508_L001_M_001,2,81,109,0.0,1.0
Arm09,S508-AM102-09_S508_L001_M_001,2,N/A,N/A,0.0,0.0
Arm10,S508-AM102-09_S508_L001_M_001,2,N/A,N/A,0.0,0.0
Arm11,S508-AM102-09_S508_L001_M_001,2,110,110.2,0.0,1.0
Armo01,S508-AM102-09_S508_L001_M_001,2,N/A,N/A,0.0,0.0
Armo02,S508-AM102-09_S508_L001_M_001,2,N/A,N/A,0.0,0.0
Armo03,S508-AM102-09_S508_L001_M_001,2,N/A,N/A,0.0,0.0
Am-AG-1,S508-AM102-09_S508_L001_M_001,2,N/A,N/A,0.0,0.0
Am-AG-10,S508-AM102-09_S508_L001_M_001,2,N/A,N/A,0.0,0.0
Am-AG-2B,S508-AM102-09_S508_L001_M_001,2,N/A,N/A,0.0,0.0
Am-AG-4B,S508-AM102-09_S508_L001_M_001,2,N/A,N/A,0.0,0.0
Am-AG-11,S508-AM102-09_S508_L001_M_001,2,N/A,N/A,0.0,0.0
Am-ATC-2,S508-AM102-09_S508_L001_M_001,2,N/A,N/A,0.0,0.0
Am-ATC-3,S508-AM102-09_S508_L001_M_001,2,N/A,N/A,0.0,0.0
Am-CT-2,S508-AM102-09_S508_L001_M_001,2,N/A,N/A,0.0,0.0
Am-CT-5,S508-AM102-09_S508_L001_M_001,2,N/A,N/A,0.0,0.0
Arm01,S509-AM30-09_S509_L001_M_001,2,87,N/A,1.0,0.0
Arm02,S509-AM30-09_S509_L001_M_001,2,N/A,N/A,0.0,0.0
Arm03,S509-AM30-09_S509_L001_M_001,2,131,N/A,1.0,0.0
Arm04,S509-AM30-09_S509_L001_M_001,2,179,191,0.0,1.0
Arm05,S509-AM30-09_S509_L001_M_001,2,N/A,N/A,0.0,0.0
Arm06,S509-AM30-09_S509_L001_M_001,2,147.2,N/A,1.0,0.0
Arm07,S509-AM30-09_S509_L001_M_001,2,185,N/A,1.0,0.0
Arm08,S509-AM30-09_S509_L001_M_001,2,81,97,0.0,1.0
Arm09,S509-AM30-09_S509_L001_M_001,2,N/A,N/A,0.0,0.0
Arm10,S509-AM30-09_S509_L001_M_001,2,N/A,N/A,0.0,0.0
Arm11,S509-AM30-09_S509_L001_M_001,2,108,110.2,0.0,1.0
Armo01,S509-AM30-09_S509_L001_M_001,2,N/A,N/A,0.0,0.0
Armo02,S509-AM30-09_S509_L001_M_001,2,N/A,N/A,0.0,0.0
Armo03,S509-AM30-09_S509_L001_M_001,2,N/A,N/A,0.0,0.0
Am-AG-1,S509-AM30-09_S509_L001_M_001,2,N/A,N/A,0.0,0.0
Am-AG-10,S509-AM30-09_S509_L001_M_001,2,N/A,N/A,0.0,0.0
Am-AG-2B,S509-AM30-09_S509_L001_M_001,2,N/A,N/A,0.0,0.0
Am-AG-4B,S509-AM30-09_S509_L001_M_001,2,N/A,N/A,0.0,0.0
Am-AG-11,S509-AM30-09_S509_L001_M_001,2,N/A,N/A,0.0,0.0
Am-ATC-2,S509-AM30-09_S509_L001_M_001,2,N/A,N/A,0.0,0.0
Am-ATC-3,S509-AM30-09_S509_L001_M_001,2,N/A,N/A,0.0,0.0
Am-CT-2,S509-AM30-09_S509_L001_M_001,2,N/A,N/A,0.0,0.0
Am-CT-5,S509-AM30-09_S509_L001_M_001,2,N/A,N/A,0.0,0.0
Arm01,S510-AM102-18_S510_L001_M_001,2,95,107,0.0,1.0
Arm02,S510-AM102-18_S510_L001_M_001,2,N/A,N/A,0.0,0.0
Arm03,S510-AM102-18_S510_L001_M_001,2,131,N/A,1.0,0.0
Arm04,S510-AM102-18_S510_L001_M_001,2,179,175,1.0,1.429805019829978e-35
Arm05,S510-AM102-18_S510_L001_M_001,2,N/A,N/A,0.0,0.0
Arm06,S510-AM102-18_S510_L001_M_001,2,147.2,151,0.0,1.0
Arm07,S510-AM102-18_S510_L001_M_001,2,177,N/A,1.0,0.0
Arm08,S510-AM102-18_S510_L001_M_001,2,97,81,0.0,1.0
Arm09,S510-AM102-18_S510_L001_M_001,2,N/A,N/A,0.0,0.0
Arm10,S510-AM102-18_S510_L001_M_001,2,N/A,N/A,0.0,0.0
Arm11,S510-AM102-18_S510_L001_M_001,2,110.2,108.2,0.0,1.0
Armo01,S510-AM102-18_S510_L001_M_001,2,N/A,N/A,0.0,0.0
Armo02,S510-AM102-18_S510_L001_M_001,2,N/A,N/A,0.0,0.0
Armo03,S510-AM102-18_S510_L001_M_001,2,N/A,N/A,0.0,0.0
Am-AG-1,S510-AM102-18_S510_L001_M_001,2,N/A,N/A,0.0,0.0
Am-AG-10,S510-AM102-18_S510_L001_M_001,2,N/A,N/A,0.0,0.0
Am-AG-2B,S510-AM102-18_S510_L001_M_001,2,N/A,N/A,0.0,0.0
Am-AG-4B,S510-AM102-18_S510_L001_M_001,2,N/A,N/A,0.0,0.0
Am-AG-11,S510-AM102-18_S510_L001_M_001,2,N/A,N/A,0.0,0.0
Am-ATC-2,S510-AM102-18_S510_L001_M_001,2,N/A,N/A,0.0,0.0
Am-ATC-3,S510-AM102-18_S510_L001_M_001,2,N/A,N/A,0.0,0.0
Am-CT-2,S510-AM102-18_S510_L001_M_001,2,N/A,N/A,0.0,0.0
Am-CT-5,S510-AM102-18_S510_L001_M_001,2,N/A,N/A,0.0,0.0
Arm01,S511-AM30-02_S511_L001_M_001,2,83,91,3.8797220662136514e-167,1.0
Arm02,S511-AM30-02_S511_L001_M_001,2,N/A,N/A,0.0,0.0
Arm03,S511-AM30-02_S511_L001_M_001,2,131,N/A,1.0,0.0
Arm04,S511-AM30-02_S511_L001_M_001,2,179,N/A,1.0,0.0
Arm05,S511-AM30-02_S511_L001_M_001,2,N/A,N/A,0.0,0.0
Arm06,S511-AM30-02_S511_L001_M_001,2,147.2,151,0.0,1.0
Arm07,S511-AM30-02_S511_L001_M_001,2,185,N/A,1.0,0.0
Arm08,S511-AM30-02_S511_L001_M_001,2,81,93,0.0,1.0
Arm09,S511-AM30-02_S511_L001_M_001,2,N/A,N/A,0.0,0.0
Arm10,S511-AM30-02_S511_L001_M_001,2,N/A,N/A,0.0,0.0
Arm11,S511-AM30-02_S511_L001_M_001,2,110,110.2,0.0,1.0
Armo01,S511-AM30-02_S511_L001_M_001,2,N/A,N/A,0.0,0.0
Armo02,S511-AM30-02_S511_L001_M_001,2,N/A,N/A,0.0,0.0
Armo03,S511-AM30-02_S511_L001_M_001,2,N/A,N/A,0.0,0.0
Am-AG-1,S511-AM30-02_S511_L001_M_001,2,N/A,N/A,0.0,0.0
Am-AG-10,S511-AM30-02_S511_L001_M_001,2,N/A,N/A,0.0,0.0
Am-AG-2B,S511-AM30-02_S511_L001_M_001,2,N/A,N/A,0.0,0.0
Am-AG-4B,S511-AM30-02_S511_L001_M_001,2,N/A,N/A,0.0,0.0
Am-AG-11,S511-AM30-02_S511_L001_M_001,2,N/A,N/A,0.0,0.0
Am-ATC-2,S511-AM30-02_S511_L001_M_001,2,N/A,N/A,0.0,0.0
Am-ATC-3,S511-AM30-02_S511_L001_M_001,2,N/A,N/A,0.0,0.0
Am-CT-2,S511-AM30-02_S511_L001_M_001,2,N/A,N/A,0.0,0.0
Am-CT-5,S511-AM30-02_S511_L001_M_001,2,N/A,N/A,0.0,0.0
Arm01,S512-AM30-10_S512_L001_M_001,2,95,107,0.0,1.0
Arm02,S512-AM30-10_S512_L001_M_001,2,N/A,N/A,0.0,0.0
Arm03,S512-AM30-10_S512_L001_M_001,2,131.2,N/A,1.0,0.0
Arm04,S512-AM30-10_S512_L001_M_001,2,163,199,0.0,1.0
Arm05,S512-AM30-10_S512_L001_M_001,2,N/A,N/A,0.0,0.0
Arm06,S512-AM30-10_S512_L001_M_001,2,147.2,N/A,1.0,0.0
Arm07,S512-AM30-10_S512_L001_M_001,2,177,185,2.560754167250045e-196,1.0
Arm08,S512-AM30-10_S512_L001_M_001,2,81,97,0.0,1.0
Arm09,S512-AM30-10_S512_L001_M_001,2,N/A,N/A,0.0,0.0
Arm10,S512-AM30-10_S512_L001_M_001,2,N/A,N/A,0.0,0.0
Arm11,S512-AM30-10_S512_L001_M_001,2,110.2,108.2,0.0,1.0
Armo01,S512-AM30-10_S512_L001_M_001,2,N/A,N/A,0.0,0.0
Armo02,S512-AM30-10_S512_L001_M_001,2,N/A,N/A,0.0,0.0
Armo03,S512-AM30-10_S512_L001_M_001,2,N/A,N/A,0.0,0.0
Am-AG-1,S512-AM30-10_S512_L001_M_001,2,N/A,N/A,0.0,0.0
Am-AG-10,S512-AM30-10_S512_L001_M_001,2,N/A,N/A,0.0,0.0
Am-AG-2B,S512-AM30-10_S512_L001_M_001,2,N/A,N/A,0.0,0.0
Am-AG-4B,S512-AM30-10_S512_L001_M_001,2,N/A,N/A,0.0,0.0
Am-AG-11,S512-AM30-10_S512_L001_M_001,2,N/A,N/A,0.0,0.0
Am-ATC-2,S512-AM30-10_S512_L001_M_001,2,N/A,N/A,0.0,0.0
Am-ATC-3,S512-AM30-10_S512_L001_M_001,2,N/A,N/A,0.0,0.0
Am-CT-2,S512-AM30-10_S512_L001_M_001,2,N/A,N/A,0.0,0.0
Am-CT-5,S512-AM30-10_S512_L001_M_001,2,N/A,N/A,0.0,0.0
Arm01,S513-AM202-02_S513_L001_M_001,2,87,107,0.0,1.0
Arm02,S513-AM202-02_S513_L001_M_001,2,N/A,N/A,0.0,0.0
Arm03,S513-AM202-02_S513_L001_M_001,2,131,N/A,1.0,0.0
Arm04,S513-AM202-02_S513_L001_M_001,2,191,199,2.049406638979518e-126,1.0
Arm05,S513-AM202-02_S513_L001_M_001,2,N/A,N/A,0.0,0.0
Arm06,S513-AM202-02_S513_L001_M_001,2,151,N/A,1.0,0.0
Arm07,S513-AM202-02_S513_L001_M_001,2,177,185,6.000754000243096e-137,1.0
Arm08,S513-AM202-02_S513_L001_M_001,2,81,N/A,1.0,0.0
Arm09,S513-AM202-02_S513_L001_M_001,2,N/A,N/A,0.0,0.0
Arm10,S513-AM202-02_S513_L001_M_001,2,N/A,N/A,0.0,0.0
Arm11,S513-AM202-02_S513_L001_M_001,2,110,110.2,0.0,1.0
Armo01,S513-AM202-02_S513_L001_M_001,2,N/A,N/A,0.0,0.0
Armo02,S513-AM202-02_S513_L001_M_001,2,N/A,N/A,0.0,0.0
Armo03,S513-AM202-02_S513_L001_M_001,2,N/A,N/A,0.0,0.0
Am-AG-1,S513-AM202-02_S513_L001_M_001,2,N/A,N/A,0.0,0.0
Am-AG-10,S513-AM202-02_S513_L001_M_001,2,N/A,N/A,0.0,0.0
Am-AG-2B,S513-AM202-02_S513_L001_M_001,2,N/A,N/A,0.0,0.0
Am-AG-4B,S513-AM202-02_S513_L001_M_001,2,N/A,N/A,0.0,0.0
Am-AG-11,S513-AM202-02_S513_L001_M_001,2,N/A,N/A,0.0,0.0
Am-ATC-2,S513-AM202-02_S513_L001_M_001,2,N/A,N/A,0.0,0.0
Am-ATC-3,S513-AM202-02_S513_L001_M_001,2,N/A,N/A,0.0,0.0
Am-CT-2,S513-AM202-02_S513_L001_M_001,2,N/A,N/A,0.0,0.0
Am-CT-5,S513-AM202-02_S513_L001_M_001,2,N/A,N/A,0.0,0.0
Arm01,S514-AM46-14_S514_L001_M_001,2,87,103,0.0,1.0
Arm02,S514-AM46-14_S514_L001_M_001,2,N/A,N/A,0.0,0.0
Arm03,S514-AM46-14_S514_L001_M_001,2,119.2,131.2,0.0,1.0
Arm04,S514-AM46-14_S514_L001_M_001,2,163,187,0.0,1.0
Arm05,S514-AM46-14_S514_L001_M_001,2,N/A,N/A,0.0,0.0
Arm06,S514-AM46-14_S514_L001_M_001,2,147.2,N/A,1.0,0.0
Arm07,S514-AM46-14_S514_L001_M_001,2,177,185,0.9999999999999996,3.7182835376873275e-16
Arm08,S514-AM46-14_S514_L001_M_001,2,109,113,1.0,3.098406829138329e-95
Arm09,S514-AM46-14_S514_L001_M_001,2,N/A,N/A,0.0,0.0
Arm10,S514-AM46-14_S514_L001_M_001,2,N/A,N/A,0.0,0.0
Arm11,S514-AM46-14_S514_L001_M_001,2,108,110.2,0.0,1.0
Armo01,S514-AM46-14_S514_L001_M_001,2,N/A,N/A,0.0,0.0
Armo02,S514-AM46-14_S514_L001_M_001,2,N/A,N/A,0.0,0.0
Armo03,S514-AM46-14_S514_L001_M_001,2,N/A,N/A,0.0,0.0
Am-AG-1,S514-AM46-14_S514_L001_M_001,2,N/A,N/A,0.0,0.0
Am-AG-10,S514-AM46-14_S514_L001_M_001,2,N/A,N/A,0.0,0.0
Am-AG-2B,S514-AM46-14_S514_L001_M_001,2,N/A,N/A,0.0,0.0
Am-AG-4B,S514-AM46-14_S514_L001_M_001,2,N/A,N/A,0.0,0.0
Am-AG-11,S514-AM46-14_S514_L001_M_001,2,N/A,N/A,0.0,0.0
Am-ATC-2,S514-AM46-14_S514_L001_M_001,2,N/A,N/A,0.0,0.0
Am-ATC-3,S514-AM46-14_S514_L001_M_001,2,N/A,N/A,0.0,0.0
Am-CT-2,S514-AM46-14_S514_L001_M_001,2,N/A,N/A,0.0,0.0
Am-CT-5,S514-AM46-14_S514_L001_M_001,2,N/A,N/A,0.0,0.0
Arm01,S515-AM30-15_S515_L001_M_001,2,87,107,0.0,1.0
Arm02,S515-AM30-15_S515_L001_M_001,2,N/A,N/A,0.0,0.0
Arm03,S515-AM30-15_S515_L001_M_001,2,131.2,N/A,1.0,0.0
Arm04,S515-AM30-15_S515_L001_M_001,2,163,191,0.0,1.0
Arm05,S515-AM30-15_S515_L001_M_001,2,N/A,N/A,0.0,0.0
Arm06,S515-AM30-15_S515_L001_M_001,2,147.2,151,0.0,1.0
Arm07,S515-AM30-15_S515_L001_M_001,2,185,N/A,1.0,0.0
Arm08,S515-AM30-15_S515_L001_M_001,2,81,97,0.0,1.0
Arm09,S515-AM30-15_S515_L001_M_001,2,N/A,N/A,0.0,0.0
Arm10,S515-AM30-15_S515_L001_M_001,2,N/A,N/A,0.0,0.0
Arm11,S515-AM30-15_S515_L001_M_001,2,108,110.2,0.0,1.0
Armo01,S515-AM30-15_S515_L001_M_001,2,N/A,N/A,0.0,0.0
Armo02,S515-AM30-15_S515_L001_M_001,2,N/A,N/A,0.0,0.0
Armo03,S515-AM30-15_S515_L001_M_001,2,N/A,N/A,0.0,0.0
Am-AG-1,S515-AM30-15_S515_L001_M_001,2,N/A,N/A,0.0,0.0
Am-AG-10,S515-AM30-15_S515_L001_M_001,2,N/A,N/A,0.0,0.0
Am-AG-2B,S515-AM30-15_S515_L001_M_001,2,N/A,N/A,0.0,0.0
Am-AG-4B,S515-AM30-15_S515_L001_M_001,2,N/A,N/A,0.0,0.0
Am-AG-11,S515-AM30-15_S515_L001_M_001,2,N/A,N/A,0.0,0.0
Am-ATC-2,S515-AM30-15_S515_L001_M_001,2,N/A,N/A,0.0,0.0
Am-ATC-3,S515-AM30-15_S515_L001_M_001,2,N/A,N/A,0.0,0.0
Am-CT-2,S515-AM30-15_S515_L001_M_001,2,N/A,N/A,0.0,0.0
Am-CT-5,S515-AM30-15_S515_L001_M_001,2,N/A,N/A,0.0,0.0
Arm01,S516-AM46-02_S516_L001_M_001,2,87,103,0.0,1.0
Arm02,S516-AM46-02_S516_L001_M_001,2,N/A,N/A,0.0,0.0
Arm03,S516-AM46-02_S516_L001_M_001,2,131,119.2,0.0,1.0
Arm04,S516-AM46-02_S516_L001_M_001,2,163,187,0.0,1.0
Arm05,S516-AM46-02_S516_L001_M_001,2,N/A,N/A,0.0,0.0
Arm06,S516-AM46-02_S516_L001_M_001,2,147.2,Other sequences,0.0,1.0
Arm07,S516-AM46-02_S516_L001_M_001,2,177,Other sequences,0.0,1.0
Arm08,S516-AM46-02_S516_L001_M_001,2,81,113,0.0,1.0
Arm09,S516-AM46-02_S516_L001_M_001,2,N/A,N/A,0.0,0.0
Arm10,S516-AM46-02_S516_L001_M_001,2,N/A,N/A,0.0,0.0
Arm11,S516-AM46-02_S516_L001_M_001,2,108,110.2,0.0,1.0
Armo01,S516-AM46-02_S516_L001_M_001,2,N/A,N/A,0.0,0.0
Armo02,S516-AM46-02_S516_L001_M_001,2,N/A,N/A,0.0,0.0
Armo03,S516-AM46-02_S516_L001_M_001,2,N/A,N/A,0.0,0.0
Am-AG-1,S516-AM46-02_S516_L001_M_001,2,N/A,N/A,0.0,0.0
Am-AG-10,S516-AM46-02_S516_L001_M_001,2,N/A,N/A,0.0,0.0
Am-AG-2B,S516-AM46-02_S516_L001_M_001,2,N/A,N/A,0.0,0.0
Am-AG-4B,S516-AM46-02_S516_L001_M_001,2,N/A,N/A,0.0,0.0
Am-AG-11,S516-AM46-02_S516_L001_M_001,2,N/A,N/A,0.0,0.0
Am-ATC-2,S516-AM46-02_S516_L001_M_001,2,N/A,N/A,0.0,0.0
Am-ATC-3,S516-AM46-02_S516_L001_M_001,2,N/A,N/A,0.0,0.0
Am-CT-2,S516-AM46-02_S516_L001_M_001,2,N/A,N/A,0.0,0.0
Am-CT-5,S516-AM46-02_S516_L001_M_001,2,N/A,N/A,0.0,0.0
Arm01,S517-AM30-12_S517_L001_M_001,2,87,N/A,1.0,0.0
Arm02,S517-AM30-12_S517_L001_M_001,2,N/A,N/A,0.0,0.0
Arm03,S517-AM30-12_S517_L001_M_001,2,131,Other sequences,0.0,1.0
Arm04,S517-AM30-12_S517_L001_M_001,2,163,Other sequences,0.0,1.0
Arm05,S517-AM30-12_S517_L001_M_001,2,N/A,N/A,0.0,0.0
Arm06,S517-AM30-12_S517_L001_M_001,2,147.2,151,0.0,1.0
Arm07,S517-AM30-12_S517_L001_M_001,2,177,185,2.754138925736503e-113,1.0
Arm08,S517-AM30-12_S517_L001_M_001,2,113,81,0.0,1.0
Arm09,S517-AM30-12_S517_L001_M_001,2,N/A,N/A,0.0,0.0
Arm10,S517-AM30-12_S517_L001_M_001,2,N/A,N/A,0.0,0.0
Arm11,S517-AM30-12_S517_L001_M_001,2,110,110.2,0.0,1.0
Armo01,S517-AM30-12_S517_L001_M_001,2,N/A,N/A,0.0,0.0
Armo02,S517-AM30-12_S517_L001_M_001,2,N/A,N/A,0.0,0.0
Armo03,S517-AM30-12_S517_L001_M_001,2,N/A,N/A,0.0,0.0
Am-AG-1,S517-AM30-12_S517_L001_M_001,2,N/A,N/A,0.0,0.0
Am-AG-10,S517-AM30-12_S517_L001_M_001,2,N/A,N/A,0.0,0.0
Am-AG-2B,S517-AM30-12_S517_L001_M_001,2,N/A,N/A,0.0,0.0
Am-AG-4B,S517-AM30-12_S517_L001_M_001,2,N/A,N/A,0.0,0.0
Am-AG-11,S517-AM30-12_S517_L001_M_001,2,N/A,N/A,0.0,0.0
Am-ATC-2,S517-AM30-12_S517_L001_M_001,2,N/A,N/A,0.0,0.0
Am-ATC-3,S517-AM30-12_S517_L001_M_001,2,N/A,N/A,0.0,0.0
Am-CT-2,S517-AM30-12_S517_L001_M_001,2,N/A,N/A,0.0,0.0
Am-CT-5,S517-AM30-12_S517_L001_M_001,2,N/A,N/A,0.0,0.0
Arm01,S518-AM205-02_S518_L001_M_001,2,87,107,0.0,1.0
Arm02,S518-AM205-02_S518_L001_M_001,2,N/A,N/A,0.0,0.0
Arm03,S518-AM205-02_S518_L001_M_001,2,131,N/A,1.0,0.0
Arm04,S518-AM205-02_S518_L001_M_001,2,179,199,0.0,1.0
Arm05,S518-AM205-02_S518_L001_M_001,2,N/A,N/A,0.0,0.0
Arm06,S518-AM205-02_S518_L001_M_001,2,151,N/A,1.0,0.0
Arm07,S518-AM205-02_S518_L001_M_001,2,Other sequences,N/A,1.0,0.0
Arm08,S518-AM205-02_S518_L001_M_001,2,81,109,0.0,1.0
Arm09,S518-AM205-02_S518_L001_M_001,2,N/A,N/A,0.0,0.0
Arm10,S518-AM205-02_S518_L001_M_001,2,N/A,N/A,0.0,0.0
Arm11,S518-AM205-02_S518_L001_M_001,2,108,N/A,1.0,0.0
Armo01,S518-AM205-02_S518_L001_M_001,2,N/A,N/A,0.0,0.0
Armo02,S518-AM205-02_S518_L001_M_001,2,N/A,N/A,0.0,0.0
Armo03,S518-AM205-02_S518_L001_M_001,2,N/A,N/A,0.0,0.0
Am-AG-1,S518-AM205-02_S518_L001_M_001,2,N/A,N/A,0.0,0.0
Am-AG-10,S518-AM205-02_S518_L001_M_001,2,N/A,N/A,0.0,0.0
Am-AG-2B,S518-AM205-02_S518_L001_M_001,2,N/A,N/A,0.0,0.0
Am-AG-4B,S518-AM205-02_S518_L001_M_001,2,N/A,N/A,0.0,0.0
Am-AG-11,S518-AM205-02_S518_L001_M_001,2,N/A,N/A,0.0,0.0
Am-ATC-2,S518-AM205-02_S518_L001_M_001,2,N/A,N/A,0.0,0.0
Am-ATC-3,S518-AM205-02_S518_L001_M_001,2,N/A,N/A,0.0,0.0
Am-CT-2,S518-AM205-02_S518_L001_M_001,2,N/A,N/A,0.0,0.0
Am-CT-5,S518-AM205-02_S518_L001_M_001,2,N/A,N/A,0.0,0.0
Arm01,S519-AM46-06_S519_L001_M_001,2,83,139,0.0,1.0
Arm02,S519-AM46-06_S519_L001_M_001,2,N/A,N/A,0.0,0.0
Arm03,S519-AM46-06_S519_L001_M_001,2,119.2,131.2,0.0,1.0
Arm04,S519-AM46-06_S519_L001_M_001,2,167,187,0.0,1.0
Arm05,S519-AM46-06_S519_L001_M_001,2,N/A,N/A,0.0,0.0
Arm06,S519-AM46-06_S519_L001_M_001,2,147.2,193,0.0,1.0
Arm07,S519-AM46-06_S519_L001_M_001,2,Other sequences,N/A,1.0,0.0
Arm08,S519-AM46-06_S519_L001_M_001,2,109,N/A,1.0,0.0
Arm09,S519-AM46-06_S519_L001_M_001,2,N/A,N/A,0.0,0.0
Arm10,S519-AM46-06_S519_L001_M_001,2,N/A,N/A,0.0,0.0
Arm11,S519-AM46-06_S519_L001_M_001,2,108,N/A,1.0,0.0
Armo01,S519-AM46-06_S519_L001_M_001,2,N/A,N/A,0.0,0.0
Armo02,S519-AM46-06_S519_L001_M_001,2,N/A,N/A,0.0,0.0
Armo03,S519-AM46-06_S519_L001_M_001,2,N/A,N/A,0.0,0.0
Am-AG-1,S519-AM46-06_S519_L001_M_001,2,N/A,N/A,0.0,0.0
Am-AG-10,S519-AM46-06_S519_L001_M_001,2,N/A,N/A,0.0,0.0
Am-AG-2B,S519-AM46-06_S519_L001_M_001,2,N/A,N/A,0.0,0.0
Am-AG-4B,S519-AM46-06_S519_L001_M_001,2,N/A,N/A,0.0,0.0
Am-AG-11,S519-AM46-06_S519_L001_M_001,2,N/A,N/A,0.0,0.0
Am-ATC-2,S519-AM46-06_S519_L001_M_001,2,N/A,N/A,0.0,0.0
Am-ATC-3,S519-AM46-06_S519_L001_M_001,2,N/A,N/A,0.0,0.0
Am-CT-2,S519-AM46-06_S519_L001_M_001,2,N/A,N/A,0.0,0.0
Am-CT-5,S519-AM46-06_S519_L001_M_001,2,N/A,N/A,0.0,0.0
Arm01,S520-AM102-07_S520_L001_M_001,2,95,91,1.0,1.0734236384895524e-44
Arm02,S520-AM102-07_S520_L001_M_001,2,N/A,N/A,0.0,0.0
Arm03,S520-AM102-07_S520_L001_M_001,2,131,131.2,0.0,1.0
Arm04,S520-AM102-07_S520_L001_M_001,2,179,N/A,1.0,0.0
Arm05,S520-AM102-07_S520_L001_M_001,2,N/A,N/A,0.0,0.0
Arm06,S520-AM102-07_S520_L001_M_001,2,151,N/A,1.0,0.0
Arm07,S520-AM102-07_S520_L001_M_001,2,185,N/A,1.0,0.0
Arm08,S520-AM102-07_S520_L001_M_001,2,81,N/A,1.0,0.0
Arm09,S520-AM102-07_S520_L001_M_001,2,N/A,N/A,0.0,0.0
Arm10,S520-AM102-07_S520_L001_M_001,2,N/A,N/A,0.0,0.0
Arm11,S520-AM102-07_S520_L001_M_001,2,110,110.2,0.0,1.0
Armo01,S520-AM102-07_S520_L001_M_001,2,N/A,N/A,0.0,0.0
Armo02,S520-AM102-07_S520_L001_M_001,2,N/A,N/A,0.0,0.0
Armo03,S520-AM102-07_S520_L001_M_001,2,N/A,N/A,0.0,0.0
Am-AG-1,S520-AM102-07_S520_L001_M_001,2,N/A,N/A,0.0,0.0
Am-AG-10,S520-AM102-07_S520_L001_M_001,2,N/A,N/A,0.0,0.0
Am-AG-2B,S520-AM102-07_S520_L001_M_001,2,N/A,N/A,0.0,0.0
Am-AG-4B,S520-AM102-07_S520_L001_M_001,2,N/A,N/A,0.0,0.0
Am-AG-11,S520-AM102-07_S520_L001_M_001,2,N/A,N/A,0.0,0.0
Am-ATC-2,S520-AM102-07_S520_L001_M_001,2,N/A,N/A,0.0,0.0
Am-ATC-3,S520-AM102-07_S520_L001_M_001,2,N/A,N/A,0.0,0.0
Am-CT-2,S520-AM102-07_S520_L001_M_001,2,N/A,N/A,0.0,0.0
Am-CT-5,S520-AM102-07_S520_L001_M_001,2,N/A,N/A,0.0,0.0
Arm01,S521-AM102-21_S521_L001_M_001,2,95,107,0.0,1.0
Arm02,S521-AM102-21_S521_L001_M_001,2,N/A,N/A,0.0,0.0
Arm03,S521-AM102-21_S521_L001_M_001,2,131.2,131,0.0,1.0
Arm04,S521-AM102-21_S521_L001_M_001,2,187,191,1.0,2.088484388168407e-48
Arm05,S521-AM102-21_S521_L001_M_001,2,N/A,N/A,0.0,0.0
Arm06,S521-AM102-21_S521_L001_M_001,2,151,N/A,1.0,0.0
Arm07,S521-AM102-21_S521_L001_M_001,2,185,Other sequences,0.0,1.0
Arm08,S521-AM102-21_S521_L001_M_001,2,97,81,0.0,1.0
Arm09,S521-AM102-21_S521_L001_M_001,2,N/A,N/A,0.0,0.0
Arm10,S521-AM102-21_S521_L001_M_001,2,N/A,N/A,0.0,0.0
Arm11,S521-AM102-21_S521_L001_M_001,2,110,110.2,0.0,1.0
Armo01,S521-AM102-21_S521_L001_M_001,2,N/A,N/A,0.0,0.0
Armo02,S521-AM102-21_S521_L001_M_001,2,N/A,N/A,0.0,0.0
Armo03,S521-AM102-21_S521_L001_M_001,2,N/A,N/A,0.0,0.0
Am-AG-1,S521-AM102-21_S521_L001_M_001,2,N/A,N/A,0.0,0.0
Am-AG-10,S521-AM102-21_S521_L001_M_001,2,N/A,N/A,0.0,0.0
Am-AG-2B,S521-AM102-21_S521_L001_M_001,2,N/A,N/A,0.0,0.0
Am-AG-4B,S521-AM102-21_S521_L001_M_001,2,N/A,N/A,0.0,0.0
Am-AG-11,S521-AM102-21_S521_L001_M_001,2,N/A,N/A,0.0,0.0
Am-ATC-2,S521-AM102-21_S521_L001_M_001,2,N/A,N/A,0.0,0.0
Am-ATC-3,S521-AM102-21_S521_L001_M_001,2,N/A,N/A,0.0,0.0
Am-CT-2,S521-AM102-21_S521_L001_M_001,2,N/A,N/A,0.0,0.0
Am-CT-5,S521-AM102-21_S521_L001_M_001,2,N/A,N/A,0.0,0.0
Arm01,S522-AM30-14_S522_L001_M_001,2,87,N/A,1.0,0.0
Arm02,S522-AM30-14_S522_L001_M_001,2,N/A,N/A,0.0,0.0
Arm03,S522-AM30-14_S522_L001_M_001,2,131,N/A,1.0,0.0
Arm04,S522-AM30-14_S522_L001_M_001,2,171,191,0.0,1.0
Arm05,S522-AM30-14_S522_L001_M_001,2,N/A,N/A,0.0,0.0
Arm06,S522-AM30-14_S522_L001_M_001,2,147.2,N/A,1.0,0.0
Arm07,S522-AM30-14_S522_L001_M_001,2,189,185,1.975973249691835e-104,1.0
Arm08,S522-AM30-14_S522_L001_M_001,2,97,93,1.888207321444189e-154,1.0
Arm09,S522-AM30-14_S522_L001_M_001,2,N/A,N/A,0.0,0.0
Arm10,S522-AM30-14_S522_L001_M_001,2,N/A,N/A,0.0,0.0
Arm11,S522-AM30-14_S522_L001_M_001,2,110.2,108.2,0.0,1.0
Armo01,S522-AM30-14_S522_L001_M_001,2,N/A,N/A,0.0,0.0
Armo02,S522-AM30-14_S522_L001_M_001,2,N/A,N/A,0.0,0.0
Armo03,S522-AM30-14_S522_L001_M_001,2,N/A,N/A,0.0,0.0
Am-AG-1,S522-AM30-14_S522_L001_M_001,2,N/A,N/A,0.0,0.0
Am-AG-10,S522-AM30-14_S522_L001_M_001,2,N/A,N/A,0.0,0.0
Am-AG-2B,S522-AM30-14_S522_L001_M_001,2,N/A,N/A,0.0,0.0
Am-AG-4B,S522-AM30-14_S522_L001_M_001,2,N/A,N/A,0.0,0.0
Am-AG-11,S522-AM30-14_S522_L001_M_001,2,N/A,N/A,0.0,0.0
Am-ATC-2,S522-AM30-14_S522_L001_M_001,2,N/A,N/A,0.0,0.0
Am-ATC-3,S522-AM30-14_S522_L001_M_001,2,N/A,N/A,0.0,0.0
Am-CT-2,S522-AM30-14_S522_L001_M_001,2,N/A,N/A,0.0,0.0
Am-CT-5,S522-AM30-14_S522_L001_M_001,2,N/A,N/A,0.0,0.0
Arm01,S523-AM30-11_S523_L001_M_001,2,87,107,0.0,1.0
Arm02,S523-AM30-11_S523_L001_M_001,2,N/A,N/A,0.0,0.0
Arm03,S523-AM30-11_S523_L001_M_001,2,131.2,N/A,1.0,0.0
Arm04,S523-AM30-11_S523_L001_M_001,2,191,199,5.082160919556013e-105,1.0
Arm05,S523-AM30-11_S523_L001_M_001,2,N/A,N/A,0.0,0.0
Arm06,S523-AM30-11_S523_L001_M_001,2,151,N/A,1.0,0.0
Arm07,S523-AM30-11_S523_L001_M_001,2,177,185,6.898200332896511e-154,1.0
Arm08,S523-AM30-11_S523_L001_M_001,2,93,97,1.0,5.696974635823486e-52
Arm09,S523-AM30-11_S523_L001_M_001,2,N/A,N/A,0.0,0.0
Arm10,S523-AM30-11_S523_L001_M_001,2,N/A,N/A,0.0,0.0
Arm11,S523-AM30-11_S523_L001_M_001,2,110,110.2,0.0,1.0
Armo01,S523-AM30-11_S523_L001_M_001,2,N/A,N/A,0.0,0.0
Armo02,S523-AM30-11_S523_L001_M_001,2,N/A,N/A,0.0,0.0
Armo03,S523-AM30-11_S523_L001_M_001,2,N/A,N/A,0.0,0.0
Am-AG-1,S523-AM30-11_S523_L001_M_001,2,N/A,N/A,0.0,0.0
Am-AG-10,S523-AM30-11_S523_L001_M_001,2,N/A,N/A,0.0,0.0
Am-AG-2B,S523-AM30-11_S523_L001_M_001,2,N/A,N/A,0.0,0.0
Am-AG-4B,S523-AM30-11_S523_L001_M_001,2,N/A,N/A,0.0,0.0
Am-AG-11,S523-AM30-11_S523_L001_M_001,2,N/A,N/A,0.0,0.0
Am-ATC-2,S523-AM30-11_S523_L001_M_001,2,N/A,N/A,0.0,0.0
Am-ATC-3,S523-AM30-11_S523_L001_M_001,2,N/A,N/A,0.0,0.0
Am-CT-2,S523-AM30-11_S523_L001_M_001,2,N/A,N/A,0.0,0.0
Am-CT-5,S523-AM30-11_S523_L001_M_001,2,N/A,N/A,0.0,0.0
Arm01,S524-AM202-06_S524_L001_M_001,2,95,91,1.0,1.1782684395327517e-41
Arm02,S524-AM202-06_S524_L001_M_001,2,N/A,N/A,0.0,0.0
Arm03,S524-AM202-06_S524_L001_M_001,2,131.2,131,0.0,1.0
Arm04,S524-AM202-06_S524_L001_M_001,2,179,N/A,1.0,0.0
Arm05,S524-AM202-06_S524_L001_M_001,2,N/A,N/A,0.0,0.0
Arm06,S524-AM202-06_S524_L001_M_001,2,147.2,151,0.0,1.0
Arm07,S524-AM202-06_S524_L001_M_001,2,185,N/A,1.0,0.0
Arm08,S524-AM202-06_S524_L001_M_001,2,81,109,0.0,1.0
Arm09,S524-AM202-06_S524_L001_M_001,2,N/A,N/A,0.0,0.0
Arm10,S524-AM202-06_S524_L001_M_001,2,N/A,N/A,0.0,0.0
Arm11,S524-AM202-06_S524_L001_M_001,2,110.2,108.2,0.0,1.0
Armo01,S524-AM202-06_S524_L001_M_001,2,N/A,N/A,0.0,0.0
Armo02,S524-AM202-06_S524_L001_M_001,2,N/A,N/A,0.0,0.0
Armo03,S524-AM202-06_S524_L001_M_001,2,N/A,N/A,0.0,0.0
Am-AG-1,S524-AM202-06_S524_L001_M_001,2,N/A,N/A,0.0,0.0
Am-AG-10,S524-AM202-06_S524_L001_M_001,2,N/A,N/A,0.0,0.0
Am-AG-2B,S524-AM202-06_S524_L001_M_001,2,N/A,N/A,0.0,0.0
Am-AG-4B,S524-AM202-06_S524_L001_M_001,2,N/A,N/A,0.0,0.0
Am-AG-11,S524-AM202-06_S524_L001_M_001,2,N/A,N/A,0.0,0.0
Am-ATC-2,S524-AM202-06_S524_L001_M_001,2,N/A,N/A,0.0,0.0
Am-ATC-3,S524-AM202-06_S524_L001_M_001,2,N/A,N/A,0.0,0.0
Am-CT-2,S524-AM202-06_S524_L001_M_001,2,N/A,N/A,0.0,0.0
Am-CT-5,S524-AM202-06_S524_L001_M_001,2,N/A,N/A,0.0,0.0
Arm01,S525-AM46-20_S525_L001_M_001,2,87,103,0.0,1.0
Arm02,S525-AM46-20_S525_L001_M_001,2,N/A,N/A,0.0,0.0
Arm03,S525-AM46-20_S525_L001_M_001,2,119.2,131.2,0.0,1.0
Arm04,S525-AM46-20_S525_L001_M_001,2,163,187,0.0,1.0
Arm05,S525-AM46-20_S525_L001_M_001,2,N/A,N/A,0.0,0.0
Arm06,S525-AM46-20_S525_L001_M_001,2,147.2,N/A,1.0,0.0
Arm07,S525-AM46-20_S525_L001_M_001,2,177,N/A,1.0,0.0
Arm08,S525-AM46-20_S525_L001_M_001,2,81,109,0.0,1.0
Arm09,S525-AM46-20_S525_L001_M_001,2,N/A,N/A,0.0,0.0
Arm10,S525-AM46-20_S525_L001_M_001,2,N/A,N/A,0.0,0.0
Arm11,S525-AM46-20_S525_L001_M_001,2,108,110.2,0.0,1.0
Armo01,S525-AM46-20_S525_L001_M_001,2,N/A,N/A,0.0,0.0
Armo02,S525-AM46-20_S525_L001_M_001,2,N/A,N/A,0.0,0.0
Armo03,S525-AM46-20_S525_L001_M_001,2,N/A,N/A,0.0,0.0
Am-AG-1,S525-AM46-20_S525_L001_M_001,2,N/A,N/A,0.0,0.0
Am-AG-10,S525-AM46-20_S525_L001_M_001,2,N/A,N/A,0.0,0.0
Am-AG-2B,S525-AM46-20_S525_L001_M_001,2,N/A,N/A,0.0,0.0
Am-AG-4B,S525-AM46-20_S525_L001_M_001,2,N/A,N/A,0.0,0.0
Am-AG-11,S525-AM46-20_S525_L001_M_001,2,N/A,N/A,0.0,0.0
Am-ATC-2,S525-AM46-20_S525_L001_M_001,2,N/A,N/A,0.0,0.0
Am-ATC-3,S525-AM46-20_S525_L001_M_001,2,N/A,N/A,0.0,0.0
Am-CT-2,S525-AM46-20_S525_L001_M_001,2,N/A,N/A,0.0,0.0
Am-CT-5,S525-AM46-20_S525_L001_M_001,2,N/A,N/A,0.0,0.0
Arm01,S526-AM102-03_S526_L001_M_001,2,87,107,0.0,1.0
Arm02,S526-AM102-03_S526_L001_M_001,2,N/A,N/A,0.0,0.0
Arm03,S526-AM102-03_S526_L001_M_001,2,131,N/A,1.0,0.0
Arm04,S526-AM102-03_S526_L001_M_001,2,171,179,4.8248972646060763e-151,1.0
Arm05,S526-AM102-03_S526_L001_M_001,2,N/A,N/A,0.0,0.0
Arm06,S526-AM102-03_S526_L001_M_001,2,147.2,151,0.0,1.0
Arm07,S526-AM102-03_S526_L001_M_001,2,N/A,N/A,0.0,0.0
Arm08,S526-AM102-03_S526_L001_M_001,2,81,93,0.0,1.0
Arm09,S526-AM102-03_S526_L001_M_001,2,N/A,N/A,0.0,0.0
Arm10,S526-AM102-03_S526_L001_M_001,2,N/A,N/A,0.0,0.0
Arm11,S526-AM102-03_S526_L001_M_001,2,110.2,108.2,0.0,1.0
Armo01,S526-AM102-03_S526_L001_M_001,2,N/A,N/A,0.0,0.0
Armo02,S526-AM102-03_S526_L001_M_001,2,N/A,N/A,0.0,0.0
Armo03,S526-AM102-03_S526_L001_M_001,2,N/A,N/A,0.0,0.0
Am-AG-1,S526-AM102-03_S526_L001_M_001,2,N/A,N/A,0.0,0.0
Am-AG-10,S526-AM102-03_S526_L001_M_001,2,N/A,N/A,0.0,0.0
Am-AG-2B,S526-AM102-03_S526_L001_M_001,2,N/A,N/A,0.0,0.0
Am-AG-4B,S526-AM102-03_S526_L001_M_001,2,N/A,N/A,0.0,0.0
Am-AG-11,S526-AM102-03_S526_L001_M_001,2,N/A,N/A,0.0,0.0
Am-ATC-2,S526-AM102-03_S526_L001_M_001,2,N/A,N/A,0.0,0.0
Am-ATC-3,S526-AM102-03_S526_L001_M_001,2,N/A,N/A,0.0,0.0
Am-CT-2,S526-AM102-03_S526_L001_M_001,2,N/A,N/A,0.0,0.0
Am-CT-5,S526-AM102-03_S526_L001_M_001,2,N/A,N/A,0.0,0.0
Arm01,S527-AM102-04_S527_L001_M_001,2,95,N/A,1.0,0.0
Arm02,S527-AM102-04_S527_L001_M_001,2,N/A,N/A,0.0,0.0
Arm03,S527-AM102-04_S527_L001_M_001,2,131.2,Other sequences,0.0,1.0
Arm04,S527-AM102-04_S527_L001_M_001,2,179,187,9.566128315805454e-58,1.0
Arm05,S527-AM102-04_S527_L001_M_001,2,N/A,N/A,0.0,0.0
Arm06,S527-AM102-04_S527_L001_M_001,2,151,147.2,0.0,1.0
Arm07,S527-AM102-04_S527_L001_M_001,2,N/A,N/A,0.0,0.0
Arm08,S527-AM102-04_S527_L001_M_001,2,81,109,0.0,1.0
Arm09,S527-AM102-04_S527_L001_M_001,2,N/A,N/A,0.0,0.0
Arm10,S527-AM102-04_S527_L001_M_001,2,N/A,N/A,0.0,0.0
Arm11,S527-AM102-04_S527_L001_M_001,2,110,110.2,0.0,1.0
Armo01,S527-AM102-04_S527_L001_M_001,2,N/A,N/A,0.0,0.0
Armo02,S527-AM102-04_S527_L001_M_001,2,N/A,N/A,0.0,0.0
Armo03,S527-AM102-04_S527_L001_M_001,2,N/A,N/A,0.0,0.0
Am-AG-1,S527-AM102-04_S527_L001_M_001,2,N/A,N/A,0.0,0.0
Am-AG-10,S527-AM102-04_S527_L001_M_001,2,N/A,N/A,0.0,0.0
Am-AG-2B,S527-AM102-04_S527_L001_M_001,2,N/A,N/A,0.0,0.0
Am-AG-4B,S527-AM102-04_S527_L001_M_001,2,N/A,N/A,0.0,0.0
Am-AG-11,S527-AM102-04_S527_L001_M_001,2,N/A,N/A,0.0,0.0
Am-ATC-2,S527-AM102-04_S527_L001_M_001,2,N/A,N/A,0.0,0.0
Am-ATC-3,S527-AM102-04_S527_L001_M_001,2,N/A,N/A,0.0,0.0
Am-CT-2,S527-AM102-04_S527_L001_M_001,2,N/A,N/A,0.0,0.0
Am-CT-5,S527-AM102-04_S527_L001_M_001,2,N/A,N/A,0.0,0.0
Arm01,S528-AM102-17_S528_L001_M_001,2,95,91,1.0,1.8258936090707755e-41
Arm02,S528-AM102-17_S528_L001_M_001,2,N/A,N/A,0.0,0.0
Arm03,S528-AM102-17_S528_L001_M_001,2,131.2,N/A,1.0,0.0
Arm04,S528-AM102-17_S528_L001_M_001,2,179,187,1.736732200872387e-168,1.0
Arm05,S528-AM102-17_S528_L001_M_001,2,N/A,N/A,0.0,0.0
Arm06,S528-AM102-17_S528_L001_M_001,2,147.2,151,0.0,1.0
Arm07,S528-AM102-17_S528_L001_M_001,2,Other sequences,N/A,1.0,0.0
Arm08,S528-AM102-17_S528_L001_M_001,2,81,109,0.0,1.0
Arm09,S528-AM102-17_S528_L001_M_001,2,N/A,N/A,0.0,0.0
Arm10,S528-AM102-17_S528_L001_M_001,2,N/A,N/A,0.0,0.0
Arm11,S528-AM102-17_S528_L001_M_001,2,110.2,108.2,0.0,1.0
Armo01,S528-AM102-17_S528_L001_M_001,2,N/A,N/A,0.0,0.0
Armo02,S528-AM102-17_S528_L001_M_001,2,N/A,N/A,0.0,0.0
Armo03,S528-AM102-17_S528_L001_M_001,2,N/A,N/A,0.0,0.0
Am-AG-1,S528-AM102-17_S528_L001_M_001,2,N/A,N/A,0.0,0.0
Am-AG-10,S528-AM102-17_S528_L001_M_001,2,N/A,N/A,0.0,0.0
Am-AG-2B,S528-AM102-17_S528_L001_M_001,2,N/A,N/A,0.0,0.0
Am-AG-4B,S528-AM102-17_S528_L001_M_001,2,N/A,N/A,0.0,0.0
Am-AG-11,S528-AM102-17_S528_L001_M_001,2,N/A,N/A,0.0,0.0
Am-ATC-2,S528-AM102-17_S528_L001_M_001,2,N/A,N/A,0.0,0.0
Am-ATC-3,S528-AM102-17_S528_L001_M_001,2,N/A,N/A,0.0,0.0
Am-CT-2,S528-AM102-17_S528_L001_M_001,2,N/A,N/A,0.0,0.0
Am-CT-5,S528-AM102-17_S528_L001_M_001,2,N/A,N/A,0.0,0.0
Arm01,S529-AM205-03_S529_L001_M_001,2,83,87,1.0,1.2463642845291168e-47
Arm02,S529-AM205-03_S529_L001_M_001,2,N/A,N/A,0.0,0.0
Arm03,S529-AM205-03_S529_L001_M_001,2,131,N/A,1.0,0.0
Arm04,S529-AM205-03_S529_L001_M_001,2,163,191,0.0,1.0
Arm05,S529-AM205-03_S529_L001_M_001,2,N/A,N/A,0.0,0.0
Arm06,S529-AM205-03_S529_L001_M_001,2,151,N/A,1.0,0.0
Arm07,S529-AM205-03_S529_L001_M_001,2,185,Other sequences,0.0,1.0
Arm08,S529-AM205-03_S529_L001_M_001,2,113,N/A,1.0,0.0
Arm09,S529-AM205-03_S529_L001_M_001,2,N/A,N/A,0.0,0.0
Arm10,S529-AM205-03_S529_L001_M_001,2,N/A,N/A,0.0,0.0
Arm11,S529-AM205-03_S529_L001_M_001,2,108,110.2,0.0,1.0
Armo01,S529-AM205-03_S529_L001_M_001,2,N/A,N/A,0.0,0.0
Armo02,S529-AM205-03_S529_L001_M_001,2,N/A,N/A,0.0,0.0
Armo03,S529-AM205-03_S529_L001_M_001,2,N/A,N/A,0.0,0.0
Am-AG-1,S529-AM205-03_S529_L001_M_001,2,N/A,N/A,0.0,0.0
Am-AG-10,S529-AM205-03_S529_L001_M_001,2,N/A,N/A,0.0,0.0
Am-AG-2B,S529-AM205-03_S529_L001_M_001,2,N/A,N/A,0.0,0.0
Am-AG-4B,S529-AM205-03_S529_L001_M_001,2,N/A,N/A,0.0,0.0
Am-AG-11,S529-AM205-03_S529_L001_M_001,2,N/A,N/A,0.0,0.0
Am-ATC-2,S529-AM205-03_S529_L001_M_001,2,N/A,N/A,0.0,0.0
Am-ATC-3,S529-AM205-03_S529_L001_M_001,2,N/A,N/A,0.0,0.0
Am-CT-2,S529-AM205-03_S529_L001_M_001,2,N/A,N/A,0.0,0.0
Am-CT-5,S529-AM205-03_S529_L001_M_001,2,N/A,N/A,0.0,0.0
Arm01,S530-AM30-13_S530_L001_M_001,2,107,103,1.0,9.046153251139537e-23
Arm02,S530-AM30-13_S530_L001_M_001,2,N/A,N/A,0.0,0.0
Arm03,S530-AM30-13_S530_L001_M_001,2,131.2,131,0.0,1.0
Arm04,S530-AM30-13_S530_L001_M_001,2,163,179,0.0,1.0
Arm05,S530-AM30-13_S530_L001_M_001,2,N/A,N/A,0.0,0.0
Arm06,S530-AM30-13_S530_L001_M_001,2,151,N/A,1.0,0.0
Arm07,S530-AM30-13_S530_L001_M_001,2,185,N/A,1.0,0.0
Arm08,S530-AM30-13_S530_L001_M_001,2,93,97,1.0,4.05537709542563e-44
Arm09,S530-AM30-13_S530_L001_M_001,2,N/A,N/A,0.0,0.0
Arm10,S530-AM30-13_S530_L001_M_001,2,N/A,N/A,0.0,0.0
Arm11,S530-AM30-13_S530_L001_M_001,2,108,110.2,0.0,1.0
Armo01,S530-AM30-13_S530_L001_M_001,2,N/A,N/A,0.0,0.0
Armo02,S530-AM30-13_S530_L001_M_001,2,N/A,N/A,0.0,0.0
Armo03,S530-AM30-13_S530_L001_M_001,2,N/A,N/A,0.0,0.0
Am-AG-1,S530-AM30-13_S530_L001_M_001,2,N/A,N/A,0.0,0.0
Am-AG-10,S530-AM30-13_S530_L001_M_001,2,N/A,N/A,0.0,0.0
Am-AG-2B,S530-AM30-13_S530_L001_M_001,2,N/A,N/A,0.0,0.0
Am-AG-4B,S530-AM30-13_S530_L001_M_001,2,N/A,N/A,0.0,0.0
Am-AG-11,S530-AM30-13_S530_L001_M_001,2,N/A,N/A,0.0,0.0
Am-ATC-2,S530-AM30-13_S530_L001_M_001,2,N/A,N/A,0.0,0.0
Am-ATC-3,S530-AM30-13_S530_L001_M_001,2,N/A,N/A,0.0,0.0
Am-CT-2,S530-AM30-13_S530_L001_M_001,2,N/A,N/A,0.0,0.0
Am-CT-5,S530-AM30-13_S530_L001_M_001,2,N/A,N/A,0.0,0.0
Arm01,S531-AM46-13_S531_L001_M_001,2,87,103,0.0,1.0
Arm02,S531-AM46-13_S531_L001_M_001,2,N/A,N/A,0.0,0.0
Arm03,S531-AM46-13_S531_L001_M_001,2,119.2,131.2,0.0,1.0
Arm04,S531-AM46-13_S531_L001_M_001,2,187,183.1,0.0,1.0
Arm05,S531-AM46-13_S531_L001_M_001,2,N/A,N/A,0.0,0.0
Arm06,S531-AM46-13_S531_L001_M_001,2,147.2,N/A,1.0,0.0
Arm07,S531-AM46-13_S531_L001_M_001,2,N/A,N/A,0.0,0.0
Arm08,S531-AM46-13_S531_L001_M_001,2,109,113,1.0,3.899481325741418e-107
Arm09,S531-AM46-13_S531_L001_M_001,2,N/A,N/A,0.0,0.0
Arm10,S531-AM46-13_S531_L001_M_001,2,N/A,N/A,0.0,0.0
Arm11,S531-AM46-13_S531_L001_M_001,2,110.2,108,0.0,1.0
Armo01,S531-AM46-13_S531_L001_M_001,2,N/A,N/A,0.0,0.0
Armo02,S531-AM46-13_S531_L001_M_001,2,N/A,N/A,0.0,0.0
Armo03,S531-AM46-13_S531_L001_M_001,2,N/A,N/A,0.0,0.0
Am-AG-1,S531-AM46-13_S531_L001_M_001,2,N/A,N/A,0.0,0.0
Am-AG-10,S531-AM46-13_S531_L001_M_001,2,N/A,N/A,0.0,0.0
Am-AG-2B,S531-AM46-13_S531_L001_M_001,2,N/A,N/A,0.0,0.0
Am-AG-4B,S531-AM46-13_S531_L001_M_001,2,N/A,N/A,0.0,0.0
Am-AG-11,S531-AM46-13_S531_L001_M_001,2,N/A,N/A,0.0,0.0
Am-ATC-2,S531-AM46-13_S531_L001_M_001,2,N/A,N/A,0.0,0.0
Am-ATC-3,S531-AM46-13_S531_L001_M_001,2,N/A,N/A,0.0,0.0
Am-CT-2,S531-AM46-13_S531_L001_M_001,2,N/A,N/A,0.0,0.0
Am-CT-5,S531-AM46-13_S531_L001_M_001,2,N/A,N/A,0.0,0.0
Arm01,S532-AM46-09_S532_L001_M_001,2,83,139,0.0,1.0
Arm02,S532-AM46-09_S532_L001_M_001,2,N/A,N/A,0.0,0.0
Arm03,S532-AM46-09_S532_L001_M_001,2,119.2,131.2,0.0,1.0
Arm04,S532-AM46-09_S532_L001_M_001,2,167,187,0.0,1.0
Arm05,S532-AM46-09_S532_L001_M_001,2,N/A,N/A,0.0,0.0
Arm06,S532-AM46-09_S532_L001_M_001,2,193,147.2,0.0,1.0
Arm07,S532-AM46-09_S532_L001_M_001,2,177,189,0.0,1.0
Arm08,S532-AM46-09_S532_L001_M_001,2,109,N/A,1.0,0.0
Arm09,S532-AM46-09_S532_L001_M_001,2,N/A,N/A,0.0,0.0
Arm10,S532-AM46-09_S532_L001_M_001,2,N/A,N/A,0.0,0.0
Arm11,S532-AM46-09_S532_L001_M_001,2,108,106.1,0.0,1.0
Armo01,S532-AM46-09_S532_L001_M_001,2,N/A,N/A,0.0,0.0
Armo02,S532-AM46-09_S532_L001_M_001,2,N/A,N/A,0.0,0.0
Armo03,S532-AM46-09_S532_L001_M_001,2,N/A,N/A,0.0,0.0
Am-AG-1,S532-AM46-09_S532_L001_M_001,2,N/A,N/A,0.0,0.0
Am-AG-10,S532-AM46-09_S532_L001_M_001,2,N/A,N/A,0.0,0.0
Am-AG-2B,S532-AM46-09_S532_L001_M_001,2,N/A,N/A,0.0,0.0
Am-AG-4B,S532-AM46-09_S532_L001_M_001,2,N/A,N/A,0.0,0.0
Am-AG-11,S532-AM46-09_S532_L001_M_001,2,N/A,N/A,0.0,0.0
Am-ATC-2,S532-AM46-09_S532_L001_M_001,2,N/A,N/A,0.0,0.0
Am-ATC-3,S532-AM46-09_S532_L001_M_001,2,N/A,N/A,0.0,0.0
Am-CT-2,S532-AM46-09_S532_L001_M_001,2,N/A,N/A,0.0,0.0
Am-CT-5,S532-AM46-09_S532_L001_M_001,2,N/A,N/A,0.0,0.0
Arm01,S533-AM102-05_S533_L001_M_001,2,95,91,1.0,5.476794382860409e-38
Arm02,S533-AM102-05_S533_L001_M_001,2,N/A,N/A,0.0,0.0
Arm03,S533-AM102-05_S533_L001_M_001,2,131,N/A,1.0,0.0
Arm04,S533-AM102-05_S533_L001_M_001,2,179,187,3.89184474750196e-156,1.0
Arm05,S533-AM102-05_S533_L001_M_001,2,N/A,N/A,0.0,0.0
Arm06,S533-AM102-05_S533_L001_M_001,2,147.2,151,0.0,1.0
Arm07,S533-AM102-05_S533_L001_M_001,2,177,185,3.8614569832993055e-102,1.0
Arm08,S533-AM102-05_S533_L001_M_001,2,97,81,0.0,1.0
Arm09,S533-AM102-05_S533_L001_M_001,2,N/A,N/A,0.0,0.0
Arm10,S533-AM102-05_S533_L001_M_001,2,N/A,N/A,0.0,0.0
Arm11,S533-AM102-05_S533_L001_M_001,2,110.2,110,0.0,1.0
Armo01,S533-AM102-05_S533_L001_M_001,2,N/A,N/A,0.0,0.0
Armo02,S533-AM102-05_S533_L001_M_001,2,N/A,N/A,0.0,0.0
Armo03,S533-AM102-05_S533_L001_M_001,2,N/A,N/A,0.0,0.0
Am-AG-1,S533-AM102-05_S533_L001_M_001,2,N/A,N/A,0.0,0.0
Am-AG-10,S533-AM102-05_S533_L001_M_001,2,N/A,N/A,0.0,0.0
Am-AG-2B,S533-AM102-05_S533_L001_M_001,2,N/A,N/A,0.0,0.0
Am-AG-4B,S533-AM102-05_S533_L001_M_001,2,N/A,N/A,0.0,0.0
Am-AG-11,S533-AM102-05_S533_L001_M_001,2,N/A,N/A,0.0,0.0
Am-ATC-2,S533-AM102-05_S533_L001_M_001,2,N/A,N/A,0.0,0.0
Am-ATC-3,S533-AM102-05_S533_L001_M_001,2,N/A,N/A,0.0,0.0
Am-CT-2,S533-AM102-05_S533_L001_M_001,2,N/A,N/A,0.0,0.0
Am-CT-5,S533-AM102-05_S533_L001_M_001,2,N/A,N/A,0.0,0.0
Arm01,S534-AM46-03_S534_L001_M_001,2,83,139,0.0,1.0
Arm02,S534-AM46-03_S534_L001_M_001,2,N/A,N/A,0.0,0.0
Arm03,S534-AM46-03_S534_L001_M_001,2,119.2,131.2,0.0,1.0
Arm04,S534-AM46-03_S534_L001_M_001,2,167,187,0.0,1.0
Arm05,S534-AM46-03_S534_L001_M_001,2,N/A,N/A,0.0,0.0
Arm06,S534-AM46-03_S534_L001_M_001,2,193,147.2,0.0,1.0
Arm07,S534-AM46-03_S534_L001_M_001,2,N/A,N/A,0.0,0.0
Arm08,S534-AM46-03_S534_L001_M_001,2,109,129,0.0,1.0
Arm09,S534-AM46-03_S534_L001_M_001,2,N/A,N/A,0.0,0.0
Arm10,S534-AM46-03_S534_L001_M_001,2,N/A,N/A,0.0,0.0
Arm11,S534-AM46-03_S534_L001_M_001,2,108,106.1,0.0,1.0
Armo01,S534-AM46-03_S534_L001_M_001,2,N/A,N/A,0.0,0.0
Armo02,S534-AM46-03_S534_L001_M_001,2,N/A,N/A,0.0,0.0
Armo03,S534-AM46-03_S534_L001_M_001,2,N/A,N/A,0.0,0.0
Am-AG-1,S534-AM46-03_S534_L001_M_001,2,N/A,N/A,0.0,0.0
Am-AG-10,S534-AM46-03_S534_L001_M_001,2,N/A,N/A,0.0,0.0
Am-AG-2B,S534-AM46-03_S534_L001_M_001,2,N/A,N/A,0.0,0.0
Am-AG-4B,S534-AM46-03_S534_L001_M_001,2,N/A,N/A,0.0,0.0
Am-AG-11,S534-AM46-03_S534_L001_M_001,2,N/A,N/A,0.0,0.0
Am-ATC-2,S534-AM46-03_S534_L001_M_001,2,N/A,N/A,0.0,0.0
Am-ATC-3,S534-AM46-03_S534_L001_M_001,2,N/A,N/A,0.0,0.0
Am-CT-2,S534-AM46-03_S534_L001_M_001,2,N/A,N/A,0.0,0.0
Am-CT-5,S534-AM46-03_S534_L001_M_001,2,N/A,N/A,0.0,0.0
Arm01,S535-AM205-04_S535_L001_M_001,2,83,87,1.0,3.909911784146165e-48
Arm02,S535-AM205-04_S535_L001_M_001,2,N/A,N/A,0.0,0.0
Arm03,S535-AM205-04_S535_L001_M_001,2,131,N/A,1.0,0.0
Arm04,S535-AM205-04_S535_L001_M_001,2,163,191,0.0,1.0
Arm05,S535-AM205-04_S535_L001_M_001,2,N/A,N/A,0.0,0.0
Arm06,S535-AM205-04_S535_L001_M_001,2,151,N/A,1.0,0.0
Arm07,S535-AM205-04_S535_L001_M_001,2,185,N/A,1.0,0.0
Arm08,S535-AM205-04_S535_L001_M_001,2,113,N/A,1.0,0.0
Arm09,S535-AM205-04_S535_L001_M_001,2,N/A,N/A,0.0,0.0
Arm10,S535-AM205-04_S535_L001_M_001,2,N/A,N/A,0.0,0.0
Arm11,S535-AM205-04_S535_L001_M_001,2,108,110.2,0.0,1.0
Armo01,S535-AM205-04_S535_L001_M_001,2,N/A,N/A,0.0,0.0
Armo02,S535-AM205-04_S535_L001_M_001,2,N/A,N/A,0.0,0.0
Armo03,S535-AM205-04_S535_L001_M_001,2,N/A,N/A,0.0,0.0
Am-AG-1,S535-AM205-04_S535_L001_M_001,2,N/A,N/A,0.0,0.0
Am-AG-10,S535-AM205-04_S535_L001_M_001,2,N/A,N/A,0.0,0.0
Am-AG-2B,S535-AM205-04_S535_L001_M_001,2,N/A,N/A,0.0,0.0
Am-AG-4B,S535-AM205-04_S535_L001_M_001,2,N/A,N/A,0.0,0.0
Am-AG-11,S535-AM205-04_S535_L001_M_001,2,N/A,N/A,0.0,0.0
Am-ATC-2,S535-AM205-04_S535_L001_M_001,2,N/A,N/A,0.0,0.0
Am-ATC-3,S535-AM205-04_S535_L001_M_001,2,N/A,N/A,0.0,0.0
Am-CT-2,S535-AM205-04_S535_L001_M_001,2,N/A,N/A,0.0,0.0
Am-CT-5,S535-AM205-04_S535_L001_M_001,2,N/A,N/A,0.0,0.0
Arm01,S536-AM202-03_S536_L001_M_001,2,95,107,0.0,1.0
Arm02,S536-AM202-03_S536_L001_M_001,2,N/A,N/A,0.0,0.0
Arm03,S536-AM202-03_S536_L001_M_001,2,131.2,131,0.0,1.0
Arm04,S536-AM202-03_S536_L001_M_001,2,187,191,1.0,3.3838454352369793e-49
Arm05,S536-AM202-03_S536_L001_M_001,2,N/A,N/A,0.0,0.0
Arm06,S536-AM202-03_S536_L001_M_001,2,151,N/A,1.0,0.0
Arm07,S536-AM202-03_S536_L001_M_001,2,185,N/A,1.0,0.0
Arm08,S536-AM202-03_S536_L001_M_001,2,81,97,0.0,1.0
Arm09,S536-AM202-03_S536_L001_M_001,2,N/A,N/A,0.0,0.0
Arm10,S536-AM202-03_S536_L001_M_001,2,N/A,N/A,0.0,0.0
Arm11,S536-AM202-03_S536_L001_M_001,2,110,110.2,0.0,1.0
Armo01,S536-AM202-03_S536_L001_M_001,2,N/A,N/A,0.0,0.0
Armo02,S536-AM202-03_S536_L001_M_001,2,N/A,N/A,0.0,0.0
Armo03,S536-AM202-03_S536_L001_M_001,2,N/A,N/A,0.0,0.0
Am-AG-1,S536-AM202-03_S536_L001_M_001,2,N/A,N/A,0.0,0.0
Am-AG-10,S536-AM202-03_S536_L001_M_001,2,N/A,N/A,0.0,0.0
Am-AG-2B,S536-AM202-03_S536_L001_M_001,2,N/A,N/A,0.0,0.0
Am-AG-4B,S536-AM202-03_S536_L001_M_001,2,N/A,N/A,0.0,0.0
Am-AG-11,S536-AM202-03_S536_L001_M_001,2,N/A,N/A,0.0,0.0
Am-ATC-2,S536-AM202-03_S536_L001_M_001,2,N/A,N/A,0.0,0.0
Am-ATC-3,S536-AM202-03_S536_L001_M_001,2,N/A,N/A,0.0,0.0
Am-CT-2,S536-AM202-03_S536_L001_M_001,2,N/A,N/A,0.0,0.0
Am-CT-5,S536-AM202-03_S536_L001_M_001,2,N/A,N/A,0.0,0.0
Arm01,S537-AM102-19_S537_L001_M_001,2,95,107,0.0,1.0
Arm02,S537-AM102-19_S537_L001_M_001,2,N/A,N/A,0.0,0.0
Arm03,S537-AM102-19_S537_L001_M_001,2,131.2,N/A,1.0,0.0
Arm04,S537-AM102-19_S537_L001_M_001,2,187,199,0.0,1.0
Arm05,S537-AM102-19_S537_L001_M_001,2,N/A,N/A,0.0,0.0
Arm06,S537-AM102-19_S537_L001_M_001,2,151,N/A,1.0,0.0
Arm07,S537-AM102-19_S537_L001_M_001,2,185,Other sequences,0.0,1.0
Arm08,S537-AM102-19_S537_L001_M_001,2,81,97,0.0,1.0
Arm09,S537-AM102-19_S537_L001_M_001,2,N/A,N/A,0.0,0.0
Arm10,S537-AM102-19_S537_L001_M_001,2,N/A,N/A,0.0,0.0
Arm11,S537-AM102-19_S537_L001_M_001,2,110,110.2,0.0,1.0
Armo01,S537-AM102-19_S537_L001_M_001,2,N/A,N/A,0.0,0.0
Armo02,S537-AM102-19_S537_L001_M_001,2,N/A,N/A,0.0,0.0
Armo03,S537-AM102-19_S537_L001_M_001,2,N/A,N/A,0.0,0.0
Am-AG-1,S537-AM102-19_S537_L001_M_001,2,N/A,N/A,0.0,0.0
Am-AG-10,S537-AM102-19_S537_L001_M_001,2,N/A,N/A,0.0,0.0
Am-AG-2B,S537-AM102-19_S537_L001_M_001,2,N/A,N/A,0.0,0.0
Am-AG-4B,S537-AM102-19_S537_L001_M_001,2,N/A,N/A,0.0,0.0
Am-AG-11,S537-AM102-19_S537_L001_M_001,2,N/A,N/A,0.0,0.0
Am-ATC-2,S537-AM102-19_S537_L001_M_001,2,N/A,N/A,0.0,0.0
Am-ATC-3,S537-AM102-19_S537_L001_M_001,2,N/A,N/A,0.0,0.0
Am-CT-2,S537-AM102-19_S537_L001_M_001,2,N/A,N/A,0.0,0.0
Am-CT-5,S537-AM102-19_S537_L001_M_001,2,N/A,N/A,0.0,0.0
Arm01,S538-AM30-07_S538_L001_M_001,2,83,87,1.0,1.3403428158109492e-48
Arm02,S538-AM30-07_S538_L001_M_001,2,N/A,N/A,0.0,0.0
Arm03,S538-AM30-07_S538_L001_M_001,2,131,N/A,1.0,0.0
Arm04,S538-AM30-07_S538_L001_M_001,2,163,191,0.0,1.0
Arm05,S538-AM30-07_S538_L001_M_001,2,N/A,N/A,0.0,0.0
Arm06,S538-AM30-07_S538_L001_M_001,2,151,N/A,1.0,0.0
Arm07,S538-AM30-07_S538_L001_M_001,2,185,N/A,1.0,0.0
Arm08,S538-AM30-07_S538_L001_M_001,2,113,N/A,1.0,0.0
Arm09,S538-AM30-07_S538_L001_M_001,2,N/A,N/A,0.0,0.0
Arm10,S538-AM30-07_S538_L001_M_001,2,N/A,N/A,0.0,0.0
Arm11,S538-AM30-07_S538_L001_M_001,2,108,110.2,0.0,1.0
Armo01,S538-AM30-07_S538_L001_M_001,2,N/A,N/A,0.0,0.0
Armo02,S538-AM30-07_S538_L001_M_001,2,N/A,N/A,0.0,0.0
Armo03,S538-AM30-07_S538_L001_M_001,2,N/A,N/A,0.0,0.0
Am-AG-1,S538-AM30-07_S538_L001_M_001,2,N/A,N/A,0.0,0.0
Am-AG-10,S538-AM30-07_S538_L001_M_001,2,N/A,N/A,0.0,0.0
Am-AG-2B,S538-AM30-07_S538_L001_M_001,2,N/A,N/A,0.0,0.0
Am-AG-4B,S538-AM30-07_S538_L001_M_001,2,N/A,N/A,0.0,0.0
Am-AG-11,S538-AM30-07_S538_L001_M_001,2,N/A,N/A,0.0,0.0
Am-ATC-2,S538-AM30-07_S538_L001_M_001,2,N/A,N/A,0.0,0.0
Am-ATC-3,S538-AM30-07_S538_L001_M_001,2,N/A,N/A,0.0,0.0
Am-CT-2,S538-AM30-07_S538_L001_M_001,2,N/A,N/A,0.0,0.0
Am-CT-5,S538-AM30-07_S538_L001_M_001,2,N/A,N/A,0.0,0.0
Arm01,S539-AM102-13_S539_L001_M_001,2,83,107,0.0,1.0
Arm02,S539-AM102-13_S539_L001_M_001,2,N/A,N/A,0.0,0.0
Arm03,S539-AM102-13_S539_L001_M_001,2,131,N/A,1.0,0.0
Arm04,S539-AM102-13_S539_L001_M_001,2,179,191,0.0,1.0
Arm05,S539-AM102-13_S539_L001_M_001,2,N/A,N/A,0.0,0.0
Arm06,S539-AM102-13_S539_L001_M_001,2,147.2,151,0.0,1.0
Arm07,S539-AM102-13_S539_L001_M_001,2,189,177,0.0,1.0
Arm08,S539-AM102-13_S539_L001_M_001,2,97,93,2.2930200804365744e-114,1.0
Arm09,S539-AM102-13_S539_L001_M_001,2,N/A,N/A,0.0,0.0
Arm10,S539-AM102-13_S539_L001_M_001,2,N/A,N/A,0.0,0.0
Arm11,S539-AM102-13_S539_L001_M_001,2,110.2,108.2,0.0,1.0
Armo01,S539-AM102-13_S539_L001_M_001,2,N/A,N/A,0.0,0.0
Armo02,S539-AM102-13_S539_L001_M_001,2,N/A,N/A,0.0,0.0
Armo03,S539-AM102-13_S539_L001_M_001,2,N/A,N/A,0.0,0.0
Am-AG-1,S539-AM102-13_S539_L001_M_001,2,N/A,N/A,0.0,0.0
Am-AG-10,S539-AM102-13_S539_L001_M_001,2,N/A,N/A,0.0,0.0
Am-AG-2B,S539-AM102-13_S539_L001_M_001,2,N/A,N/A,0.0,0.0
Am-AG-4B,S539-AM102-13_S539_L001_M_001,2,N/A,N/A,0.0,0.0
Am-AG-11,S539-AM102-13_S539_L001_M_001,2,N/A,N/A,0.0,0.0
Am-ATC-2,S539-AM102-13_S539_L001_M_001,2,N/A,N/A,0.0,0.0
Am-ATC-3,S539-AM102-13_S539_L001_M_001,2,N/A,N/A,0.0,0.0
Am-CT-2,S539-AM102-13_S539_L001_M_001,2,N/A,N/A,0.0,0.0
Am-CT-5,S539-AM102-13_S539_L001_M_001,2,N/A,N/A,0.0,0.0
Arm01,S540-AM30-01_S540_L001_M_001,2,87,N/A,1.0,0.0
Arm02,S540-AM30-01_S540_L001_M_001,2,N/A,N/A,0.0,0.0
Arm03,S540-AM30-01_S540_L001_M_001,2,131.2,N/A,1.0,0.0
Arm04,S540-AM30-01_S540_L001_M_001,2,171,179,1.5249058021470858e-158,1.0
Arm05,S540-AM30-01_S540_L001_M_001,2,N/A,N/A,0.0,0.0
Arm06,S540-AM30-01_S540_L001_M_001,2,151,N/A,1.0,0.0
Arm07,S540-AM30-01_S540_L001_M_001,2,185,N/A,1.0,0.0
Arm08,S540-AM30-01_S540_L001_M_001,2,93,N/A,1.0,0.0
Arm09,S540-AM30-01_S540_L001_M_001,2,N/A,N/A,0.0,0.0
Arm10,S540-AM30-01_S540_L001_M_001,2,N/A,N/A,0.0,0.0
Arm11,S540-AM30-01_S540_L001_M_001,2,110,108.3,0.0,1.0
Armo01,S540-AM30-01_S540_L001_M_001,2,N/A,N/A,0.0,0.0
Armo02,S540-AM30-01_S540_L001_M_001,2,N/A,N/A,0.0,0.0
Armo03,S540-AM30-01_S540_L001_M_001,2,N/A,N/A,0.0,0.0
Am-AG-1,S540-AM30-01_S540_L001_M_001,2,N/A,N/A,0.0,0.0
Am-AG-10,S540-AM30-01_S540_L001_M_001,2,N/A,N/A,0.0,0.0
Am-AG-2B,S540-AM30-01_S540_L001_M_001,2,N/A,N/A,0.0,0.0
Am-AG-4B,S540-AM30-01_S540_L001_M_001,2,N/A,N/A,0.0,0.0
Am-AG-11,S540-AM30-01_S540_L001_M_001,2,N/A,N/A,0.0,0.0
Am-ATC-2,S540-AM30-01_S540_L001_M_001,2,N/A,N/A,0.0,0.0
Am-ATC-3,S540-AM30-01_S540_L001_M_001,2,N/A,N/A,0.0,0.0
Am-CT-2,S540-AM30-01_S540_L001_M_001,2,N/A,N/A,0.0,0.0
Am-CT-5,S540-AM30-01_S540_L001_M_001,2,N/A,N/A,0.0,0.0
Arm01,S541-AM30-16_S541_L001_M_001,2,87,107,0.0,1.0
Arm02,S541-AM30-16_S541_L001_M_001,2,N/A,N/A,0.0,0.0
Arm03,S541-AM30-16_S541_L001_M_001,2,131.2,131,0.0,1.0
Arm04,S541-AM30-16_S541_L001_M_001,2,163,171,5.16556915266209e-147,1.0
Arm05,S541-AM30-16_S541_L001_M_001,2,N/A,N/A,0.0,0.0
Arm06,S541-AM30-16_S541_L001_M_001,2,147.2,151,0.0,1.0
Arm07,S541-AM30-16_S541_L001_M_001,2,189,N/A,1.0,0.0
Arm08,S541-AM30-16_S541_L001_M_001,2,93,97,1.0,1.3114890078863965e-57
Arm09,S541-AM30-16_S541_L001_M_001,2,N/A,N/A,0.0,0.0
Arm10,S541-AM30-16_S541_L001_M_001,2,N/A,N/A,0.0,0.0
Arm11,S541-AM30-16_S541_L001_M_001,2,108,110.2,0.0,1.0
Armo01,S541-AM30-16_S541_L001_M_001,2,N/A,N/A,0.0,0.0
Armo02,S541-AM30-16_S541_L001_M_001,2,N/A,N/A,0.0,0.0
Armo03,S541-AM30-16_S541_L001_M_001,2,N/A,N/A,0.0,0.0
Am-AG-1,S541-AM30-16_S541_L001_M_001,2,N/A,N/A,0.0,0.0
Am-AG-10,S541-AM30-16_S541_L001_M_001,2,N/A,N/A,0.0,0.0
Am-AG-2B,S541-AM30-16_S541_L001_M_001,2,N/A,N/A,0.0,0.0
Am-AG-4B,S541-AM30-16_S541_L001_M_001,2,N/A,N/A,0.0,0.0
Am-AG-11,S541-AM30-16_S541_L001_M_001,2,N/A,N/A,0.0,0.0
Am-ATC-2,S541-AM30-16_S541_L001_M_001,2,N/A,N/A,0.0,0.0
Am-ATC-3,S541-AM30-16_S541_L001_M_001,2,N/A,N/A,0.0,0.0
Am-CT-2,S541-AM30-16_S541_L001_M_001,2,N/A,N/A,0.0,0.0
Am-CT-5,S541-AM30-16_S541_L001_M_001,2,N/A,N/A,0.0,0.0
Arm01,S542-AM46-11_S542_L001_M_001,2,87,103,0.0,1.0
Arm02,S542-AM46-11_S542_L001_M_001,2,N/A,N/A,0.0,0.0
Arm03,S542-AM46-11_S542_L001_M_001,2,119.2,131.2,0.0,1.0
Arm04,S542-AM46-11_S542_L001_M_001,2,163,187,0.0,1.0
Arm05,S542-AM46-11_S542_L001_M_001,2,N/A,N/A,0.0,0.0
Arm06,S542-AM46-11_S542_L001_M_001,2,147.2,N/A,1.0,0.0
Arm07,S542-AM46-11_S542_L001_M_001,2,177,N/A,1.0,0.0
Arm08,S542-AM46-11_S542_L001_M_001,2,109,N/A,1.0,0.0
Arm09,S542-AM46-11_S542_L001_M_001,2,N/A,N/A,0.0,0.0
Arm10,S542-AM46-11_S542_L001_M_001,2,N/A,N/A,0.0,0.0
Arm11,S542-AM46-11_S542_L001_M_001,2,108,110.2,0.0,1.0
Armo01,S542-AM46-11_S542_L001_M_001,2,N/A,N/A,0.0,0.0
Armo02,S542-AM46-11_S542_L001_M_001,2,N/A,N/A,0.0,0.0
Armo03,S542-AM46-11_S542_L001_M_001,2,N/A,N/A,0.0,0.0
Am-AG-1,S542-AM46-11_S542_L001_M_001,2,N/A,N/A,0.0,0.0
Am-AG-10,S542-AM46-11_S542_L001_M_001,2,N/A,N/A,0.0,0.0
Am-AG-2B,S542-AM46-11_S542_L001_M_001,2,N/A,N/A,0.0,0.0
Am-AG-4B,S542-AM46-11_S542_L001_M_001,2,N/A,N/A,0.0,0.0
Am-AG-11,S542-AM46-11_S542_L001_M_001,2,N/A,N/A,0.0,0.0
Am-ATC-2,S542-AM46-11_S542_L001_M_001,2,N/A,N/A,0.0,0.0
Am-ATC-3,S542-AM46-11_S542_L001_M_001,2,N/A,N/A,0.0,0.0
Am-CT-2,S542-AM46-11_S542_L001_M_001,2,N/A,N/A,0.0,0.0
Am-CT-5,S542-AM46-11_S542_L001_M_001,2,N/A,N/A,0.0,0.0
Arm01,S543-AM102-06_S543_L001_M_001,2,87,95,1.958114917982645e-154,1.0
Arm02,S543-AM102-06_S543_L001_M_001,2,N/A,N/A,0.0,0.0
Arm03,S543-AM102-06_S543_L001_M_001,2,131,N/A,1.0,0.0
Arm04,S543-AM102-06_S543_L001_M_001,2,171,179,1.9343197942075919e-122,1.0
Arm05,S543-AM102-06_S543_L001_M_001,2,N/A,N/A,0.0,0.0
Arm06,S543-AM102-06_S543_L001_M_001,2,147.2,151,0.0,1.0
Arm07,S543-AM102-06_S543_L001_M_001,2,Other sequences,N/A,1.0,0.0
Arm08,S543-AM102-06_S543_L001_M_001,2,81,93,0.0,1.0
Arm09,S543-AM102-06_S543_L001_M_001,2,N/A,N/A,0.0,0.0
Arm10,S543-AM102-06_S543_L001_M_001,2,N/A,N/A,0.0,0.0
Arm11,S543-AM102-06_S543_L001_M_001,2,110.2,108.2,0.0,1.0
Armo01,S543-AM102-06_S543_L001_M_001,2,N/A,N/A,0.0,0.0
Armo02,S543-AM102-06_S543_L001_M_001,2,N/A,N/A,0.0,0.0
Armo03,S543-AM102-06_S543_L001_M_001,2,N/A,N/A,0.0,0.0
Am-AG-1,S543-AM102-06_S543_L001_M_001,2,N/A,N/A,0.0,0.0
Am-AG-10,S543-AM102-06_S543_L001_M_001,2,N/A,N/A,0.0,0.0
Am-AG-2B,S543-AM102-06_S543_L001_M_001,2,N/A,N/A,0.0,0.0
Am-AG-4B,S543-AM102-06_S543_L001_M_001,2,N/A,N/A,0.0,0.0
Am-AG-11,S543-AM102-06_S543_L001_M_001,2,N/A,N/A,0.0,0.0
Am-ATC-2,S543-AM102-06_S543_L001_M_001,2,N/A,N/A,0.0,0.0
Am-ATC-3,S543-AM102-06_S543_L001_M_001,2,N/A,N/A,0.0,0.0
Am-CT-2,S543-AM102-06_S543_L001_M_001,2,N/A,N/A,0.0,0.0
Am-CT-5,S543-AM102-06_S543_L001_M_001,2,N/A,N/A,0.0,0.0
Arm01,S544-AM102-16_S544_L001_M_001,2,87,95,5.895261880006366e-163,1.0
Arm02,S544-AM102-16_S544_L001_M_001,2,N/A,N/A,0.0,0.0
Arm03,S544-AM102-16_S544_L001_M_001,2,131,N/A,1.0,0.0
Arm04,S544-AM102-16_S544_L001_M_001,2,179,175,1.0,1.0421591812011317e-29
Arm05,S544-AM102-16_S544_L001_M_001,2,N/A,N/A,0.0,0.0
Arm06,S544-AM102-16_S544_L001_M_001,2,147.2,151,0.0,1.0
Arm07,S544-AM102-16_S544_L001_M_001,2,189,177,0.0,1.0
Arm08,S544-AM102-16_S544_L001_M_001,2,81,93,0.0,1.0
Arm09,S544-AM102-16_S544_L001_M_001,2,N/A,N/A,0.0,0.0
Arm10,S544-AM102-16_S544_L001_M_001,2,N/A,N/A,0.0,0.0
Arm11,S544-AM102-16_S544_L001_M_001,2,110,110.2,0.0,1.0
Armo01,S544-AM102-16_S544_L001_M_001,2,N/A,N/A,0.0,0.0
Armo02,S544-AM102-16_S544_L001_M_001,2,N/A,N/A,0.0,0.0
Armo03,S544-AM102-16_S544_L001_M_001,2,N/A,N/A,0.0,0.0
Am-AG-1,S544-AM102-16_S544_L001_M_001,2,N/A,N/A,0.0,0.0
Am-AG-10,S544-AM102-16_S544_L001_M_001,2,N/A,N/A,0.0,0.0
Am-AG-2B,S544-AM102-16_S544_L001_M_001,2,N/A,N/A,0.0,0.0
Am-AG-4B,S544-AM102-16_S544_L001_M_001,2,N/A,N/A,0.0,0.0
Am-AG-11,S544-AM102-16_S544_L001_M_001,2,N/A,N/A,0.0,0.0
Am-ATC-2,S544-AM102-16_S544_L001_M_001,2,N/A,N/A,0.0,0.0
Am-ATC-3,S544-AM102-16_S544_L001_M_001,2,N/A,N/A,0.0,0.0
Am-CT-2,S544-AM102-16_S544_L001_M_001,2,N/A,N/A,0.0,0.0
Am-CT-5,S544-AM102-16_S544_L001_M_001,2,N/A,N/A,0.0,0.0
Arm01,S545-AM46-19_S545_L001_M_001,2,139,135.1,0.0,1.0
Arm02,S545-AM46-19_S545_L001_M_001,2,N/A,N/A,0.0,0.0
Arm03,S545-AM46-19_S545_L001_M_001,2,119.2,131.2,0.0,1.0
Arm04,S545-AM46-19_S545_L001_M_001,2,163,175,0.0,1.0
Arm05,S545-AM46-19_S545_L001_M_001,2,N/A,N/A,0.0,0.0
Arm06,S545-AM46-19_S545_L001_M_001,2,147.2,151,0.0,1.0
Arm07,S545-AM46-19_S545_L001_M_001,2,189,N/A,1.0,0.0
Arm08,S545-AM46-19_S545_L001_M_001,2,109,81,0.0,1.0
Arm09,S545-AM46-19_S545_L001_M_001,2,N/A,N/A,0.0,0.0
Arm10,S545-AM46-19_S545_L001_M_001,2,N/A,N/A,0.0,0.0
Arm11,S545-AM46-19_S545_L001_M_001,2,108,106.1,0.0,1.0
Armo01,S545-AM46-19_S545_L001_M_001,2,N/A,N/A,0.0,0.0
Armo02,S545-AM46-19_S545_L001_M_001,2,N/A,N/A,0.0,0.0
Armo03,S545-AM46-19_S545_L001_M_001,2,N/A,N/A,0.0,0.0
Am-AG-1,S545-AM46-19_S545_L001_M_001,2,N/A,N/A,0.0,0.0
Am-AG-10,S545-AM46-19_S545_L001_M_001,2,N/A,N/A,0.0,0.0
Am-AG-2B,S545-AM46-19_S545_L001_M_001,2,N/A,N/A,0.0,0.0
Am-AG-4B,S545-AM46-19_S545_L001_M_001,2,N/A,N/A,0.0,0.0
Am-AG-11,S545-AM46-19_S545_L001_M_001,2,N/A,N/A,0.0,0.0
Am-ATC-2,S545-AM46-19_S545_L001_M_001,2,N/A,N/A,0.0,0.0
Am-ATC-3,S545-AM46-19_S545_L001_M_001,2,N/A,N/A,0.0,0.0
Am-CT-2,S545-AM46-19_S545_L001_M_001,2,N/A,N/A,0.0,0.0
Am-CT-5,S545-AM46-19_S545_L001_M_001,2,N/A,N/A,0.0,0.0
Arm01,S546-AM102-15_S546_L001_M_001,2,95,91,1.0,6.599984316603012e-35
Arm02,S546-AM102-15_S546_L001_M_001,2,N/A,N/A,0.0,0.0
Arm03,S546-AM102-15_S546_L001_M_001,2,131.2,N/A,1.0,0.0
Arm04,S546-AM102-15_S546_L001_M_001,2,187,199,0.0,1.0
Arm05,S546-AM102-15_S546_L001_M_001,2,N/A,N/A,0.0,0.0
Arm06,S546-AM102-15_S546_L001_M_001,2,151,N/A,1.0,0.0
Arm07,S546-AM102-15_S546_L001_M_001,2,177,N/A,1.0,0.0
Arm08,S546-AM102-15_S546_L001_M_001,2,81,97,0.0,1.0
Arm09,S546-AM102-15_S546_L001_M_001,2,N/A,N/A,0.0,0.0
Arm10,S546-AM102-15_S546_L001_M_001,2,N/A,N/A,0.0,0.0
Arm11,S546-AM102-15_S546_L001_M_001,2,110.2,108.2,0.0,1.0
Armo01,S546-AM102-15_S546_L001_M_001,2,N/A,N/A,0.0,0.0
Armo02,S546-AM102-15_S546_L001_M_001,2,N/A,N/A,0.0,0.0
Armo03,S546-AM102-15_S546_L001_M_001,2,N/A,N/A,0.0,0.0
Am-AG-1,S546-AM102-15_S546_L001_M_001,2,N/A,N/A,0.0,0.0
Am-AG-10,S546-AM102-15_S546_L001_M_001,2,N/A,N/A,0.0,0.0
Am-AG-2B,S546-AM102-15_S546_L001_M_001,2,N/A,N/A,0.0,0.0
Am-AG-4B,S546-AM102-15_S546_L001_M_001,2,N/A,N/A,0.0,0.0
Am-AG-11,S546-AM102-15_S546_L001_M_001,2,N/A,N/A,0.0,0.0
Am-ATC-2,S546-AM102-15_S546_L001_M_001,2,N/A,N/A,0.0,0.0
Am-ATC-3,S546-AM102-15_S546_L001_M_001,2,N/A,N/A,0.0,0.0
Am-CT-2,S546-AM102-15_S546_L001_M_001,2,N/A,N/A,0.0,0.0
Am-CT-5,S546-AM102-15_S546_L001_M_001,2,N/A,N/A,0.0,0.0
Arm01,S547-nc_S547_L001_M_001,2,N/A,N/A,0.0,0.0
Arm02,S547-nc_S547_L001_M_001,2,N/A,N/A,0.0,0.0
Arm03,S547-nc_S547_L001_M_001,2,Other sequences,N/A,1.0,0.0
Arm04,S547-nc_S547_L001_M_001,2,Other sequences,N/A,1.0,0.0
Arm05,S547-nc_S547_L001_M_001,2,N/A,N/A,0.0,0.0
Arm06,S547-nc_S547_L001_M_001,2,N/A,N/A,0.0,0.0
Arm07,S547-nc_S547_L001_M_001,2,N/A,N/A,0.0,0.0
Arm08,S547-nc_S547_L001_M_001,2,N/A,N/A,0.0,0.0
Arm09,S547-nc_S547_L001_M_001,2,N/A,N/A,0.0,0.0
Arm10,S547-nc_S547_L001_M_001,2,N/A,N/A,0.0,0.0
Arm11,S547-nc_S547_L001_M_001,2,Other sequences,N/A,1.0,0.0
Armo01,S547-nc_S547_L001_M_001,2,N/A,N/A,0.0,0.0
Armo02,S547-nc_S547_L001_M_001,2,N/A,N/A,0.0,0.0
Armo03,S547-nc_S547_L001_M_001,2,N/A,N/A,0.0,0.0
Am-AG-1,S547-nc_S547_L001_M_001,2,N/A,N/A,0.0,0.0
Am-AG-10,S547-nc_S547_L001_M_001,2,N/A,N/A,0.0,0.0
Am-AG-2B,S547-nc_S547_L001_M_001,2,N/A,N/A,0.0,0.0
Am-AG-4B,S547-nc_S547_L001_M_001,2,N/A,N/A,0.0,0.0
Am-AG-11,S547-nc_S547_L001_M_001,2,N/A,N/A,0.0,0.0
Am-ATC-2,S547-nc_S547_L001_M_001,2,N/A,N/A,0.0,0.0
Am-ATC-3,S547-nc_S547_L001_M_001,2,N/A,N/A,0.0,0.0
Am-CT-2,S547-nc_S547_L001_M_001,2,N/A,N/A,0.0,0.0
Am-CT-5,S547-nc_S547_L001_M_001,2,N/A,N/A,0.0,0.0
Arm01,S548-AM30-04_S548_L001_M_001,2,83,87,1.0,1.2857777342569386e-59
Arm02,S548-AM30-04_S548_L001_M_001,2,N/A,N/A,0.0,0.0
Arm03,S548-AM30-04_S548_L001_M_001,2,131,N/A,1.0,0.0
Arm04,S548-AM30-04_S548_L001_M_001,2,171,179,3.969132492695168e-153,1.0
Arm05,S548-AM30-04_S548_L001_M_001,2,N/A,N/A,0.0,0.0
Arm06,S548-AM30-04_S548_L001_M_001,2,147.2,N/A,1.0,0.0
Arm07,S548-AM30-04_S548_L001_M_001,2,189,N/A,1.0,0.0
Arm08,S548-AM30-04_S548_L001_M_001,2,93,109,0.0,1.0
Arm09,S548-AM30-04_S548_L001_M_001,2,N/A,N/A,0.0,0.0
Arm10,S548-AM30-04_S548_L001_M_001,2,N/A,N/A,0.0,0.0
Arm11,S548-AM30-04_S548_L001_M_001,2,110,110.2,0.0,1.0
Armo01,S548-AM30-04_S548_L001_M_001,2,N/A,N/A,0.0,0.0
Armo02,S548-AM30-04_S548_L001_M_001,2,N/A,N/A,0.0,0.0
Armo03,S548-AM30-04_S548_L001_M_001,2,N/A,N/A,0.0,0.0
Am-AG-1,S548-AM30-04_S548_L001_M_001,2,N/A,N/A,0.0,0.0
Am-AG-10,S548-AM30-04_S548_L001_M_001,2,N/A,N/A,0.0,0.0
Am-AG-2B,S548-AM30-04_S548_L001_M_001,2,N/A,N/A,0.0,0.0
Am-AG-4B,S548-AM30-04_S548_L001_M_001,2,N/A,N/A,0.0,0.0
Am-AG-11,S548-AM30-04_S548_L001_M_001,2,N/A,N/A,0.0,0.0
Am-ATC-2,S548-AM30-04_S548_L001_M_001,2,N/A,N/A,0.0,0.0
Am-ATC-3,S548-AM30-04_S548_L001_M_001,2,N/A,N/A,0.0,0.0
Am-CT-2,S548-AM30-04_S548_L001_M_001,2,N/A,N/A,0.0,0.0
Am-CT-5,S548-AM30-04_S548_L001_M_001,2,N/A,N/A,0.0,0.0
Arm01,S549-AM102-14_S549_L001_M_001,2,95,107,0.0,1.0
Arm02,S549-AM102-14_S549_L001_M_001,2,N/A,N/A,0.0,0.0
Arm03,S549-AM102-14_S549_L001_M_001,2,131.2,131,0.0,1.0
Arm04,S549-AM102-14_S549_L001_M_001,2,179,199,0.0,1.0
Arm05,S549-AM102-14_S549_L001_M_001,2,N/A,N/A,0.0,0.0
Arm06,S549-AM102-14_S549_L001_M_001,2,147.2,151,0.0,1.0
Arm07,S549-AM102-14_S549_L001_M_001,2,177,N/A,1.0,0.0
Arm08,S549-AM102-14_S549_L001_M_001,2,81,N/A,1.0,0.0
Arm09,S549-AM102-14_S549_L001_M_001,2,N/A,N/A,0.0,0.0
Arm10,S549-AM102-14_S549_L001_M_001,2,N/A,N/A,0.0,0.0
Arm11,S549-AM102-14_S549_L001_M_001,2,110.2,108.2,0.0,1.0
Armo01,S549-AM102-14_S549_L001_M_001,2,N/A,N/A,0.0,0.0
Armo02,S549-AM102-14_S549_L001_M_001,2,N/A,N/A,0.0,0.0
Armo03,S549-AM102-14_S549_L001_M_001,2,N/A,N/A,0.0,0.0
Am-AG-1,S549-AM102-14_S549_L001_M_001,2,N/A,N/A,0.0,0.0
Am-AG-10,S549-AM102-14_S549_L001_M_001,2,N/A,N/A,0.0,0.0
Am-AG-2B,S549-AM102-14_S549_L001_M_001,2,N/A,N/A,0.0,0.0
Am-AG-4B,S549-AM102-14_S549_L001_M_001,2,N/A,N/A,0.0,0.0
Am-AG-11,S549-AM102-14_S549_L001_M_001,2,N/A,N/A,0.0,0.0
Am-ATC-2,S549-AM102-14_S549_L001_M_001,2,N/A,N/A,0.0,0.0
Am-ATC-3,S549-AM102-14_S549_L001_M_001,2,N/A,N/A,0.0,0.0
Am-CT-2,S549-AM102-14_S549_L001_M_001,2,N/A,N/A,0.0,0.0
Am-CT-5,S549-AM102-14_S549_L001_M_001,2,N/A,N/A,0.0,0.0
Arm01,S550-AM46-15_S550_L001_M_001,2,139,135.1,0.0,1.0
Arm02,S550-AM46-15_S550_L001_M_001,2,N/A,N/A,0.0,0.0
Arm03,S550-AM46-15_S550_L001_M_001,2,119.2,131.2,0.0,1.0
Arm04,S550-AM46-15_S550_L001_M_001,2,163,175,0.0,1.0
Arm05,S550-AM46-15_S550_L001_M_001,2,N/A,N/A,0.0,0.0
Arm06,S550-AM46-15_S550_L001_M_001,2,147.2,151,0.0,1.0
Arm07,S550-AM46-15_S550_L001_M_001,2,189,N/A,1.0,0.0
Arm08,S550-AM46-15_S550_L001_M_001,2,97,N/A,1.0,0.0
Arm09,S550-AM46-15_S550_L001_M_001,2,N/A,N/A,0.0,0.0
Arm10,S550-AM46-15_S550_L001_M_001,2,N/A,N/A,0.0,0.0
Arm11,S550-AM46-15_S550_L001_M_001,2,108,106.1,0.0,1.0
Armo01,S550-AM46-15_S550_L001_M_001,2,N/A,N/A,0.0,0.0
Armo02,S550-AM46-15_S550_L001_M_001,2,N/A,N/A,0.0,0.0
Armo03,S550-AM46-15_S550_L001_M_001,2,N/A,N/A,0.0,0.0
Am-AG-1,S550-AM46-15_S550_L001_M_001,2,N/A,N/A,0.0,0.0
Am-AG-10,S550-AM46-15_S550_L001_M_001,2,N/A,N/A,0.0,0.0
Am-AG-2B,S550-AM46-15_S550_L001_M_001,2,N/A,N/A,0.0,0.0
Am-AG-4B,S550-AM46-15_S550_L001_M_001,2,N/A,N/A,0.0,0.0
Am-AG-11,S550-AM46-15_S550_L001_M_001,2,N/A,N/A,0.0,0.0
Am-ATC-2,S550-AM46-15_S550_L001_M_001,2,N/A,N/A,0.0,0.0
Am-ATC-3,S550-AM46-15_S550_L001_M_001,2,N/A,N/A,0.0,0.0
Am-CT-2,S550-AM46-15_S550_L001_M_001,2,N/A,N/A,0.0,0.0
Am-CT-5,S550-AM46-15_S550_L001_M_001,2,N/A,N/A,0.0,0.0
Arm01,S551-AM102-02_S551_L001_M_001,2,87,107,0.0,1.0
Arm02,S551-AM102-02_S551_L001_M_001,2,N/A,N/A,0.0,0.0
Arm03,S551-AM102-02_S551_L001_M_001,2,131,N/A,1.0,0.0
Arm04,S551-AM102-02_S551_L001_M_001,2,179,N/A,1.0,0.0
Arm05,S551-AM102-02_S551_L001_M_001,2,N/A,N/A,0.0,0.0
Arm06,S551-AM102-02_S551_L001_M_001,2,147.2,N/A,1.0,0.0
Arm07,S551-AM102-02_S551_L001_M_001,2,Other sequences,N/A,1.0,0.0
Arm08,S551-AM102-02_S551_L001_M_001,2,81,93,0.0,1.0
Arm09,S551-AM102-02_S551_L001_M_001,2,N/A,N/A,0.0,0.0
Arm10,S551-AM102-02_S551_L001_M_001,2,N/A,N/A,0.0,0.0
Arm11,S551-AM102-02_S551_L001_M_001,2,110.2,108.2,0.0,1.0
Armo01,S551-AM102-02_S551_L001_M_001,2,N/A,N/A,0.0,0.0
Armo02,S551-AM102-02_S551_L001_M_001,2,N/A,N/A,0.0,0.0
Armo03,S551-AM102-02_S551_L001_M_001,2,N/A,N/A,0.0,0.0
Am-AG-1,S551-AM102-02_S551_L001_M_001,2,N/A,N/A,0.0,0.0
Am-AG-10,S551-AM102-02_S551_L001_M_001,2,N/A,N/A,0.0,0.0
Am-AG-2B,S551-AM102-02_S551_L001_M_001,2,N/A,N/A,0.0,0.0
Am-AG-4B,S551-AM102-02_S551_L001_M_001,2,N/A,N/A,0.0,0.0
Am-AG-11,S551-AM102-02_S551_L001_M_001,2,N/A,N/A,0.0,0.0
Am-ATC-2,S551-AM102-02_S551_L001_M_001,2,N/A,N/A,0.0,0.0
Am-ATC-3,S551-AM102-02_S551_L001_M_001,2,N/A,N/A,0.0,0.0
Am-CT-2,S551-AM102-02_S551_L001_M_001,2,N/A,N/A,0.0,0.0
Am-CT-5,S551-AM102-02_S551_L001_M_001,2,N/A,N/A,0.0,0.0
Arm01,S552-AM46-10_S552_L001_M_001,2,83,95,0.0,1.0
Arm02,S552-AM46-10_S552_L001_M_001,2,N/A,N/A,0.0,0.0
Arm03,S552-AM46-10_S552_L001_M_001,2,131,131.2,0.0,1.0
Arm04,S552-AM46-10_S552_L001_M_001,2,167,187,0.0,1.0
Arm05,S552-AM46-10_S552_L001_M_001,2,N/A,N/A,0.0,0.0
Arm06,S552-AM46-10_S552_L001_M_001,2,147.2,193,0.0,1.0
Arm07,S552-AM46-10_S552_L001_M_001,2,189,N/A,1.0,0.0
Arm08,S552-AM46-10_S552_L001_M_001,2,109,129,0.0,1.0
Arm09,S552-AM46-10_S552_L001_M_001,2,N/A,N/A,0.0,0.0
Arm10,S552-AM46-10_S552_L001_M_001,2,N/A,N/A,0.0,0.0
Arm11,S552-AM46-10_S552_L001_M_001,2,108,106.1,0.0,1.0
Armo01,S552-AM46-10_S552_L001_M_001,2,N/A,N/A,0.0,0.0
Armo02,S552-AM46-10_S552_L001_M_001,2,N/A,N/A,0.0,0.0
Armo03,S552-AM46-10_S552_L001_M_001,2,N/A,N/A,0.0,0.0
Am-AG-1,S552-AM46-10_S552_L001_M_001,2,N/A,N/A,0.0,0.0
Am-AG-10,S552-AM46-10_S552_L001_M_001,2,N/A,N/A,0.0,0.0
Am-AG-2B,S552-AM46-10_S552_L001_M_001,2,N/A,N/A,0.0,0.0
Am-AG-4B,S552-AM46-10_S552_L001_M_001,2,N/A,N/A,0.0,0.0
Am-AG-11,S552-AM46-10_S552_L001_M_001,2,N/A,N/A,0.0,0.0
Am-ATC-2,S552-AM46-10_S552_L001_M_001,2,N/A,N/A,0.0,0.0
Am-ATC-3,S552-AM46-10_S552_L001_M_001,2,N/A,N/A,0.0,0.0
Am-CT-2,S552-AM46-10_S552_L001_M_001,2,N/A,N/A,0.0,0.0
Am-CT-5,S552-AM46-10_S552_L001_M_001,2,N/A,N/A,0.0,0.0
Arm01,S553-AM46-04_S553_L001_M_001,2,83,139,0.0,1.0
Arm02,S553-AM46-04_S553_L001_M_001,2,N/A,N/A,0.0,0.0
Arm03,S553-AM46-04_S553_L001_M_001,2,119.2,131.2,0.0,1.0
Arm04,S553-AM46-04_S553_L001_M_001,2,167,187,0.0,1.0
Arm05,S553-AM46-04_S553_L001_M_001,2,N/A,N/A,0.0,0.0
Arm06,S553-AM46-04_S553_L001_M_001,2,147.2,193,0.0,1.0
Arm07,S553-AM46-04_S553_L001_M_001,2,N/A,N/A,0.0,0.0
Arm08,S553-AM46-04_S553_L001_M_001,2,129,109,0.0,1.0
Arm09,S553-AM46-04_S553_L001_M_001,2,N/A,N/A,0.0,0.0
Arm10,S553-AM46-04_S553_L001_M_001,2,N/A,N/A,0.0,0.0
Arm11,S553-AM46-04_S553_L001_M_001,2,108,106.1,0.0,1.0
Armo01,S553-AM46-04_S553_L001_M_001,2,N/A,N/A,0.0,0.0
Armo02,S553-AM46-04_S553_L001_M_001,2,N/A,N/A,0.0,0.0
Armo03,S553-AM46-04_S553_L001_M_001,2,N/A,N/A,0.0,0.0
Am-AG-1,S553-AM46-04_S553_L001_M_001,2,N/A,N/A,0.0,0.0
Am-AG-10,S553-AM46-04_S553_L001_M_001,2,N/A,N/A,0.0,0.0
Am-AG-2B,S553-AM46-04_S553_L001_M_001,2,N/A,N/A,0.0,0.0
Am-AG-4B,S553-AM46-04_S553_L001_M_001,2,N/A,N/A,0.0,0.0
Am-AG-11,S553-AM46-04_S553_L001_M_001,2,N/A,N/A,0.0,0.0
Am-ATC-2,S553-AM46-04_S553_L001_M_001,2,N/A,N/A,0.0,0.0
Am-ATC-3,S553-AM46-04_S553_L001_M_001,2,N/A,N/A,0.0,0.0
Am-CT-2,S553-AM46-04_S553_L001_M_001,2,N/A,N/A,0.0,0.0
Am-CT-5,S553-AM46-04_S553_L001_M_001,2,N/A,N/A,0.0,0.0
Arm01,S554-AM46-07_S554_L001_M_001,2,83,139,0.0,1.0
Arm02,S554-AM46-07_S554_L001_M_001,2,N/A,N/A,0.0,0.0
Arm03,S554-AM46-07_S554_L001_M_001,2,119.2,131.2,0.0,1.0
Arm04,S554-AM46-07_S554_L001_M_001,2,167,187,0.0,1.0
Arm05,S554-AM46-07_S554_L001_M_001,2,N/A,N/A,0.0,0.0
Arm06,S554-AM46-07_S554_L001_M_001,2,147.2,193,0.0,1.0
Arm07,S554-AM46-07_S554_L001_M_001,2,Other sequences,N/A,1.0,0.0
Arm08,S554-AM46-07_S554_L001_M_001,2,109,N/A,1.0,0.0
Arm09,S554-AM46-07_S554_L001_M_001,2,N/A,N/A,0.0,0.0
Arm10,S554-AM46-07_S554_L001_M_001,2,N/A,N/A,0.0,0.0
Arm11,S554-AM46-07_S554_L001_M_001,2,108,106.1,0.0,1.0
Armo01,S554-AM46-07_S554_L001_M_001,2,N/A,N/A,0.0,0.0
Armo02,S554-AM46-07_S554_L001_M_001,2,N/A,N/A,0.0,0.0
Armo03,S554-AM46-07_S554_L001_M_001,2,N/A,N/A,0.0,0.0
Am-AG-1,S554-AM46-07_S554_L001_M_001,2,N/A,N/A,0.0,0.0
Am-AG-10,S554-AM46-07_S554_L001_M_001,2,N/A,N/A,0.0,0.0
Am-AG-2B,S554-AM46-07_S554_L001_M_001,2,N/A,N/A,0.0,0.0
Am-AG-4B,S554-AM46-07_S554_L001_M_001,2,N/A,N/A,0.0,0.0
Am-AG-11,S554-AM46-07_S554_L001_M_001,2,N/A,N/A,0.0,0.0
Am-ATC-2,S554-AM46-07_S554_L001_M_001,2,N/A,N/A,0.0,0.0
Am-ATC-3,S554-AM46-07_S554_L001_M_001,2,N/A,N/A,0.0,0.0
Am-CT-2,S554-AM46-07_S554_L001_M_001,2,N/A,N/A,0.0,0.0
Am-CT-5,S554-AM46-07_S554_L001_M_001,2,N/A,N/A,0.0,0.0
Arm01,S555-AM202-04_S555_L001_M_001,2,95,107,0.0,1.0
Arm02,S555-AM202-04_S555_L001_M_001,2,N/A,N/A,0.0,0.0
Arm03,S555-AM202-04_S555_L001_M_001,2,131.2,131,0.0,1.0
Arm04,S555-AM202-04_S555_L001_M_001,2,191,199,6.51078058719337e-129,1.0
Arm05,S555-AM202-04_S555_L001_M_001,2,N/A,N/A,0.0,0.0
Arm06,S555-AM202-04_S555_L001_M_001,2,147.2,151,0.0,1.0
Arm07,S555-AM202-04_S555_L001_M_001,2,177,N/A,1.0,0.0
Arm08,S555-AM202-04_S555_L001_M_001,2,97,81,0.0,1.0
Arm09,S555-AM202-04_S555_L001_M_001,2,N/A,N/A,0.0,0.0
Arm10,S555-AM202-04_S555_L001_M_001,2,N/A,N/A,0.0,0.0
Arm11,S555-AM202-04_S555_L001_M_001,2,110.2,108.2,0.0,1.0
Armo01,S555-AM202-04_S555_L001_M_001,2,N/A,N/A,0.0,0.0
Armo02,S555-AM202-04_S555_L001_M_001,2,N/A,N/A,0.0,0.0
Armo03,S555-AM202-04_S555_L001_M_001,2,N/A,N/A,0.0,0.0
Am-AG-1,S555-AM202-04_S555_L001_M_001,2,N/A,N/A,0.0,0.0
Am-AG-10,S555-AM202-04_S555_L001_M_001,2,N/A,N/A,0.0,0.0
Am-AG-2B,S555-AM202-04_S555_L001_M_001,2,N/A,N/A,0.0,0.0
Am-AG-4B,S555-AM202-04_S555_L001_M_001,2,N/A,N/A,0.0,0.0
Am-AG-11,S555-AM202-04_S555_L001_M_001,2,N/A,N/A,0.0,0.0
Am-ATC-2,S555-AM202-04_S555_L001_M_001,2,N/A,N/A,0.0,0.0
Am-ATC-3,S555-AM202-04_S555_L001_M_001,2,N/A,N/A,0.0,0.0
Am-CT-2,S555-AM202-04_S555_L001_M_001,2,N/A,N/A,0.0,0.0
Am-CT-5,S555-AM202-04_S555_L001_M_001,2,N/A,N/A,0.0,0.0
