Label,RowA,RowB,Score
Arm01,Arm01_101,Arm01_102,0.5
Arm01,Arm01_102,Arm01_101,0.5
Arm01,Arm01_101,Arm01_103,0.1
Arm01,Arm01_103,Arm01_101,0.1
Arm01,Arm01_101,Arm01_104,0.1
Arm01,Arm01_104,Arm01_101,0.1
Arm01,Arm01_101,Arm01_105,0.1
Arm01,Arm01_105,Arm01_101,0.1
Arm01,Arm01_101,Arm01_106,0.1
Arm01,Arm01_106,Arm01_101,0.1
Arm01,Arm01_101,Arm01_107,0.1
Arm01,Arm01_107,Arm01_101,0.1
Arm01,Arm01_101,Arm01_108,0.1
Arm01,Arm01_108,Arm01_101,0.1
Arm01,Arm01_101,Arm01_109,0.1
Arm01,Arm01_109,Arm01_101,0.1
Arm01,Arm01_101,Arm01_110,0.1
Arm01,Arm01_110,Arm01_101,0.1
Arm01,Arm01_101,Arm01_111,0.1
Arm01,Arm01_111,Arm01_101,0.1
Arm01,Arm01_101,Arm01_112,0.1
Arm01,Arm01_112,Arm01_101,0.1
Arm01,Arm01_101,Arm01_113,0.1
Arm01,Arm01_113,Arm01_101,0.1
Arm01,Arm01_101,Arm01_114,0.1
Arm01,Arm01_114,Arm01_101,0.1
Arm01,Arm01_101,Arm01_115,0.1
Arm01,Arm01_115,Arm01_101,0.1
Arm01,Arm01_101,Arm01_116,0.1
Arm01,Arm01_116,Arm01_101,0.1
Arm01,Arm01_101,Arm01_117,0.1
Arm01,Arm01_117,Arm01_101,0.1
Arm01,Arm01_102,Arm01_103,0.5
Arm01,Arm01_103,Arm01_102,0.5
Arm01,Arm01_102,Arm01_104,0.1
Arm01,Arm01_104,Arm01_102,0.1
Arm01,Arm01_102,Arm01_105,0.1
Arm01,Arm01_105,Arm01_102,0.1
Arm01,Arm01_102,Arm01_106,0.1
Arm01,Arm01_106,Arm01_102,0.1
Arm01,Arm01_102,Arm01_107,0.1
Arm01,Arm01_107,Arm01_102,0.1
Arm01,Arm01_102,Arm01_108,0.1
Arm01,Arm01_108,Arm01_102,0.1
Arm01,Arm01_102,Arm01_109,0.1
Arm01,Arm01_109,Arm01_102,0.1
Arm01,Arm01_102,Arm01_110,0.1
Arm01,Arm01_110,Arm01_102,0.1
Arm01,Arm01_102,Arm01_111,0.1
Arm01,Arm01_111,Arm01_102,0.1
Arm01,Arm01_102,Arm01_112,0.1
Arm01,Arm01_112,Arm01_102,0.1
Arm01,Arm01_102,Arm01_113,0.1
Arm01,Arm01_113,Arm01_102,0.1
Arm01,Arm01_102,Arm01_114,0.1
Arm01,Arm01_114,Arm01_102,0.1
Arm01,Arm01_102,Arm01_115,0.1
Arm01,Arm01_115,Arm01_102,0.1
Arm01,Arm01_102,Arm01_116,0.1
Arm01,Arm01_116,Arm01_102,0.1
Arm01,Arm01_102,Arm01_117,0.1
Arm01,Arm01_117,Arm01_102,0.1
Arm01,Arm01_103,Arm01_104,0.5
Arm01,Arm01_104,Arm01_103,0.5
Arm01,Arm01_103,Arm01_105,0.1
Arm01,Arm01_105,Arm01_103,0.1
Arm01,Arm01_103,Arm01_106,0.1
Arm01,Arm01_106,Arm01_103,0.1
Arm01,Arm01_103,Arm01_107,0.1
Arm01,Arm01_107,Arm01_103,0.1
Arm01,Arm01_103,Arm01_108,0.1
Arm01,Arm01_108,Arm01_103,0.1
Arm01,Arm01_103,Arm01_109,0.1
Arm01,Arm01_109,Arm01_103,0.1
Arm01,Arm01_103,Arm01_110,0.1
Arm01,Arm01_110,Arm01_103,0.1
Arm01,Arm01_103,Arm01_111,0.1
Arm01,Arm01_111,Arm01_103,0.1
Arm01,Arm01_103,Arm01_112,0.1
Arm01,Arm01_112,Arm01_103,0.1
Arm01,Arm01_103,Arm01_113,0.1
Arm01,Arm01_113,Arm01_103,0.1
Arm01,Arm01_103,Arm01_114,0.1
Arm01,Arm01_114,Arm01_103,0.1
Arm01,Arm01_103,Arm01_115,0.1
Arm01,Arm01_115,Arm01_103,0.1
Arm01,Arm01_103,Arm01_116,0.1
Arm01,Arm01_116,Arm01_103,0.1
Arm01,Arm01_103,Arm01_117,0.1
Arm01,Arm01_117,Arm01_103,0.1
Arm01,Arm01_104,Arm01_105,0.5
Arm01,Arm01_105,Arm01_104,0.5
Arm01,Arm01_104,Arm01_106,0.1
Arm01,Arm01_106,Arm01_104,0.1
Arm01,Arm01_104,Arm01_107,0.1
Arm01,Arm01_107,Arm01_104,0.1
Arm01,Arm01_104,Arm01_108,0.1
Arm01,Arm01_108,Arm01_104,0.1
Arm01,Arm01_104,Arm01_109,0.1
Arm01,Arm01_109,Arm01_104,0.1
Arm01,Arm01_104,Arm01_110,0.1
Arm01,Arm01_110,Arm01_104,0.1
Arm01,Arm01_104,Arm01_111,0.1
Arm01,Arm01_111,Arm01_104,0.1
Arm01,Arm01_104,Arm01_112,0.1
Arm01,Arm01_112,Arm01_104,0.1
Arm01,Arm01_104,Arm01_113,0.1
Arm01,Arm01_113,Arm01_104,0.1
Arm01,Arm01_104,Arm01_114,0.1
Arm01,Arm01_114,Arm01_104,0.1
Arm01,Arm01_104,Arm01_115,0.1
Arm01,Arm01_115,Arm01_104,0.1
Arm01,Arm01_104,Arm01_116,0.1
Arm01,Arm01_116,Arm01_104,0.1
Arm01,Arm01_104,Arm01_117,0.1
Arm01,Arm01_117,Arm01_104,0.1
Arm01,Arm01_105,Arm01_106,0.5
Arm01,Arm01_106,Arm01_105,0.5
Arm01,Arm01_105,Arm01_107,0.5
Arm01,Arm01_107,Arm01_105,0.5
Arm01,Arm01_105,Arm01_108,0.1
Arm01,Arm01_108,Arm01_105,0.1
Arm01,Arm01_105,Arm01_109,0.1
Arm01,Arm01_109,Arm01_105,0.1
Arm01,Arm01_105,Arm01_110,0.1
Arm01,Arm01_110,Arm01_105,0.1
Arm01,Arm01_105,Arm01_111,0.1
Arm01,Arm01_111,Arm01_105,0.1
Arm01,Arm01_105,Arm01_112,0.1
Arm01,Arm01_112,Arm01_105,0.1
Arm01,Arm01_105,Arm01_113,0.1
Arm01,Arm01_113,Arm01_105,0.1
Arm01,Arm01_105,Arm01_114,0.1
Arm01,Arm01_114,Arm01_105,0.1
Arm01,Arm01_105,Arm01_115,0.1
Arm01,Arm01_115,Arm01_105,0.1
Arm01,Arm01_105,Arm01_116,0.1
Arm01,Arm01_116,Arm01_105,0.1
Arm01,Arm01_105,Arm01_117,0.1
Arm01,Arm01_117,Arm01_105,0.1
Arm01,Arm01_106,Arm01_107,0
Arm01,Arm01_107,Arm01_106,0
Arm01,Arm01_106,Arm01_108,0.5
Arm01,Arm01_108,Arm01_106,0.5
Arm01,Arm01_106,Arm01_109,0.1
Arm01,Arm01_109,Arm01_106,0.1
Arm01,Arm01_106,Arm01_110,0.1
Arm01,Arm01_110,Arm01_106,0.1
Arm01,Arm01_106,Arm01_111,0.1
Arm01,Arm01_111,Arm01_106,0.1
Arm01,Arm01_106,Arm01_112,0.1
Arm01,Arm01_112,Arm01_106,0.1
Arm01,Arm01_106,Arm01_113,0.1
Arm01,Arm01_113,Arm01_106,0.1
Arm01,Arm01_106,Arm01_114,0.1
Arm01,Arm01_114,Arm01_106,0.1
Arm01,Arm01_106,Arm01_115,0.1
Arm01,Arm01_115,Arm01_106,0.1
Arm01,Arm01_106,Arm01_116,0.1
Arm01,Arm01_116,Arm01_106,0.1
Arm01,Arm01_106,Arm01_117,0.1
Arm01,Arm01_117,Arm01_106,0.1
Arm01,Arm01_107,Arm01_108,0.5
Arm01,Arm01_108,Arm01_107,0.5
Arm01,Arm01_107,Arm01_109,0.1
Arm01,Arm01_109,Arm01_107,0.1
Arm01,Arm01_107,Arm01_110,0.1
Arm01,Arm01_110,Arm01_107,0.1
Arm01,Arm01_107,Arm01_111,0.1
Arm01,Arm01_111,Arm01_107,0.1
Arm01,Arm01_107,Arm01_112,0.1
Arm01,Arm01_112,Arm01_107,0.1
Arm01,Arm01_107,Arm01_113,0.1
Arm01,Arm01_113,Arm01_107,0.1
Arm01,Arm01_107,Arm01_114,0.1
Arm01,Arm01_114,Arm01_107,0.1
Arm01,Arm01_107,Arm01_115,0.1
Arm01,Arm01_115,Arm01_107,0.1
Arm01,Arm01_107,Arm01_116,0.1
Arm01,Arm01_116,Arm01_107,0.1
Arm01,Arm01_107,Arm01_117,0.1
Arm01,Arm01_117,Arm01_107,0.1
Arm01,Arm01_108,Arm01_109,0.5
Arm01,Arm01_109,Arm01_108,0.5
Arm01,Arm01_108,Arm01_110,0.1
Arm01,Arm01_110,Arm01_108,0.1
Arm01,Arm01_108,Arm01_111,0.1
Arm01,Arm01_111,Arm01_108,0.1
Arm01,Arm01_108,Arm01_112,0.1
Arm01,Arm01_112,Arm01_108,0.1
Arm01,Arm01_108,Arm01_113,0.1
Arm01,Arm01_113,Arm01_108,0.1
Arm01,Arm01_108,Arm01_114,0.1
Arm01,Arm01_114,Arm01_108,0.1
Arm01,Arm01_108,Arm01_115,0.1
Arm01,Arm01_115,Arm01_108,0.1
Arm01,Arm01_108,Arm01_116,0.1
Arm01,Arm01_116,Arm01_108,0.1
Arm01,Arm01_108,Arm01_117,0.1
Arm01,Arm01_117,Arm01_108,0.1
Arm01,Arm01_109,Arm01_110,0.5
Arm01,Arm01_110,Arm01_109,0.5
Arm01,Arm01_109,Arm01_111,0.1
Arm01,Arm01_111,Arm01_109,0.1
Arm01,Arm01_109,Arm01_112,0.1
Arm01,Arm01_112,Arm01_109,0.1
Arm01,Arm01_109,Arm01_113,0.1
Arm01,Arm01_113,Arm01_109,0.1
Arm01,Arm01_109,Arm01_114,0.1
Arm01,Arm01_114,Arm01_109,0.1
Arm01,Arm01_109,Arm01_115,0.1
Arm01,Arm01_115,Arm01_109,0.1
Arm01,Arm01_109,Arm01_116,0.1
Arm01,Arm01_116,Arm01_109,0.1
Arm01,Arm01_109,Arm01_117,0.1
Arm01,Arm01_117,Arm01_109,0.1
Arm01,Arm01_110,Arm01_111,0.5
Arm01,Arm01_111,Arm01_110,0.5
Arm01,Arm01_110,Arm01_112,0.1
Arm01,Arm01_112,Arm01_110,0.1
Arm01,Arm01_110,Arm01_113,0.1
Arm01,Arm01_113,Arm01_110,0.1
Arm01,Arm01_110,Arm01_114,0.1
Arm01,Arm01_114,Arm01_110,0.1
Arm01,Arm01_110,Arm01_115,0.1
Arm01,Arm01_115,Arm01_110,0.1
Arm01,Arm01_110,Arm01_116,0.1
Arm01,Arm01_116,Arm01_110,0.1
Arm01,Arm01_110,Arm01_117,0.1
Arm01,Arm01_117,Arm01_110,0.1
Arm01,Arm01_111,Arm01_112,0.5
Arm01,Arm01_112,Arm01_111,0.5
Arm01,Arm01_111,Arm01_113,0.1
Arm01,Arm01_113,Arm01_111,0.1
Arm01,Arm01_111,Arm01_114,0.1
Arm01,Arm01_114,Arm01_111,0.1
Arm01,Arm01_111,Arm01_115,0.1
Arm01,Arm01_115,Arm01_111,0.1
Arm01,Arm01_111,Arm01_116,0.1
Arm01,Arm01_116,Arm01_111,0.1
Arm01,Arm01_111,Arm01_117,0.1
Arm01,Arm01_117,Arm01_111,0.1
Arm01,Arm01_112,Arm01_113,0.5
Arm01,Arm01_113,Arm01_112,0.5
Arm01,Arm01_112,Arm01_114,0.1
Arm01,Arm01_114,Arm01_112,0.1
Arm01,Arm01_112,Arm01_115,0.1
Arm01,Arm01_115,Arm01_112,0.1
Arm01,Arm01_112,Arm01_116,0.1
Arm01,Arm01_116,Arm01_112,0.1
Arm01,Arm01_112,Arm01_117,0.1
Arm01,Arm01_117,Arm01_112,0.1
Arm01,Arm01_113,Arm01_114,0.1
Arm01,Arm01_114,Arm01_113,0.1
Arm01,Arm01_113,Arm01_115,0.1
Arm01,Arm01_115,Arm01_113,0.1
Arm01,Arm01_113,Arm01_116,0.1
Arm01,Arm01_116,Arm01_113,0.1
Arm01,Arm01_113,Arm01_117,0.1
Arm01,Arm01_117,Arm01_113,0.1
Arm01,Arm01_114,Arm01_115,0.5
Arm01,Arm01_115,Arm01_114,0.5
Arm01,Arm01_114,Arm01_116,0.1
Arm01,Arm01_116,Arm01_114,0.1
Arm01,Arm01_114,Arm01_117,0.1
Arm01,Arm01_117,Arm01_114,0.1
Arm01,Arm01_115,Arm01_116,0.5
Arm01,Arm01_116,Arm01_115,0.5
Arm01,Arm01_115,Arm01_117,0.1
Arm01,Arm01_117,Arm01_115,0.1
Arm01,Arm01_116,Arm01_117,0.5
Arm01,Arm01_117,Arm01_116,0.5
Arm04,Arm04_101,Arm04_102,0.1
Arm04,Arm04_102,Arm04_101,0.1
Arm04,Arm04_101,Arm04_103,0.1
Arm04,Arm04_103,Arm04_101,0.1
Arm04,Arm04_101,Arm04_104,0.1
Arm04,Arm04_104,Arm04_101,0.1
Arm04,Arm04_101,Arm04_105,0.1
Arm04,Arm04_105,Arm04_101,0.1
Arm04,Arm04_101,Arm04_106,0.1
Arm04,Arm04_106,Arm04_101,0.1
Arm04,Arm04_101,Arm04_107,0.1
Arm04,Arm04_107,Arm04_101,0.1
Arm04,Arm04_101,Arm04_108,0.1
Arm04,Arm04_108,Arm04_101,0.1
Arm04,Arm04_101,Arm04_109,0.1
Arm04,Arm04_109,Arm04_101,0.1
Arm04,Arm04_101,Arm04_110,0.1
Arm04,Arm04_110,Arm04_101,0.1
Arm04,Arm04_101,Arm04_111,0.1
Arm04,Arm04_111,Arm04_101,0.1
Arm04,Arm04_101,Arm04_112,0.1
Arm04,Arm04_112,Arm04_101,0.1
Arm04,Arm04_101,Arm04_113,0.1
Arm04,Arm04_113,Arm04_101,0.1
Arm04,Arm04_101,Arm04_114,0.1
Arm04,Arm04_114,Arm04_101,0.1
Arm04,Arm04_102,Arm04_103,0.5
Arm04,Arm04_103,Arm04_102,0.5
Arm04,Arm04_102,Arm04_104,0.1
Arm04,Arm04_104,Arm04_102,0.1
Arm04,Arm04_102,Arm04_105,0.1
Arm04,Arm04_105,Arm04_102,0.1
Arm04,Arm04_102,Arm04_106,0.1
Arm04,Arm04_106,Arm04_102,0.1
Arm04,Arm04_102,Arm04_107,0.1
Arm04,Arm04_107,Arm04_102,0.1
Arm04,Arm04_102,Arm04_108,0.1
Arm04,Arm04_108,Arm04_102,0.1
Arm04,Arm04_102,Arm04_109,0.1
Arm04,Arm04_109,Arm04_102,0.1
Arm04,Arm04_102,Arm04_110,0.1
Arm04,Arm04_110,Arm04_102,0.1
Arm04,Arm04_102,Arm04_111,0.1
Arm04,Arm04_111,Arm04_102,0.1
Arm04,Arm04_102,Arm04_112,0.1
Arm04,Arm04_112,Arm04_102,0.1
Arm04,Arm04_102,Arm04_113,0.1
Arm04,Arm04_113,Arm04_102,0.1
Arm04,Arm04_102,Arm04_114,0.1
Arm04,Arm04_114,Arm04_102,0.1
Arm04,Arm04_103,Arm04_104,0.5
Arm04,Arm04_104,Arm04_103,0.5
Arm04,Arm04_103,Arm04_105,0.1
Arm04,Arm04_105,Arm04_103,0.1
Arm04,Arm04_103,Arm04_106,0.1
Arm04,Arm04_106,Arm04_103,0.1
Arm04,Arm04_103,Arm04_107,0.1
Arm04,Arm04_107,Arm04_103,0.1
Arm04,Arm04_103,Arm04_108,0.1
Arm04,Arm04_108,Arm04_103,0.1
Arm04,Arm04_103,Arm04_109,0.1
Arm04,Arm04_109,Arm04_103,0.1
Arm04,Arm04_103,Arm04_110,0.1
Arm04,Arm04_110,Arm04_103,0.1
Arm04,Arm04_103,Arm04_111,0.1
Arm04,Arm04_111,Arm04_103,0.1
Arm04,Arm04_103,Arm04_112,0.1
Arm04,Arm04_112,Arm04_103,0.1
Arm04,Arm04_103,Arm04_113,0.1
Arm04,Arm04_113,Arm04_103,0.1
Arm04,Arm04_103,Arm04_114,0.1
Arm04,Arm04_114,Arm04_103,0.1
Arm04,Arm04_104,Arm04_105,0.5
Arm04,Arm04_105,Arm04_104,0.5
Arm04,Arm04_104,Arm04_106,0.1
Arm04,Arm04_106,Arm04_104,0.1
Arm04,Arm04_104,Arm04_107,0.1
Arm04,Arm04_107,Arm04_104,0.1
Arm04,Arm04_104,Arm04_108,0.1
Arm04,Arm04_108,Arm04_104,0.1
Arm04,Arm04_104,Arm04_109,0.1
Arm04,Arm04_109,Arm04_104,0.1
Arm04,Arm04_104,Arm04_110,0.1
Arm04,Arm04_110,Arm04_104,0.1
Arm04,Arm04_104,Arm04_111,0.1
Arm04,Arm04_111,Arm04_104,0.1
Arm04,Arm04_104,Arm04_112,0.1
Arm04,Arm04_112,Arm04_104,0.1
Arm04,Arm04_104,Arm04_113,0.1
Arm04,Arm04_113,Arm04_104,0.1
Arm04,Arm04_104,Arm04_114,0.1
Arm04,Arm04_114,Arm04_104,0.1
Arm04,Arm04_105,Arm04_106,0.5
Arm04,Arm04_106,Arm04_105,0.5
Arm04,Arm04_105,Arm04_107,0.1
Arm04,Arm04_107,Arm04_105,0.1
Arm04,Arm04_105,Arm04_108,0.1
Arm04,Arm04_108,Arm04_105,0.1
Arm04,Arm04_105,Arm04_109,0.1
Arm04,Arm04_109,Arm04_105,0.1
Arm04,Arm04_105,Arm04_110,0.1
Arm04,Arm04_110,Arm04_105,0.1
Arm04,Arm04_105,Arm04_111,0.1
Arm04,Arm04_111,Arm04_105,0.1
Arm04,Arm04_105,Arm04_112,0.1
Arm04,Arm04_112,Arm04_105,0.1
Arm04,Arm04_105,Arm04_113,0.1
Arm04,Arm04_113,Arm04_105,0.1
Arm04,Arm04_105,Arm04_114,0.1
Arm04,Arm04_114,Arm04_105,0.1
Arm04,Arm04_106,Arm04_107,0.5
Arm04,Arm04_107,Arm04_106,0.5
Arm04,Arm04_106,Arm04_108,0.1
Arm04,Arm04_108,Arm04_106,0.1
Arm04,Arm04_106,Arm04_109,0.1
Arm04,Arm04_109,Arm04_106,0.1
Arm04,Arm04_106,Arm04_110,0.1
Arm04,Arm04_110,Arm04_106,0.1
Arm04,Arm04_106,Arm04_111,0.1
Arm04,Arm04_111,Arm04_106,0.1
Arm04,Arm04_106,Arm04_112,0.1
Arm04,Arm04_112,Arm04_106,0.1
Arm04,Arm04_106,Arm04_113,0.1
Arm04,Arm04_113,Arm04_106,0.1
Arm04,Arm04_106,Arm04_114,0.1
Arm04,Arm04_114,Arm04_106,0.1
Arm04,Arm04_107,Arm04_108,0.5
Arm04,Arm04_108,Arm04_107,0.5
Arm04,Arm04_107,Arm04_109,0.1
Arm04,Arm04_109,Arm04_107,0.1
Arm04,Arm04_107,Arm04_110,0.1
Arm04,Arm04_110,Arm04_107,0.1
Arm04,Arm04_107,Arm04_111,0.1
Arm04,Arm04_111,Arm04_107,0.1
Arm04,Arm04_107,Arm04_112,0.1
Arm04,Arm04_112,Arm04_107,0.1
Arm04,Arm04_107,Arm04_113,0.1
Arm04,Arm04_113,Arm04_107,0.1
Arm04,Arm04_107,Arm04_114,0.1
Arm04,Arm04_114,Arm04_107,0.1
Arm04,Arm04_108,Arm04_109,0.5
Arm04,Arm04_109,Arm04_108,0.5
Arm04,Arm04_108,Arm04_110,0.1
Arm04,Arm04_110,Arm04_108,0.1
Arm04,Arm04_108,Arm04_111,0.1
Arm04,Arm04_111,Arm04_108,0.1
Arm04,Arm04_108,Arm04_112,0.1
Arm04,Arm04_112,Arm04_108,0.1
Arm04,Arm04_108,Arm04_113,0.1
Arm04,Arm04_113,Arm04_108,0.1
Arm04,Arm04_108,Arm04_114,0.1
Arm04,Arm04_114,Arm04_108,0.1
Arm04,Arm04_109,Arm04_110,0.5
Arm04,Arm04_110,Arm04_109,0.5
Arm04,Arm04_109,Arm04_111,0.1
Arm04,Arm04_111,Arm04_109,0.1
Arm04,Arm04_109,Arm04_112,0.1
Arm04,Arm04_112,Arm04_109,0.1
Arm04,Arm04_109,Arm04_113,0.1
Arm04,Arm04_113,Arm04_109,0.1
Arm04,Arm04_109,Arm04_114,0.1
Arm04,Arm04_114,Arm04_109,0.1
Arm04,Arm04_110,Arm04_111,0.5
Arm04,Arm04_111,Arm04_110,0.5
Arm04,Arm04_110,Arm04_112,0.1
Arm04,Arm04_112,Arm04_110,0.1
Arm04,Arm04_110,Arm04_113,0.1
Arm04,Arm04_113,Arm04_110,0.1
Arm04,Arm04_110,Arm04_114,0.1
Arm04,Arm04_114,Arm04_110,0.1
Arm04,Arm04_111,Arm04_112,0.5
Arm04,Arm04_112,Arm04_111,0.5
Arm04,Arm04_111,Arm04_113,0.1
Arm04,Arm04_113,Arm04_111,0.1
Arm04,Arm04_111,Arm04_114,0.1
Arm04,Arm04_114,Arm04_111,0.1
Arm04,Arm04_112,Arm04_113,0.1
Arm04,Arm04_113,Arm04_112,0.1
Arm04,Arm04_112,Arm04_114,0.1
Arm04,Arm04_114,Arm04_112,0.1
Arm04,Arm04_113,Arm04_114,0
Arm04,Arm04_114,Arm04_113,0
Arm10,Arm10_101,Arm10_102,0.5
Arm10,Arm10_102,Arm10_101,0.5
Arm10,Arm10_101,Arm10_103,0.5
Arm10,Arm10_103,Arm10_101,0.5
Arm10,Arm10_101,Arm10_104,0.1
Arm10,Arm10_104,Arm10_101,0.1
Arm10,Arm10_101,Arm10_105,0.1
Arm10,Arm10_105,Arm10_101,0.1
Arm10,Arm10_101,Arm10_106,0.1
Arm10,Arm10_106,Arm10_101,0.1
Arm10,Arm10_101,Arm10_107,0.1
Arm10,Arm10_107,Arm10_101,0.1
Arm10,Arm10_101,Arm10_108,0.1
Arm10,Arm10_108,Arm10_101,0.1
Arm10,Arm10_101,Arm10_109,0.1
Arm10,Arm10_109,Arm10_101,0.1
Arm10,Arm10_101,Arm10_110,0.1
Arm10,Arm10_110,Arm10_101,0.1
Arm10,Arm10_101,Arm10_111,0.1
Arm10,Arm10_111,Arm10_101,0.1
Arm10,Arm10_101,Arm10_112,0.1
Arm10,Arm10_112,Arm10_101,0.1
Arm10,Arm10_101,Arm10_113,0.1
Arm10,Arm10_113,Arm10_101,0.1
Arm10,Arm10_101,Arm10_114,0.1
Arm10,Arm10_114,Arm10_101,0.1
Arm10,Arm10_101,Arm10_115,0.1
Arm10,Arm10_115,Arm10_101,0.1
Arm10,Arm10_101,Arm10_116,0.1
Arm10,Arm10_116,Arm10_101,0.1
Arm10,Arm10_102,Arm10_103,0
Arm10,Arm10_103,Arm10_102,0
Arm10,Arm10_102,Arm10_104,0.5
Arm10,Arm10_104,Arm10_102,0.5
Arm10,Arm10_102,Arm10_105,0.1
Arm10,Arm10_105,Arm10_102,0.1
Arm10,Arm10_102,Arm10_106,0.1
Arm10,Arm10_106,Arm10_102,0.1
Arm10,Arm10_102,Arm10_107,0.1
Arm10,Arm10_107,Arm10_102,0.1
Arm10,Arm10_102,Arm10_108,0.1
Arm10,Arm10_108,Arm10_102,0.1
Arm10,Arm10_102,Arm10_109,0.1
Arm10,Arm10_109,Arm10_102,0.1
Arm10,Arm10_102,Arm10_110,0.1
Arm10,Arm10_110,Arm10_102,0.1
Arm10,Arm10_102,Arm10_111,0.1
Arm10,Arm10_111,Arm10_102,0.1
Arm10,Arm10_102,Arm10_112,0.1
Arm10,Arm10_112,Arm10_102,0.1
Arm10,Arm10_102,Arm10_113,0.1
Arm10,Arm10_113,Arm10_102,0.1
Arm10,Arm10_102,Arm10_114,0.1
Arm10,Arm10_114,Arm10_102,0.1
Arm10,Arm10_102,Arm10_115,0.1
Arm10,Arm10_115,Arm10_102,0.1
Arm10,Arm10_102,Arm10_116,0.1
Arm10,Arm10_116,Arm10_102,0.1
Arm10,Arm10_103,Arm10_104,0.5
Arm10,Arm10_104,Arm10_103,0.5
Arm10,Arm10_103,Arm10_105,0.1
Arm10,Arm10_105,Arm10_103,0.1
Arm10,Arm10_103,Arm10_106,0.1
Arm10,Arm10_106,Arm10_103,0.1
Arm10,Arm10_103,Arm10_107,0.1
Arm10,Arm10_107,Arm10_103,0.1
Arm10,Arm10_103,Arm10_108,0.1
Arm10,Arm10_108,Arm10_103,0.1
Arm10,Arm10_103,Arm10_109,0.1
Arm10,Arm10_109,Arm10_103,0.1
Arm10,Arm10_103,Arm10_110,0.1
Arm10,Arm10_110,Arm10_103,0.1
Arm10,Arm10_103,Arm10_111,0.1
Arm10,Arm10_111,Arm10_103,0.1
Arm10,Arm10_103,Arm10_112,0.1
Arm10,Arm10_112,Arm10_103,0.1
Arm10,Arm10_103,Arm10_113,0.1
Arm10,Arm10_113,Arm10_103,0.1
Arm10,Arm10_103,Arm10_114,0.1
Arm10,Arm10_114,Arm10_103,0.1
Arm10,Arm10_103,Arm10_115,0.1
Arm10,Arm10_115,Arm10_103,0.1
Arm10,Arm10_103,Arm10_116,0.1
Arm10,Arm10_116,Arm10_103,0.1
Arm10,Arm10_104,Arm10_105,0.1
Arm10,Arm10_105,Arm10_104,0.1
Arm10,Arm10_104,Arm10_106,0.1
Arm10,Arm10_106,Arm10_104,0.1
Arm10,Arm10_104,Arm10_107,0.1
Arm10,Arm10_107,Arm10_104,0.1
Arm10,Arm10_104,Arm10_108,0.1
Arm10,Arm10_108,Arm10_104,0.1
Arm10,Arm10_104,Arm10_109,0.1
Arm10,Arm10_109,Arm10_104,0.1
Arm10,Arm10_104,Arm10_110,0.1
Arm10,Arm10_110,Arm10_104,0.1
Arm10,Arm10_104,Arm10_111,0.1
Arm10,Arm10_111,Arm10_104,0.1
Arm10,Arm10_104,Arm10_112,0.1
Arm10,Arm10_112,Arm10_104,0.1
Arm10,Arm10_104,Arm10_113,0.1
Arm10,Arm10_113,Arm10_104,0.1
Arm10,Arm10_104,Arm10_114,0.1
Arm10,Arm10_114,Arm10_104,0.1
Arm10,Arm10_104,Arm10_115,0.1
Arm10,Arm10_115,Arm10_104,0.1
Arm10,Arm10_104,Arm10_116,0.1
Arm10,Arm10_116,Arm10_104,0.1
Arm10,Arm10_105,Arm10_106,0.5
Arm10,Arm10_106,Arm10_105,0.5
Arm10,Arm10_105,Arm10_107,0.1
Arm10,Arm10_107,Arm10_105,0.1
Arm10,Arm10_105,Arm10_108,0.1
Arm10,Arm10_108,Arm10_105,0.1
Arm10,Arm10_105,Arm10_109,0.1
Arm10,Arm10_109,Arm10_105,0.1
Arm10,Arm10_105,Arm10_110,0.1
Arm10,Arm10_110,Arm10_105,0.1
Arm10,Arm10_105,Arm10_111,0.1
Arm10,Arm10_111,Arm10_105,0.1
Arm10,Arm10_105,Arm10_112,0.1
Arm10,Arm10_112,Arm10_105,0.1
Arm10,Arm10_105,Arm10_113,0.1
Arm10,Arm10_113,Arm10_105,0.1
Arm10,Arm10_105,Arm10_114,0.1
Arm10,Arm10_114,Arm10_105,0.1
Arm10,Arm10_105,Arm10_115,0.1
Arm10,Arm10_115,Arm10_105,0.1
Arm10,Arm10_105,Arm10_116,0.1
Arm10,Arm10_116,Arm10_105,0.1
Arm10,Arm10_106,Arm10_107,0.5
Arm10,Arm10_107,Arm10_106,0.5
Arm10,Arm10_106,Arm10_108,0.1
Arm10,Arm10_108,Arm10_106,0.1
Arm10,Arm10_106,Arm10_109,0.1
Arm10,Arm10_109,Arm10_106,0.1
Arm10,Arm10_106,Arm10_110,0.1
Arm10,Arm10_110,Arm10_106,0.1
Arm10,Arm10_106,Arm10_111,0.1
Arm10,Arm10_111,Arm10_106,0.1
Arm10,Arm10_106,Arm10_112,0.1
Arm10,Arm10_112,Arm10_106,0.1
Arm10,Arm10_106,Arm10_113,0.1
Arm10,Arm10_113,Arm10_106,0.1
Arm10,Arm10_106,Arm10_114,0.1
Arm10,Arm10_114,Arm10_106,0.1
Arm10,Arm10_106,Arm10_115,0.1
Arm10,Arm10_115,Arm10_106,0.1
Arm10,Arm10_106,Arm10_116,0.1
Arm10,Arm10_116,Arm10_106,0.1
Arm10,Arm10_107,Arm10_108,0.5
Arm10,Arm10_108,Arm10_107,0.5
Arm10,Arm10_107,Arm10_109,0.1
Arm10,Arm10_109,Arm10_107,0.1
Arm10,Arm10_107,Arm10_110,0.1
Arm10,Arm10_110,Arm10_107,0.1
Arm10,Arm10_107,Arm10_111,0.1
Arm10,Arm10_111,Arm10_107,0.1
Arm10,Arm10_107,Arm10_112,0.1
Arm10,Arm10_112,Arm10_107,0.1
Arm10,Arm10_107,Arm10_113,0.1
Arm10,Arm10_113,Arm10_107,0.1
Arm10,Arm10_107,Arm10_114,0.1
Arm10,Arm10_114,Arm10_107,0.1
Arm10,Arm10_107,Arm10_115,0.1
Arm10,Arm10_115,Arm10_107,0.1
Arm10,Arm10_107,Arm10_116,0.1
Arm10,Arm10_116,Arm10_107,0.1
Arm10,Arm10_108,Arm10_109,0.5
Arm10,Arm10_109,Arm10_108,0.5
Arm10,Arm10_108,Arm10_110,0.1
Arm10,Arm10_110,Arm10_108,0.1
Arm10,Arm10_108,Arm10_111,0.1
Arm10,Arm10_111,Arm10_108,0.1
Arm10,Arm10_108,Arm10_112,0.1
Arm10,Arm10_112,Arm10_108,0.1
Arm10,Arm10_108,Arm10_113,0.1
Arm10,Arm10_113,Arm10_108,0.1
Arm10,Arm10_108,Arm10_114,0.1
Arm10,Arm10_114,Arm10_108,0.1
Arm10,Arm10_108,Arm10_115,0.1
Arm10,Arm10_115,Arm10_108,0.1
Arm10,Arm10_108,Arm10_116,0.1
Arm10,Arm10_116,Arm10_108,0.1
Arm10,Arm10_109,Arm10_110,0.5
Arm10,Arm10_110,Arm10_109,0.5
Arm10,Arm10_109,Arm10_111,0.1
Arm10,Arm10_111,Arm10_109,0.1
Arm10,Arm10_109,Arm10_112,0.1
Arm10,Arm10_112,Arm10_109,0.1
Arm10,Arm10_109,Arm10_113,0.1
Arm10,Arm10_113,Arm10_109,0.1
Arm10,Arm10_109,Arm10_114,0.1
Arm10,Arm10_114,Arm10_109,0.1
Arm10,Arm10_109,Arm10_115,0.1
Arm10,Arm10_115,Arm10_109,0.1
Arm10,Arm10_109,Arm10_116,0.1
Arm10,Arm10_116,Arm10_109,0.1
Arm10,Arm10_110,Arm10_111,0.5
Arm10,Arm10_111,Arm10_110,0.5
Arm10,Arm10_110,Arm10_112,0.1
Arm10,Arm10_112,Arm10_110,0.1
Arm10,Arm10_110,Arm10_113,0.1
Arm10,Arm10_113,Arm10_110,0.1
Arm10,Arm10_110,Arm10_114,0.1
Arm10,Arm10_114,Arm10_110,0.1
Arm10,Arm10_110,Arm10_115,0.1
Arm10,Arm10_115,Arm10_110,0.1
Arm10,Arm10_110,Arm10_116,0.1
Arm10,Arm10_116,Arm10_110,0.1
Arm10,Arm10_111,Arm10_112,0.5
Arm10,Arm10_112,Arm10_111,0.5
Arm10,Arm10_111,Arm10_113,0.1
Arm10,Arm10_113,Arm10_111,0.1
Arm10,Arm10_111,Arm10_114,0.1
Arm10,Arm10_114,Arm10_111,0.1
Arm10,Arm10_111,Arm10_115,0.1
Arm10,Arm10_115,Arm10_111,0.1
Arm10,Arm10_111,Arm10_116,0.1
Arm10,Arm10_116,Arm10_111,0.1
Arm10,Arm10_112,Arm10_113,0.5
Arm10,Arm10_113,Arm10_112,0.5
Arm10,Arm10_112,Arm10_114,0.1
Arm10,Arm10_114,Arm10_112,0.1
Arm10,Arm10_112,Arm10_115,0.1
Arm10,Arm10_115,Arm10_112,0.1
Arm10,Arm10_112,Arm10_116,0.1
Arm10,Arm10_116,Arm10_112,0.1
Arm10,Arm10_113,Arm10_114,0.5
Arm10,Arm10_114,Arm10_113,0.5
Arm10,Arm10_113,Arm10_115,0.1
Arm10,Arm10_115,Arm10_113,0.1
Arm10,Arm10_113,Arm10_116,0.1
Arm10,Arm10_116,Arm10_113,0.1
Arm10,Arm10_114,Arm10_115,0.5
Arm10,Arm10_115,Arm10_114,0.5
Arm10,Arm10_114,Arm10_116,0.1
Arm10,Arm10_116,Arm10_114,0.1
Arm10,Arm10_115,Arm10_116,0.1
Arm10,Arm10_116,Arm10_115,0.1
Am-ATC-2,Am-ATC-2_101,Am-ATC-2_102,0
Am-ATC-2,Am-ATC-2_102,Am-ATC-2_101,0
Am-ATC-2,Am-ATC-2_101,Am-ATC-2_103,0
Am-ATC-2,Am-ATC-2_103,Am-ATC-2_101,0
Am-ATC-2,Am-ATC-2_101,Am-ATC-2_104,0
Am-ATC-2,Am-ATC-2_104,Am-ATC-2_101,0
Am-ATC-2,Am-ATC-2_101,Am-ATC-2_105,0
Am-ATC-2,Am-ATC-2_105,Am-ATC-2_101,0
Am-ATC-2,Am-ATC-2_101,Am-ATC-2_106,0
Am-ATC-2,Am-ATC-2_106,Am-ATC-2_101,0
Am-ATC-2,Am-ATC-2_101,Am-ATC-2_107,0
Am-ATC-2,Am-ATC-2_107,Am-ATC-2_101,0
Am-ATC-2,Am-ATC-2_102,Am-ATC-2_103,0
Am-ATC-2,Am-ATC-2_103,Am-ATC-2_102,0
Am-ATC-2,Am-ATC-2_102,Am-ATC-2_104,0
Am-ATC-2,Am-ATC-2_104,Am-ATC-2_102,0
Am-ATC-2,Am-ATC-2_102,Am-ATC-2_105,0
Am-ATC-2,Am-ATC-2_105,Am-ATC-2_102,0
Am-ATC-2,Am-ATC-2_102,Am-ATC-2_106,0
Am-ATC-2,Am-ATC-2_106,Am-ATC-2_102,0
Am-ATC-2,Am-ATC-2_102,Am-ATC-2_107,0
Am-ATC-2,Am-ATC-2_107,Am-ATC-2_102,0
Am-ATC-2,Am-ATC-2_103,Am-ATC-2_104,0
Am-ATC-2,Am-ATC-2_104,Am-ATC-2_103,0
Am-ATC-2,Am-ATC-2_103,Am-ATC-2_105,0
Am-ATC-2,Am-ATC-2_105,Am-ATC-2_103,0
Am-ATC-2,Am-ATC-2_103,Am-ATC-2_106,0
Am-ATC-2,Am-ATC-2_106,Am-ATC-2_103,0
Am-ATC-2,Am-ATC-2_103,Am-ATC-2_107,0
Am-ATC-2,Am-ATC-2_107,Am-ATC-2_103,0
Am-ATC-2,Am-ATC-2_104,Am-ATC-2_105,0
Am-ATC-2,Am-ATC-2_105,Am-ATC-2_104,0
Am-ATC-2,Am-ATC-2_104,Am-ATC-2_106,0
Am-ATC-2,Am-ATC-2_106,Am-ATC-2_104,0
Am-ATC-2,Am-ATC-2_104,Am-ATC-2_107,0
Am-ATC-2,Am-ATC-2_107,Am-ATC-2_104,0
Am-ATC-2,Am-ATC-2_105,Am-ATC-2_106,0
Am-ATC-2,Am-ATC-2_106,Am-ATC-2_105,0
Am-ATC-2,Am-ATC-2_105,Am-ATC-2_107,0
Am-ATC-2,Am-ATC-2_107,Am-ATC-2_105,0
Am-ATC-2,Am-ATC-2_106,Am-ATC-2_107,0
Am-ATC-2,Am-ATC-2_107,Am-ATC-2_106,0
