Locus,Allele1,Allele2,Value
MSCB01,MSCB01_52,MSCB01_52,1.0
MSCB01,MSCB01_52,MSCB01_52_2,0.0
MSCB01,MSCB01_52,MSCB01_52_3,0.0
MSCB01,MSCB01_52,MSCB01_54,0.5
MSCB01,MSCB01_52,MSCB01_54_2,0.0
MSCB01,MSCB01_52,MSCB01_54_3,0.0
MSCB01,MSCB01_52,MSCB01_56,0.0
MSCB01,MSCB01_52_2,MSCB01_52,0.0
MSCB01,MSCB01_52_2,MSCB01_52_2,1.0
MSCB01,MSCB01_52_2,MSCB01_52_3,0.0
MSCB01,MSCB01_52_2,MSCB01_54,0.0
MSCB01,MSCB01_52_2,MSCB01_54_2,0.5
MSCB01,MSCB01_52_2,MSCB01_54_3,0.0
MSCB01,MSCB01_52_2,MSCB01_56,0.1
MSCB01,MSCB01_52_3,MSCB01_52,0.0
MSCB01,MSCB01_52_3,MSCB01_52_2,0.0
MSCB01,MSCB01_52_3,MSCB01_52_3,1.0
MSCB01,MSCB01_52_3,MSCB01_54,0.0
MSCB01,MSCB01_52_3,MSCB01_54_2,0.0
MSCB01,MSCB01_52_3,MSCB01_54_3,0.5
MSCB01,MSCB01_52_3,MSCB01_56,0.0
MSCB01,MSCB01_54,MSCB01_52,0.1
MSCB01,MSCB01_54,MSCB01_52_2,0.0
MSCB01,MSCB01_54,MSCB01_52_3,0.0
MSCB01,MSCB01_54,MSCB01_54,1.0
MSCB01,MSCB01_54,MSCB01_54_2,0.0
MSCB01,MSCB01_54,MSCB01_54_3,0.0
MSCB01,MSCB01_54,MSCB01_56,0.0
MSCB01,MSCB01_54_2,MSCB01_52,0.0
MSCB01,MSCB01_54_2,MSCB01_52_2,0.1
MSCB01,MSCB01_54_2,MSCB01_52_3,0.0
MSCB01,MSCB01_54_2,MSCB01_54,0.0
MSCB01,MSCB01_54_2,MSCB01_54_2,1.0
MSCB01,MSCB01_54_2,MSCB01_54_3,0.0
MSCB01,MSCB01_54_2,MSCB01_56,0.5
MSCB01,MSCB01_54_3,MSCB01_52,0.0
MSCB01,MSCB01_54_3,MSCB01_52_2,0.0
MSCB01,MSCB01_54_3,MSCB01_52_3,0.1
MSCB01,MSCB01_54_3,MSCB01_54,0.0
MSCB01,MSCB01_54_3,MSCB01_54_2,0.0
MSCB01,MSCB01_54_3,MSCB01_54_3,1.0
MSCB01,MSCB01_54_3,MSCB01_56,0.0
MSCB01,MSCB01_56,MSCB01_52,0.0
MSCB01,MSCB01_56,MSCB01_52_2,0.1
MSCB01,MSCB01_56,MSCB01_52_3,0.0
MSCB01,MSCB01_56,MSCB01_54,0.0
MSCB01,MSCB01_56,MSCB01_54_2,0.1
MSCB01,MSCB01_56,MSCB01_54_3,0.0
MSCB01,MSCB01_56,MSCB01_56,1.0
MSCB02,MSCB02_65,MSCB02_65,1.0
MSCB02,MSCB02_65,MSCB02_67,0.5
MSCB02,MSCB02_65,MSCB02_67_2,0.0
MSCB02,MSCB02_65,MSCB02_69,0.1
MSCB02,MSCB02_65,MSCB02_69_2,0.0
MSCB02,MSCB02_67,MSCB02_65,0.1
MSCB02,MSCB02_67,MSCB02_67,1.0
MSCB02,MSCB02_67,MSCB02_67_2,0.0
MSCB02,MSCB02_67,MSCB02_69,0.5
MSCB02,MSCB02_67,MSCB02_69_2,0.0
MSCB02,MSCB02_67_2,MSCB02_65,0.0
MSCB02,MSCB02_67_2,MSCB02_67,0.0
MSCB02,MSCB02_67_2,MSCB02_67_2,1.0
MSCB02,MSCB02_67_2,MSCB02_69,0.0
MSCB02,MSCB02_67_2,MSCB02_69_2,0.5
MSCB02,MSCB02_69,MSCB02_65,0.1
MSCB02,MSCB02_69,MSCB02_67,0.1
MSCB02,MSCB02_69,MSCB02_67_2,0.0
MSCB02,MSCB02_69,MSCB02_69,1.0
MSCB02,MSCB02_69,MSCB02_69_2,0.0
MSCB02,MSCB02_69_2,MSCB02_65,0.0
MSCB02,MSCB02_69_2,MSCB02_67,0.0
MSCB02,MSCB02_69_2,MSCB02_67_2,0.1
MSCB02,MSCB02_69_2,MSCB02_69,0.0
MSCB02,MSCB02_69_2,MSCB02_69_2,1.0
MSCB03,MSCB03_2,MSCB03_2,1.0
MSCB03,MSCB03_2,MSCB03_3,0.0
MSCB03,MSCB03_2,MSCB03_7,0.0
MSCB03,MSCB03_2,MSCB03_9,0.0
MSCB03,MSCB03_2,MSCB03_90,0.0
MSCB03,MSCB03_3,MSCB03_2,0.0
MSCB03,MSCB03_3,MSCB03_3,1.0
MSCB03,MSCB03_3,MSCB03_7,0.0
MSCB03,MSCB03_3,MSCB03_9,0.0
MSCB03,MSCB03_3,MSCB03_90,0.0
MSCB03,MSCB03_7,MSCB03_2,0.0
MSCB03,MSCB03_7,MSCB03_3,0.0
MSCB03,MSCB03_7,MSCB03_7,1.0
MSCB03,MSCB03_7,MSCB03_9,0.0
MSCB03,MSCB03_7,MSCB03_90,0.0
MSCB03,MSCB03_9,MSCB03_2,0.0
MSCB03,MSCB03_9,MSCB03_3,0.0
MSCB03,MSCB03_9,MSCB03_7,0.0
MSCB03,MSCB03_9,MSCB03_9,1.0
MSCB03,MSCB03_9,MSCB03_90,0.0
MSCB03,MSCB03_90,MSCB03_2,0.0
MSCB03,MSCB03_90,MSCB03_3,0.0
MSCB03,MSCB03_90,MSCB03_7,0.0
MSCB03,MSCB03_90,MSCB03_9,0.0
MSCB03,MSCB03_90,MSCB03_90,1.0
MSCB04,MSCB04_47,MSCB04_47,1.0
MSCB04,MSCB04_47,MSCB04_49,0.5
MSCB04,MSCB04_47,MSCB04_51,0.1
MSCB04,MSCB04_49,MSCB04_47,0.1
MSCB04,MSCB04_49,MSCB04_49,1.0
MSCB04,MSCB04_49,MSCB04_51,0.5
MSCB04,MSCB04_51,MSCB04_47,0.1
MSCB04,MSCB04_51,MSCB04_49,0.1
MSCB04,MSCB04_51,MSCB04_51,1.0
MSCB05,MSCB05_66,MSCB05_66,1.0
MSCB05,MSCB05_66,MSCB05_66_2,0.0
MSCB05,MSCB05_66,MSCB05_72,0.0
MSCB05,MSCB05_66,MSCB05_72_2,0.0
MSCB05,MSCB05_66,MSCB05_72_3,0.5
MSCB05,MSCB05_66,MSCB05_72_4,0.0
MSCB05,MSCB05_66,MSCB05_78,0.0
MSCB05,MSCB05_66,MSCB05_78_2,0.1
MSCB05,MSCB05_66,MSCB05_84,0.0
MSCB05,MSCB05_66,MSCB05_84_2,0.0
MSCB05,MSCB05_66,MSCB05_96,0.0
MSCB05,MSCB05_66_2,MSCB05_66,0.0
MSCB05,MSCB05_66_2,MSCB05_66_2,1.0
MSCB05,MSCB05_66_2,MSCB05_72,0.0
MSCB05,MSCB05_66_2,MSCB05_72_2,0.0
MSCB05,MSCB05_66_2,MSCB05_72_3,0.0
MSCB05,MSCB05_66_2,MSCB05_72_4,0.0
MSCB05,MSCB05_66_2,MSCB05_78,0.0
MSCB05,MSCB05_66_2,MSCB05_78_2,0.0
MSCB05,MSCB05_66_2,MSCB05_84,0.0
MSCB05,MSCB05_66_2,MSCB05_84_2,0.0
MSCB05,MSCB05_66_2,MSCB05_96,0.0
MSCB05,MSCB05_72,MSCB05_66,0.0
MSCB05,MSCB05_72,MSCB05_66_2,0.0
MSCB05,MSCB05_72,MSCB05_72,1.0
MSCB05,MSCB05_72,MSCB05_72_2,0.0
MSCB05,MSCB05_72,MSCB05_72_3,0.0
MSCB05,MSCB05_72,MSCB05_72_4,0.0
MSCB05,MSCB05_72,MSCB05_78,0.0
MSCB05,MSCB05_72,MSCB05_78_2,0.0
MSCB05,MSCB05_72,MSCB05_84,0.0
MSCB05,MSCB05_72,MSCB05_84_2,0.0
MSCB05,MSCB05_72,MSCB05_96,0.0
MSCB05,MSCB05_72_2,MSCB05_66,0.0
MSCB05,MSCB05_72_2,MSCB05_66_2,0.0
MSCB05,MSCB05_72_2,MSCB05_72,0.0
MSCB05,MSCB05_72_2,MSCB05_72_2,1.0
MSCB05,MSCB05_72_2,MSCB05_72_3,0.0
MSCB05,MSCB05_72_2,MSCB05_72_4,0.0
MSCB05,MSCB05_72_2,MSCB05_78,0.5
MSCB05,MSCB05_72_2,MSCB05_78_2,0.0
MSCB05,MSCB05_72_2,MSCB05_84,0.0
MSCB05,MSCB05_72_2,MSCB05_84_2,0.0
MSCB05,MSCB05_72_2,MSCB05_96,0.0
MSCB05,MSCB05_72_3,MSCB05_66,0.1
MSCB05,MSCB05_72_3,MSCB05_66_2,0.0
MSCB05,MSCB05_72_3,MSCB05_72,0.0
MSCB05,MSCB05_72_3,MSCB05_72_2,0.0
MSCB05,MSCB05_72_3,MSCB05_72_3,1.0
MSCB05,MSCB05_72_3,MSCB05_72_4,0.0
MSCB05,MSCB05_72_3,MSCB05_78,0.0
MSCB05,MSCB05_72_3,MSCB05_78_2,0.5
MSCB05,MSCB05_72_3,MSCB05_84,0.0
MSCB05,MSCB05_72_3,MSCB05_84_2,0.1
MSCB05,MSCB05_72_3,MSCB05_96,0.0
MSCB05,MSCB05_72_4,MSCB05_66,0.0
MSCB05,MSCB05_72_4,MSCB05_66_2,0.0
MSCB05,MSCB05_72_4,MSCB05_72,0.0
MSCB05,MSCB05_72_4,MSCB05_72_2,0.0
MSCB05,MSCB05_72_4,MSCB05_72_3,0.0
MSCB05,MSCB05_72_4,MSCB05_72_4,1.0
MSCB05,MSCB05_72_4,MSCB05_78,0.0
MSCB05,MSCB05_72_4,MSCB05_78_2,0.0
MSCB05,MSCB05_72_4,MSCB05_84,0.0
MSCB05,MSCB05_72_4,MSCB05_84_2,0.0
MSCB05,MSCB05_72_4,MSCB05_96,0.0
MSCB05,MSCB05_78,MSCB05_66,0.0
MSCB05,MSCB05_78,MSCB05_66_2,0.0
MSCB05,MSCB05_78,MSCB05_72,0.0
MSCB05,MSCB05_78,MSCB05_72_2,0.1
MSCB05,MSCB05_78,MSCB05_72_3,0.0
MSCB05,MSCB05_78,MSCB05_72_4,0.0
MSCB05,MSCB05_78,MSCB05_78,1.0
MSCB05,MSCB05_78,MSCB05_78_2,0.0
MSCB05,MSCB05_78,MSCB05_84,0.0
MSCB05,MSCB05_78,MSCB05_84_2,0.0
MSCB05,MSCB05_78,MSCB05_96,0.0
MSCB05,MSCB05_78_2,MSCB05_66,0.1
MSCB05,MSCB05_78_2,MSCB05_66_2,0.0
MSCB05,MSCB05_78_2,MSCB05_72,0.0
MSCB05,MSCB05_78_2,MSCB05_72_2,0.0
MSCB05,MSCB05_78_2,MSCB05_72_3,0.1
MSCB05,MSCB05_78_2,MSCB05_72_4,0.0
MSCB05,MSCB05_78_2,MSCB05_78,0.0
MSCB05,MSCB05_78_2,MSCB05_78_2,1.0
MSCB05,MSCB05_78_2,MSCB05_84,0.0
MSCB05,MSCB05_78_2,MSCB05_84_2,0.5
MSCB05,MSCB05_78_2,MSCB05_96,0.0
MSCB05,MSCB05_84,MSCB05_66,0.0
MSCB05,MSCB05_84,MSCB05_66_2,0.0
MSCB05,MSCB05_84,MSCB05_72,0.0
MSCB05,MSCB05_84,MSCB05_72_2,0.0
MSCB05,MSCB05_84,MSCB05_72_3,0.0
MSCB05,MSCB05_84,MSCB05_72_4,0.0
MSCB05,MSCB05_84,MSCB05_78,0.0
MSCB05,MSCB05_84,MSCB05_78_2,0.0
MSCB05,MSCB05_84,MSCB05_84,1.0
MSCB05,MSCB05_84,MSCB05_84_2,0.0
MSCB05,MSCB05_84,MSCB05_96,0.0
MSCB05,MSCB05_84_2,MSCB05_66,0.0
MSCB05,MSCB05_84_2,MSCB05_66_2,0.0
MSCB05,MSCB05_84_2,MSCB05_72,0.0
MSCB05,MSCB05_84_2,MSCB05_72_2,0.0
MSCB05,MSCB05_84_2,MSCB05_72_3,0.1
MSCB05,MSCB05_84_2,MSCB05_72_4,0.0
MSCB05,MSCB05_84_2,MSCB05_78,0.0
MSCB05,MSCB05_84_2,MSCB05_78_2,0.1
MSCB05,MSCB05_84_2,MSCB05_84,0.0
MSCB05,MSCB05_84_2,MSCB05_84_2,1.0
MSCB05,MSCB05_84_2,MSCB05_96,0.1
MSCB05,MSCB05_96,MSCB05_66,0.0
MSCB05,MSCB05_96,MSCB05_66_2,0.0
MSCB05,MSCB05_96,MSCB05_72,0.0
MSCB05,MSCB05_96,MSCB05_72_2,0.0
MSCB05,MSCB05_96,MSCB05_72_3,0.0
MSCB05,MSCB05_96,MSCB05_72_4,0.0
MSCB05,MSCB05_96,MSCB05_78,0.0
MSCB05,MSCB05_96,MSCB05_78_2,0.0
MSCB05,MSCB05_96,MSCB05_84,0.0
MSCB05,MSCB05_96,MSCB05_84_2,0.1
MSCB05,MSCB05_96,MSCB05_96,1.0
MSCB06,MSCB06_85,MSCB06_85,1.0
MSCB06,MSCB06_85,MSCB06_88,0.0
MSCB06,MSCB06_85,MSCB06_88_2,0.0
MSCB06,MSCB06_85,MSCB06_88_3,0.0
MSCB06,MSCB06_85,MSCB06_91,0.0
MSCB06,MSCB06_88,MSCB06_85,0.0
MSCB06,MSCB06_88,MSCB06_88,1.0
MSCB06,MSCB06_88,MSCB06_88_2,0.0
MSCB06,MSCB06_88,MSCB06_88_3,0.0
MSCB06,MSCB06_88,MSCB06_91,0.5
MSCB06,MSCB06_88_2,MSCB06_85,0.0
MSCB06,MSCB06_88_2,MSCB06_88,0.0
MSCB06,MSCB06_88_2,MSCB06_88_2,1.0
MSCB06,MSCB06_88_2,MSCB06_88_3,0.0
MSCB06,MSCB06_88_2,MSCB06_91,0.0
MSCB06,MSCB06_88_3,MSCB06_85,0.0
MSCB06,MSCB06_88_3,MSCB06_88,0.0
MSCB06,MSCB06_88_3,MSCB06_88_2,0.0
MSCB06,MSCB06_88_3,MSCB06_88_3,1.0
MSCB06,MSCB06_88_3,MSCB06_91,0.0
MSCB06,MSCB06_91,MSCB06_85,0.0
MSCB06,MSCB06_91,MSCB06_88,0.1
MSCB06,MSCB06_91,MSCB06_88_2,0.0
MSCB06,MSCB06_91,MSCB06_88_3,0.0
MSCB06,MSCB06_91,MSCB06_91,1.0
MSCB07,MSCB07_64,MSCB07_64,1.0
MSCB07,MSCB07_64,MSCB07_67,0.5
MSCB07,MSCB07_67,MSCB07_64,0.1
MSCB07,MSCB07_67,MSCB07_67,1.0
MSCB09,MSCB09_11,MSCB09_11,1.0
MSCB09,MSCB09_11,MSCB09_16,0.0
MSCB09,MSCB09_11,MSCB09_3,0.0
MSCB09,MSCB09_11,MSCB09_37,0.0
MSCB09,MSCB09_11,MSCB09_38,0.0
MSCB09,MSCB09_11,MSCB09_39,0.0
MSCB09,MSCB09_11,MSCB09_40,0.0
MSCB09,MSCB09_11,MSCB09_41,0.0
MSCB09,MSCB09_11,MSCB09_42,0.0
MSCB09,MSCB09_11,MSCB09_93,0.0
MSCB09,MSCB09_11,MSCB09_93_2,0.0
MSCB09,MSCB09_11,MSCB09_93_3,0.0
MSCB09,MSCB09_11,MSCB09_95,0.0
MSCB09,MSCB09_11,MSCB09_95_2,0.0
MSCB09,MSCB09_11,MSCB09_95_3,0.0
MSCB09,MSCB09_11,MSCB09_97,0.0
MSCB09,MSCB09_11,MSCB09_97_2,0.0
MSCB09,MSCB09_11,MSCB09_99,0.0
MSCB09,MSCB09_16,MSCB09_11,0.0
MSCB09,MSCB09_16,MSCB09_16,1.0
MSCB09,MSCB09_16,MSCB09_3,0.0
MSCB09,MSCB09_16,MSCB09_37,0.0
MSCB09,MSCB09_16,MSCB09_38,0.0
MSCB09,MSCB09_16,MSCB09_39,0.0
MSCB09,MSCB09_16,MSCB09_40,0.0
MSCB09,MSCB09_16,MSCB09_41,0.0
MSCB09,MSCB09_16,MSCB09_42,0.0
MSCB09,MSCB09_16,MSCB09_93,0.0
MSCB09,MSCB09_16,MSCB09_93_2,0.0
MSCB09,MSCB09_16,MSCB09_93_3,0.0
MSCB09,MSCB09_16,MSCB09_95,0.0
MSCB09,MSCB09_16,MSCB09_95_2,0.0
MSCB09,MSCB09_16,MSCB09_95_3,0.0
MSCB09,MSCB09_16,MSCB09_97,0.0
MSCB09,MSCB09_16,MSCB09_97_2,0.0
MSCB09,MSCB09_16,MSCB09_99,0.0
MSCB09,MSCB09_3,MSCB09_11,0.0
MSCB09,MSCB09_3,MSCB09_16,0.0
MSCB09,MSCB09_3,MSCB09_3,1.0
MSCB09,MSCB09_3,MSCB09_37,0.0
MSCB09,MSCB09_3,MSCB09_38,0.0
MSCB09,MSCB09_3,MSCB09_39,0.0
MSCB09,MSCB09_3,MSCB09_40,0.0
MSCB09,MSCB09_3,MSCB09_41,0.0
MSCB09,MSCB09_3,MSCB09_42,0.0
MSCB09,MSCB09_3,MSCB09_93,0.0
MSCB09,MSCB09_3,MSCB09_93_2,0.0
MSCB09,MSCB09_3,MSCB09_93_3,0.0
MSCB09,MSCB09_3,MSCB09_95,0.0
MSCB09,MSCB09_3,MSCB09_95_2,0.0
MSCB09,MSCB09_3,MSCB09_95_3,0.0
MSCB09,MSCB09_3,MSCB09_97,0.0
MSCB09,MSCB09_3,MSCB09_97_2,0.0
MSCB09,MSCB09_3,MSCB09_99,0.0
MSCB09,MSCB09_37,MSCB09_11,0.0
MSCB09,MSCB09_37,MSCB09_16,0.0
MSCB09,MSCB09_37,MSCB09_3,0.0
MSCB09,MSCB09_37,MSCB09_37,1.0
MSCB09,MSCB09_37,MSCB09_38,0.0
MSCB09,MSCB09_37,MSCB09_39,0.0
MSCB09,MSCB09_37,MSCB09_40,0.0
MSCB09,MSCB09_37,MSCB09_41,0.0
MSCB09,MSCB09_37,MSCB09_42,0.0
MSCB09,MSCB09_37,MSCB09_93,0.0
MSCB09,MSCB09_37,MSCB09_93_2,0.0
MSCB09,MSCB09_37,MSCB09_93_3,0.0
MSCB09,MSCB09_37,MSCB09_95,0.0
MSCB09,MSCB09_37,MSCB09_95_2,0.0
MSCB09,MSCB09_37,MSCB09_95_3,0.0
MSCB09,MSCB09_37,MSCB09_97,0.0
MSCB09,MSCB09_37,MSCB09_97_2,0.0
MSCB09,MSCB09_37,MSCB09_99,0.0
MSCB09,MSCB09_38,MSCB09_11,0.0
MSCB09,MSCB09_38,MSCB09_16,0.0
MSCB09,MSCB09_38,MSCB09_3,0.0
MSCB09,MSCB09_38,MSCB09_37,0.0
MSCB09,MSCB09_38,MSCB09_38,1.0
MSCB09,MSCB09_38,MSCB09_39,0.0
MSCB09,MSCB09_38,MSCB09_40,0.0
MSCB09,MSCB09_38,MSCB09_41,0.0
MSCB09,MSCB09_38,MSCB09_42,0.0
MSCB09,MSCB09_38,MSCB09_93,0.0
MSCB09,MSCB09_38,MSCB09_93_2,0.0
MSCB09,MSCB09_38,MSCB09_93_3,0.0
MSCB09,MSCB09_38,MSCB09_95,0.0
MSCB09,MSCB09_38,MSCB09_95_2,0.0
MSCB09,MSCB09_38,MSCB09_95_3,0.0
MSCB09,MSCB09_38,MSCB09_97,0.0
MSCB09,MSCB09_38,MSCB09_97_2,0.0
MSCB09,MSCB09_38,MSCB09_99,0.0
MSCB09,MSCB09_39,MSCB09_11,0.0
MSCB09,MSCB09_39,MSCB09_16,0.0
MSCB09,MSCB09_39,MSCB09_3,0.0
MSCB09,MSCB09_39,MSCB09_37,0.0
MSCB09,MSCB09_39,MSCB09_38,0.0
MSCB09,MSCB09_39,MSCB09_39,1.0
MSCB09,MSCB09_39,MSCB09_40,0.0
MSCB09,MSCB09_39,MSCB09_41,0.0
MSCB09,MSCB09_39,MSCB09_42,0.0
MSCB09,MSCB09_39,MSCB09_93,0.0
MSCB09,MSCB09_39,MSCB09_93_2,0.0
MSCB09,MSCB09_39,MSCB09_93_3,0.0
MSCB09,MSCB09_39,MSCB09_95,0.0
MSCB09,MSCB09_39,MSCB09_95_2,0.0
MSCB09,MSCB09_39,MSCB09_95_3,0.0
MSCB09,MSCB09_39,MSCB09_97,0.0
MSCB09,MSCB09_39,MSCB09_97_2,0.0
MSCB09,MSCB09_39,MSCB09_99,0.0
MSCB09,MSCB09_40,MSCB09_11,0.0
MSCB09,MSCB09_40,MSCB09_16,0.0
MSCB09,MSCB09_40,MSCB09_3,0.0
MSCB09,MSCB09_40,MSCB09_37,0.0
MSCB09,MSCB09_40,MSCB09_38,0.0
MSCB09,MSCB09_40,MSCB09_39,0.0
MSCB09,MSCB09_40,MSCB09_40,1.0
MSCB09,MSCB09_40,MSCB09_41,0.0
MSCB09,MSCB09_40,MSCB09_42,0.0
MSCB09,MSCB09_40,MSCB09_93,0.0
MSCB09,MSCB09_40,MSCB09_93_2,0.0
MSCB09,MSCB09_40,MSCB09_93_3,0.0
MSCB09,MSCB09_40,MSCB09_95,0.0
MSCB09,MSCB09_40,MSCB09_95_2,0.0
MSCB09,MSCB09_40,MSCB09_95_3,0.0
MSCB09,MSCB09_40,MSCB09_97,0.0
MSCB09,MSCB09_40,MSCB09_97_2,0.0
MSCB09,MSCB09_40,MSCB09_99,0.0
MSCB09,MSCB09_41,MSCB09_11,0.0
MSCB09,MSCB09_41,MSCB09_16,0.0
MSCB09,MSCB09_41,MSCB09_3,0.0
MSCB09,MSCB09_41,MSCB09_37,0.0
MSCB09,MSCB09_41,MSCB09_38,0.0
MSCB09,MSCB09_41,MSCB09_39,0.0
MSCB09,MSCB09_41,MSCB09_40,0.0
MSCB09,MSCB09_41,MSCB09_41,1.0
MSCB09,MSCB09_41,MSCB09_42,0.0
MSCB09,MSCB09_41,MSCB09_93,0.0
MSCB09,MSCB09_41,MSCB09_93_2,0.0
MSCB09,MSCB09_41,MSCB09_93_3,0.0
MSCB09,MSCB09_41,MSCB09_95,0.0
MSCB09,MSCB09_41,MSCB09_95_2,0.0
MSCB09,MSCB09_41,MSCB09_95_3,0.0
MSCB09,MSCB09_41,MSCB09_97,0.0
MSCB09,MSCB09_41,MSCB09_97_2,0.0
MSCB09,MSCB09_41,MSCB09_99,0.0
MSCB09,MSCB09_42,MSCB09_11,0.0
MSCB09,MSCB09_42,MSCB09_16,0.0
MSCB09,MSCB09_42,MSCB09_3,0.0
MSCB09,MSCB09_42,MSCB09_37,0.0
MSCB09,MSCB09_42,MSCB09_38,0.0
MSCB09,MSCB09_42,MSCB09_39,0.0
MSCB09,MSCB09_42,MSCB09_40,0.0
MSCB09,MSCB09_42,MSCB09_41,0.0
MSCB09,MSCB09_42,MSCB09_42,1.0
MSCB09,MSCB09_42,MSCB09_93,0.0
MSCB09,MSCB09_42,MSCB09_93_2,0.0
MSCB09,MSCB09_42,MSCB09_93_3,0.0
MSCB09,MSCB09_42,MSCB09_95,0.0
MSCB09,MSCB09_42,MSCB09_95_2,0.0
MSCB09,MSCB09_42,MSCB09_95_3,0.0
MSCB09,MSCB09_42,MSCB09_97,0.0
MSCB09,MSCB09_42,MSCB09_97_2,0.0
MSCB09,MSCB09_42,MSCB09_99,0.0
MSCB09,MSCB09_93,MSCB09_11,0.0
MSCB09,MSCB09_93,MSCB09_16,0.0
MSCB09,MSCB09_93,MSCB09_3,0.0
MSCB09,MSCB09_93,MSCB09_37,0.0
MSCB09,MSCB09_93,MSCB09_38,0.0
MSCB09,MSCB09_93,MSCB09_39,0.0
MSCB09,MSCB09_93,MSCB09_40,0.0
MSCB09,MSCB09_93,MSCB09_41,0.0
MSCB09,MSCB09_93,MSCB09_42,0.0
MSCB09,MSCB09_93,MSCB09_93,1.0
MSCB09,MSCB09_93,MSCB09_93_2,0.0
MSCB09,MSCB09_93,MSCB09_93_3,0.0
MSCB09,MSCB09_93,MSCB09_95,0.0
MSCB09,MSCB09_93,MSCB09_95_2,0.0
MSCB09,MSCB09_93,MSCB09_95_3,0.5
MSCB09,MSCB09_93,MSCB09_97,0.0
MSCB09,MSCB09_93,MSCB09_97_2,0.1
MSCB09,MSCB09_93,MSCB09_99,0.0
MSCB09,MSCB09_93_2,MSCB09_11,0.0
MSCB09,MSCB09_93_2,MSCB09_16,0.0
MSCB09,MSCB09_93_2,MSCB09_3,0.0
MSCB09,MSCB09_93_2,MSCB09_37,0.0
MSCB09,MSCB09_93_2,MSCB09_38,0.0
MSCB09,MSCB09_93_2,MSCB09_39,0.0
MSCB09,MSCB09_93_2,MSCB09_40,0.0
MSCB09,MSCB09_93_2,MSCB09_41,0.0
MSCB09,MSCB09_93_2,MSCB09_42,0.0
MSCB09,MSCB09_93_2,MSCB09_93,0.0
MSCB09,MSCB09_93_2,MSCB09_93_2,1.0
MSCB09,MSCB09_93_2,MSCB09_93_3,0.0
MSCB09,MSCB09_93_2,MSCB09_95,0.0
MSCB09,MSCB09_93_2,MSCB09_95_2,0.0
MSCB09,MSCB09_93_2,MSCB09_95_3,0.0
MSCB09,MSCB09_93_2,MSCB09_97,0.0
MSCB09,MSCB09_93_2,MSCB09_97_2,0.0
MSCB09,MSCB09_93_2,MSCB09_99,0.0
MSCB09,MSCB09_93_3,MSCB09_11,0.0
MSCB09,MSCB09_93_3,MSCB09_16,0.0
MSCB09,MSCB09_93_3,MSCB09_3,0.0
MSCB09,MSCB09_93_3,MSCB09_37,0.0
MSCB09,MSCB09_93_3,MSCB09_38,0.0
MSCB09,MSCB09_93_3,MSCB09_39,0.0
MSCB09,MSCB09_93_3,MSCB09_40,0.0
MSCB09,MSCB09_93_3,MSCB09_41,0.0
MSCB09,MSCB09_93_3,MSCB09_42,0.0
MSCB09,MSCB09_93_3,MSCB09_93,0.0
MSCB09,MSCB09_93_3,MSCB09_93_2,0.0
MSCB09,MSCB09_93_3,MSCB09_93_3,1.0
MSCB09,MSCB09_93_3,MSCB09_95,0.0
MSCB09,MSCB09_93_3,MSCB09_95_2,0.0
MSCB09,MSCB09_93_3,MSCB09_95_3,0.0
MSCB09,MSCB09_93_3,MSCB09_97,0.0
MSCB09,MSCB09_93_3,MSCB09_97_2,0.0
MSCB09,MSCB09_93_3,MSCB09_99,0.0
MSCB09,MSCB09_95,MSCB09_11,0.0
MSCB09,MSCB09_95,MSCB09_16,0.0
MSCB09,MSCB09_95,MSCB09_3,0.0
MSCB09,MSCB09_95,MSCB09_37,0.0
MSCB09,MSCB09_95,MSCB09_38,0.0
MSCB09,MSCB09_95,MSCB09_39,0.0
MSCB09,MSCB09_95,MSCB09_40,0.0
MSCB09,MSCB09_95,MSCB09_41,0.0
MSCB09,MSCB09_95,MSCB09_42,0.0
MSCB09,MSCB09_95,MSCB09_93,0.0
MSCB09,MSCB09_95,MSCB09_93_2,0.0
MSCB09,MSCB09_95,MSCB09_93_3,0.0
MSCB09,MSCB09_95,MSCB09_95,1.0
MSCB09,MSCB09_95,MSCB09_95_2,0.0
MSCB09,MSCB09_95,MSCB09_95_3,0.0
MSCB09,MSCB09_95,MSCB09_97,0.0
MSCB09,MSCB09_95,MSCB09_97_2,0.0
MSCB09,MSCB09_95,MSCB09_99,0.0
MSCB09,MSCB09_95_2,MSCB09_11,0.0
MSCB09,MSCB09_95_2,MSCB09_16,0.0
MSCB09,MSCB09_95_2,MSCB09_3,0.0
MSCB09,MSCB09_95_2,MSCB09_37,0.0
MSCB09,MSCB09_95_2,MSCB09_38,0.0
MSCB09,MSCB09_95_2,MSCB09_39,0.0
MSCB09,MSCB09_95_2,MSCB09_40,0.0
MSCB09,MSCB09_95_2,MSCB09_41,0.0
MSCB09,MSCB09_95_2,MSCB09_42,0.0
MSCB09,MSCB09_95_2,MSCB09_93,0.0
MSCB09,MSCB09_95_2,MSCB09_93_2,0.0
MSCB09,MSCB09_95_2,MSCB09_93_3,0.0
MSCB09,MSCB09_95_2,MSCB09_95,0.0
MSCB09,MSCB09_95_2,MSCB09_95_2,1.0
MSCB09,MSCB09_95_2,MSCB09_95_3,0.0
MSCB09,MSCB09_95_2,MSCB09_97,0.0
MSCB09,MSCB09_95_2,MSCB09_97_2,0.0
MSCB09,MSCB09_95_2,MSCB09_99,0.0
MSCB09,MSCB09_95_3,MSCB09_11,0.0
MSCB09,MSCB09_95_3,MSCB09_16,0.0
MSCB09,MSCB09_95_3,MSCB09_3,0.0
MSCB09,MSCB09_95_3,MSCB09_37,0.0
MSCB09,MSCB09_95_3,MSCB09_38,0.0
MSCB09,MSCB09_95_3,MSCB09_39,0.0
MSCB09,MSCB09_95_3,MSCB09_40,0.0
MSCB09,MSCB09_95_3,MSCB09_41,0.0
MSCB09,MSCB09_95_3,MSCB09_42,0.0
MSCB09,MSCB09_95_3,MSCB09_93,0.1
MSCB09,MSCB09_95_3,MSCB09_93_2,0.0
MSCB09,MSCB09_95_3,MSCB09_93_3,0.0
MSCB09,MSCB09_95_3,MSCB09_95,0.0
MSCB09,MSCB09_95_3,MSCB09_95_2,0.0
MSCB09,MSCB09_95_3,MSCB09_95_3,1.0
MSCB09,MSCB09_95_3,MSCB09_97,0.0
MSCB09,MSCB09_95_3,MSCB09_97_2,0.5
MSCB09,MSCB09_95_3,MSCB09_99,0.1
MSCB09,MSCB09_97,MSCB09_11,0.0
MSCB09,MSCB09_97,MSCB09_16,0.0
MSCB09,MSCB09_97,MSCB09_3,0.0
MSCB09,MSCB09_97,MSCB09_37,0.0
MSCB09,MSCB09_97,MSCB09_38,0.0
MSCB09,MSCB09_97,MSCB09_39,0.0
MSCB09,MSCB09_97,MSCB09_40,0.0
MSCB09,MSCB09_97,MSCB09_41,0.0
MSCB09,MSCB09_97,MSCB09_42,0.0
MSCB09,MSCB09_97,MSCB09_93,0.0
MSCB09,MSCB09_97,MSCB09_93_2,0.0
MSCB09,MSCB09_97,MSCB09_93_3,0.0
MSCB09,MSCB09_97,MSCB09_95,0.0
MSCB09,MSCB09_97,MSCB09_95_2,0.0
MSCB09,MSCB09_97,MSCB09_95_3,0.0
MSCB09,MSCB09_97,MSCB09_97,1.0
MSCB09,MSCB09_97,MSCB09_97_2,0.0
MSCB09,MSCB09_97,MSCB09_99,0.0
MSCB09,MSCB09_97_2,MSCB09_11,0.0
MSCB09,MSCB09_97_2,MSCB09_16,0.0
MSCB09,MSCB09_97_2,MSCB09_3,0.0
MSCB09,MSCB09_97_2,MSCB09_37,0.0
MSCB09,MSCB09_97_2,MSCB09_38,0.0
MSCB09,MSCB09_97_2,MSCB09_39,0.0
MSCB09,MSCB09_97_2,MSCB09_40,0.0
MSCB09,MSCB09_97_2,MSCB09_41,0.0
MSCB09,MSCB09_97_2,MSCB09_42,0.0
MSCB09,MSCB09_97_2,MSCB09_93,0.1
MSCB09,MSCB09_97_2,MSCB09_93_2,0.0
MSCB09,MSCB09_97_2,MSCB09_93_3,0.0
MSCB09,MSCB09_97_2,MSCB09_95,0.0
MSCB09,MSCB09_97_2,MSCB09_95_2,0.0
MSCB09,MSCB09_97_2,MSCB09_95_3,0.1
MSCB09,MSCB09_97_2,MSCB09_97,0.0
MSCB09,MSCB09_97_2,MSCB09_97_2,1.0
MSCB09,MSCB09_97_2,MSCB09_99,0.5
MSCB09,MSCB09_99,MSCB09_11,0.0
MSCB09,MSCB09_99,MSCB09_16,0.0
MSCB09,MSCB09_99,MSCB09_3,0.0
MSCB09,MSCB09_99,MSCB09_37,0.0
MSCB09,MSCB09_99,MSCB09_38,0.0
MSCB09,MSCB09_99,MSCB09_39,0.0
MSCB09,MSCB09_99,MSCB09_40,0.0
MSCB09,MSCB09_99,MSCB09_41,0.0
MSCB09,MSCB09_99,MSCB09_42,0.0
MSCB09,MSCB09_99,MSCB09_93,0.0
MSCB09,MSCB09_99,MSCB09_93_2,0.0
MSCB09,MSCB09_99,MSCB09_93_3,0.0
MSCB09,MSCB09_99,MSCB09_95,0.0
MSCB09,MSCB09_99,MSCB09_95_2,0.0
MSCB09,MSCB09_99,MSCB09_95_3,0.1
MSCB09,MSCB09_99,MSCB09_97,0.0
MSCB09,MSCB09_99,MSCB09_97_2,0.1
MSCB09,MSCB09_99,MSCB09_99,1.0
MSCB10,MSCB10_56,MSCB10_56,1.0
MSCB10,MSCB10_56,MSCB10_59,0.0
MSCB10,MSCB10_56,MSCB10_59_2,0.5
MSCB10,MSCB10_56,MSCB10_62,0.1
MSCB10,MSCB10_59,MSCB10_56,0.0
MSCB10,MSCB10_59,MSCB10_59,1.0
MSCB10,MSCB10_59,MSCB10_59_2,0.0
MSCB10,MSCB10_59,MSCB10_62,0.0
MSCB10,MSCB10_59_2,MSCB10_56,0.1
MSCB10,MSCB10_59_2,MSCB10_59,0.0
MSCB10,MSCB10_59_2,MSCB10_59_2,1.0
MSCB10,MSCB10_59_2,MSCB10_62,0.5
MSCB10,MSCB10_62,MSCB10_56,0.1
MSCB10,MSCB10_62,MSCB10_59,0.0
MSCB10,MSCB10_62,MSCB10_59_2,0.1
MSCB10,MSCB10_62,MSCB10_62,1.0
MSCB12,MSCB12_39,MSCB12_39,1.0
MSCB12,MSCB12_39,MSCB12_42,0.5
MSCB12,MSCB12_39,MSCB12_48,0.0
MSCB12,MSCB12_39,MSCB12_51,0.0
MSCB12,MSCB12_39,MSCB12_54,0.0
MSCB12,MSCB12_39,MSCB12_60,0.0
MSCB12,MSCB12_39,MSCB12_63,0.0
MSCB12,MSCB12_39,MSCB12_69,0.0
MSCB12,MSCB12_42,MSCB12_39,0.1
MSCB12,MSCB12_42,MSCB12_42,1.0
MSCB12,MSCB12_42,MSCB12_48,0.0
MSCB12,MSCB12_42,MSCB12_51,0.0
MSCB12,MSCB12_42,MSCB12_54,0.0
MSCB12,MSCB12_42,MSCB12_60,0.0
MSCB12,MSCB12_42,MSCB12_63,0.0
MSCB12,MSCB12_42,MSCB12_69,0.0
MSCB12,MSCB12_48,MSCB12_39,0.0
MSCB12,MSCB12_48,MSCB12_42,0.0
MSCB12,MSCB12_48,MSCB12_48,1.0
MSCB12,MSCB12_48,MSCB12_51,0.0
MSCB12,MSCB12_48,MSCB12_54,0.0
MSCB12,MSCB12_48,MSCB12_60,0.0
MSCB12,MSCB12_48,MSCB12_63,0.0
MSCB12,MSCB12_48,MSCB12_69,0.0
MSCB12,MSCB12_51,MSCB12_39,0.0
MSCB12,MSCB12_51,MSCB12_42,0.0
MSCB12,MSCB12_51,MSCB12_48,0.0
MSCB12,MSCB12_51,MSCB12_51,1.0
MSCB12,MSCB12_51,MSCB12_54,0.5
MSCB12,MSCB12_51,MSCB12_60,0.0
MSCB12,MSCB12_51,MSCB12_63,0.0
MSCB12,MSCB12_51,MSCB12_69,0.0
MSCB12,MSCB12_54,MSCB12_39,0.0
MSCB12,MSCB12_54,MSCB12_42,0.0
MSCB12,MSCB12_54,MSCB12_48,0.0
MSCB12,MSCB12_54,MSCB12_51,0.1
MSCB12,MSCB12_54,MSCB12_54,1.0
MSCB12,MSCB12_54,MSCB12_60,0.0
MSCB12,MSCB12_54,MSCB12_63,0.0
MSCB12,MSCB12_54,MSCB12_69,0.0
MSCB12,MSCB12_60,MSCB12_39,0.0
MSCB12,MSCB12_60,MSCB12_42,0.0
MSCB12,MSCB12_60,MSCB12_48,0.0
MSCB12,MSCB12_60,MSCB12_51,0.0
MSCB12,MSCB12_60,MSCB12_54,0.0
MSCB12,MSCB12_60,MSCB12_60,1.0
MSCB12,MSCB12_60,MSCB12_63,0.0
MSCB12,MSCB12_60,MSCB12_69,0.0
MSCB12,MSCB12_63,MSCB12_39,0.0
MSCB12,MSCB12_63,MSCB12_42,0.0
MSCB12,MSCB12_63,MSCB12_48,0.0
MSCB12,MSCB12_63,MSCB12_51,0.0
MSCB12,MSCB12_63,MSCB12_54,0.0
MSCB12,MSCB12_63,MSCB12_60,0.0
MSCB12,MSCB12_63,MSCB12_63,1.0
MSCB12,MSCB12_63,MSCB12_69,0.1
MSCB12,MSCB12_69,MSCB12_39,0.0
MSCB12,MSCB12_69,MSCB12_42,0.0
MSCB12,MSCB12_69,MSCB12_48,0.0
MSCB12,MSCB12_69,MSCB12_51,0.0
MSCB12,MSCB12_69,MSCB12_54,0.0
MSCB12,MSCB12_69,MSCB12_60,0.0
MSCB12,MSCB12_69,MSCB12_63,0.1
MSCB12,MSCB12_69,MSCB12_69,1.0
MSCB13,MSCB13_92,MSCB13_92,1.0
MSCB13,MSCB13_92,MSCB13_92_2,0.0
MSCB13,MSCB13_92,MSCB13_92_3,0.0
MSCB13,MSCB13_92,MSCB13_92_4,0.0
MSCB13,MSCB13_92,MSCB13_92_5,0.0
MSCB13,MSCB13_92_2,MSCB13_92,0.0
MSCB13,MSCB13_92_2,MSCB13_92_2,1.0
MSCB13,MSCB13_92_2,MSCB13_92_3,0.0
MSCB13,MSCB13_92_2,MSCB13_92_4,0.0
MSCB13,MSCB13_92_2,MSCB13_92_5,0.0
MSCB13,MSCB13_92_3,MSCB13_92,0.0
MSCB13,MSCB13_92_3,MSCB13_92_2,0.0
MSCB13,MSCB13_92_3,MSCB13_92_3,1.0
MSCB13,MSCB13_92_3,MSCB13_92_4,0.0
MSCB13,MSCB13_92_3,MSCB13_92_5,0.0
MSCB13,MSCB13_92_4,MSCB13_92,0.0
MSCB13,MSCB13_92_4,MSCB13_92_2,0.0
MSCB13,MSCB13_92_4,MSCB13_92_3,0.0
MSCB13,MSCB13_92_4,MSCB13_92_4,1.0
MSCB13,MSCB13_92_4,MSCB13_92_5,0.0
MSCB13,MSCB13_92_5,MSCB13_92,0.0
MSCB13,MSCB13_92_5,MSCB13_92_2,0.0
MSCB13,MSCB13_92_5,MSCB13_92_3,0.0
MSCB13,MSCB13_92_5,MSCB13_92_4,0.0
MSCB13,MSCB13_92_5,MSCB13_92_5,1.0
MSCB14,MSCB14_62,MSCB14_62,1.0
MSCB14,MSCB14_62,MSCB14_65,0.0
MSCB14,MSCB14_62,MSCB14_65_2,0.0
MSCB14,MSCB14_62,MSCB14_68,0.0
MSCB14,MSCB14_62,MSCB14_77,0.0
MSCB14,MSCB14_65,MSCB14_62,0.0
MSCB14,MSCB14_65,MSCB14_65,1.0
MSCB14,MSCB14_65,MSCB14_65_2,0.0
MSCB14,MSCB14_65,MSCB14_68,0.0
MSCB14,MSCB14_65,MSCB14_77,0.0
MSCB14,MSCB14_65_2,MSCB14_62,0.0
MSCB14,MSCB14_65_2,MSCB14_65,0.0
MSCB14,MSCB14_65_2,MSCB14_65_2,1.0
MSCB14,MSCB14_65_2,MSCB14_68,0.0
MSCB14,MSCB14_65_2,MSCB14_77,0.0
MSCB14,MSCB14_68,MSCB14_62,0.0
MSCB14,MSCB14_68,MSCB14_65,0.0
MSCB14,MSCB14_68,MSCB14_65_2,0.0
MSCB14,MSCB14_68,MSCB14_68,1.0
MSCB14,MSCB14_68,MSCB14_77,0.0
MSCB14,MSCB14_77,MSCB14_62,0.0
MSCB14,MSCB14_77,MSCB14_65,0.0
MSCB14,MSCB14_77,MSCB14_65_2,0.0
MSCB14,MSCB14_77,MSCB14_68,0.0
MSCB14,MSCB14_77,MSCB14_77,1.0
MSCB15,MSCB15_3,MSCB15_3,1.0
MSCB15,MSCB15_3,MSCB15_46,0.0
MSCB15,MSCB15_3,MSCB15_48,0.0
MSCB15,MSCB15_3,MSCB15_50,0.0
MSCB15,MSCB15_3,MSCB15_52,0.0
MSCB15,MSCB15_46,MSCB15_3,0.0
MSCB15,MSCB15_46,MSCB15_46,1.0
MSCB15,MSCB15_46,MSCB15_48,0.5
MSCB15,MSCB15_46,MSCB15_50,0.1
MSCB15,MSCB15_46,MSCB15_52,0.0
MSCB15,MSCB15_48,MSCB15_3,0.0
MSCB15,MSCB15_48,MSCB15_46,0.1
MSCB15,MSCB15_48,MSCB15_48,1.0
MSCB15,MSCB15_48,MSCB15_50,0.5
MSCB15,MSCB15_48,MSCB15_52,0.1
MSCB15,MSCB15_50,MSCB15_3,0.0
MSCB15,MSCB15_50,MSCB15_46,0.1
MSCB15,MSCB15_50,MSCB15_48,0.1
MSCB15,MSCB15_50,MSCB15_50,1.0
MSCB15,MSCB15_50,MSCB15_52,0.5
MSCB15,MSCB15_52,MSCB15_3,0.0
MSCB15,MSCB15_52,MSCB15_46,0.0
MSCB15,MSCB15_52,MSCB15_48,0.1
MSCB15,MSCB15_52,MSCB15_50,0.1
MSCB15,MSCB15_52,MSCB15_52,1.0
MSCB16,MSCB16_72,MSCB16_72,1.0
MSCB16,MSCB16_72,MSCB16_74,0.0
MSCB16,MSCB16_72,MSCB16_76,0.0
MSCB16,MSCB16_74,MSCB16_72,0.0
MSCB16,MSCB16_74,MSCB16_74,1.0
MSCB16,MSCB16_74,MSCB16_76,0.5
MSCB16,MSCB16_76,MSCB16_72,0.0
MSCB16,MSCB16_76,MSCB16_74,0.1
MSCB16,MSCB16_76,MSCB16_76,1.0
MSCB17,MSCB17_63,MSCB17_63,1.0
MSCB17,MSCB17_63,MSCB17_63_2,0.0
MSCB17,MSCB17_63,MSCB17_63_3,0.0
MSCB17,MSCB17_63,MSCB17_65,0.5
MSCB17,MSCB17_63,MSCB17_65_2,0.0
MSCB17,MSCB17_63_2,MSCB17_63,0.0
MSCB17,MSCB17_63_2,MSCB17_63_2,1.0
MSCB17,MSCB17_63_2,MSCB17_63_3,0.0
MSCB17,MSCB17_63_2,MSCB17_65,0.0
MSCB17,MSCB17_63_2,MSCB17_65_2,0.0
MSCB17,MSCB17_63_3,MSCB17_63,0.0
MSCB17,MSCB17_63_3,MSCB17_63_2,0.0
MSCB17,MSCB17_63_3,MSCB17_63_3,1.0
MSCB17,MSCB17_63_3,MSCB17_65,0.0
MSCB17,MSCB17_63_3,MSCB17_65_2,0.5
MSCB17,MSCB17_65,MSCB17_63,0.1
MSCB17,MSCB17_65,MSCB17_63_2,0.0
MSCB17,MSCB17_65,MSCB17_63_3,0.0
MSCB17,MSCB17_65,MSCB17_65,1.0
MSCB17,MSCB17_65,MSCB17_65_2,0.0
MSCB17,MSCB17_65_2,MSCB17_63,0.0
MSCB17,MSCB17_65_2,MSCB17_63_2,0.0
MSCB17,MSCB17_65_2,MSCB17_63_3,0.1
MSCB17,MSCB17_65_2,MSCB17_65,0.0
MSCB17,MSCB17_65_2,MSCB17_65_2,1.0
MSCB18,MSCB18_91,MSCB18_91,1.0
MSCB18,MSCB18_91,MSCB18_92,0.0
MSCB18,MSCB18_91,MSCB18_96,0.0
MSCB18,MSCB18_92,MSCB18_91,0.0
MSCB18,MSCB18_92,MSCB18_92,1.0
MSCB18,MSCB18_92,MSCB18_96,0.1
MSCB18,MSCB18_96,MSCB18_91,0.0
MSCB18,MSCB18_96,MSCB18_92,0.1
MSCB18,MSCB18_96,MSCB18_96,1.0
MSCB19,MSCB19_87,MSCB19_87,1.0
MSCB19,MSCB19_87,MSCB19_87_2,0.0
MSCB19,MSCB19_87,MSCB19_90,0.0
MSCB19,MSCB19_87,MSCB19_90_2,0.5
MSCB19,MSCB19_87,MSCB19_90_3,0.0
MSCB19,MSCB19_87,MSCB19_90_4,0.0
MSCB19,MSCB19_87,MSCB19_93,0.1
MSCB19,MSCB19_87,MSCB19_99,0.0
MSCB19,MSCB19_87_2,MSCB19_87,0.0
MSCB19,MSCB19_87_2,MSCB19_87_2,1.0
MSCB19,MSCB19_87_2,MSCB19_90,0.0
MSCB19,MSCB19_87_2,MSCB19_90_2,0.0
MSCB19,MSCB19_87_2,MSCB19_90_3,0.0
MSCB19,MSCB19_87_2,MSCB19_90_4,0.5
MSCB19,MSCB19_87_2,MSCB19_93,0.0
MSCB19,MSCB19_87_2,MSCB19_99,0.0
MSCB19,MSCB19_90,MSCB19_87,0.0
MSCB19,MSCB19_90,MSCB19_87_2,0.0
MSCB19,MSCB19_90,MSCB19_90,1.0
MSCB19,MSCB19_90,MSCB19_90_2,0.0
MSCB19,MSCB19_90,MSCB19_90_3,0.0
MSCB19,MSCB19_90,MSCB19_90_4,0.0
MSCB19,MSCB19_90,MSCB19_93,0.0
MSCB19,MSCB19_90,MSCB19_99,0.0
MSCB19,MSCB19_90_2,MSCB19_87,0.1
MSCB19,MSCB19_90_2,MSCB19_87_2,0.0
MSCB19,MSCB19_90_2,MSCB19_90,0.0
MSCB19,MSCB19_90_2,MSCB19_90_2,1.0
MSCB19,MSCB19_90_2,MSCB19_90_3,0.0
MSCB19,MSCB19_90_2,MSCB19_90_4,0.0
MSCB19,MSCB19_90_2,MSCB19_93,0.5
MSCB19,MSCB19_90_2,MSCB19_99,0.0
MSCB19,MSCB19_90_3,MSCB19_87,0.0
MSCB19,MSCB19_90_3,MSCB19_87_2,0.0
MSCB19,MSCB19_90_3,MSCB19_90,0.0
MSCB19,MSCB19_90_3,MSCB19_90_2,0.0
MSCB19,MSCB19_90_3,MSCB19_90_3,1.0
MSCB19,MSCB19_90_3,MSCB19_90_4,0.0
MSCB19,MSCB19_90_3,MSCB19_93,0.0
MSCB19,MSCB19_90_3,MSCB19_99,0.0
MSCB19,MSCB19_90_4,MSCB19_87,0.0
MSCB19,MSCB19_90_4,MSCB19_87_2,0.1
MSCB19,MSCB19_90_4,MSCB19_90,0.0
MSCB19,MSCB19_90_4,MSCB19_90_2,0.0
MSCB19,MSCB19_90_4,MSCB19_90_3,0.0
MSCB19,MSCB19_90_4,MSCB19_90_4,1.0
MSCB19,MSCB19_90_4,MSCB19_93,0.0
MSCB19,MSCB19_90_4,MSCB19_99,0.0
MSCB19,MSCB19_93,MSCB19_87,0.1
MSCB19,MSCB19_93,MSCB19_87_2,0.0
MSCB19,MSCB19_93,MSCB19_90,0.0
MSCB19,MSCB19_93,MSCB19_90_2,0.1
MSCB19,MSCB19_93,MSCB19_90_3,0.0
MSCB19,MSCB19_93,MSCB19_90_4,0.0
MSCB19,MSCB19_93,MSCB19_93,1.0
MSCB19,MSCB19_93,MSCB19_99,0.0
MSCB19,MSCB19_99,MSCB19_87,0.0
MSCB19,MSCB19_99,MSCB19_87_2,0.0
MSCB19,MSCB19_99,MSCB19_90,0.0
MSCB19,MSCB19_99,MSCB19_90_2,0.0
MSCB19,MSCB19_99,MSCB19_90_3,0.0
MSCB19,MSCB19_99,MSCB19_90_4,0.0
MSCB19,MSCB19_99,MSCB19_93,0.0
MSCB19,MSCB19_99,MSCB19_99,1.0
MSCB20,MSCB20_58,MSCB20_58,1.0
MSCB20,MSCB20_58,MSCB20_58_2,0.0
MSCB20,MSCB20_58_2,MSCB20_58,0.0
MSCB20,MSCB20_58_2,MSCB20_58_2,1.0
MSCB21,MSCB21_104,MSCB21_104,1.0
MSCB21,MSCB21_104,MSCB21_86,0.0
MSCB21,MSCB21_104,MSCB21_89,0.0
MSCB21,MSCB21_104,MSCB21_89_2,0.0
MSCB21,MSCB21_104,MSCB21_95,0.0
MSCB21,MSCB21_104,MSCB21_98,0.1
MSCB21,MSCB21_86,MSCB21_104,0.0
MSCB21,MSCB21_86,MSCB21_86,1.0
MSCB21,MSCB21_86,MSCB21_89,0.5
MSCB21,MSCB21_86,MSCB21_89_2,0.0
MSCB21,MSCB21_86,MSCB21_95,0.0
MSCB21,MSCB21_86,MSCB21_98,0.0
MSCB21,MSCB21_89,MSCB21_104,0.0
MSCB21,MSCB21_89,MSCB21_86,0.1
MSCB21,MSCB21_89,MSCB21_89,1.0
MSCB21,MSCB21_89,MSCB21_89_2,0.0
MSCB21,MSCB21_89,MSCB21_95,0.0
MSCB21,MSCB21_89,MSCB21_98,0.0
MSCB21,MSCB21_89_2,MSCB21_104,0.0
MSCB21,MSCB21_89_2,MSCB21_86,0.0
MSCB21,MSCB21_89_2,MSCB21_89,0.0
MSCB21,MSCB21_89_2,MSCB21_89_2,1.0
MSCB21,MSCB21_89_2,MSCB21_95,0.0
MSCB21,MSCB21_89_2,MSCB21_98,0.0
MSCB21,MSCB21_95,MSCB21_104,0.0
MSCB21,MSCB21_95,MSCB21_86,0.0
MSCB21,MSCB21_95,MSCB21_89,0.0
MSCB21,MSCB21_95,MSCB21_89_2,0.0
MSCB21,MSCB21_95,MSCB21_95,1.0
MSCB21,MSCB21_95,MSCB21_98,0.5
MSCB21,MSCB21_98,MSCB21_104,0.1
MSCB21,MSCB21_98,MSCB21_86,0.0
MSCB21,MSCB21_98,MSCB21_89,0.0
MSCB21,MSCB21_98,MSCB21_89_2,0.0
MSCB21,MSCB21_98,MSCB21_95,0.1
MSCB21,MSCB21_98,MSCB21_98,1.0
MSCB22,MSCB22_76,MSCB22_76,1.0
MSCB22,MSCB22_76,MSCB22_76_2,0.0
MSCB22,MSCB22_76,MSCB22_79,0.0
MSCB22,MSCB22_76_2,MSCB22_76,0.0
MSCB22,MSCB22_76_2,MSCB22_76_2,1.0
MSCB22,MSCB22_76_2,MSCB22_79,0.5
MSCB22,MSCB22_79,MSCB22_76,0.0
MSCB22,MSCB22_79,MSCB22_76_2,0.1
MSCB22,MSCB22_79,MSCB22_79,1.0
MSCB23,MSCB23_102,MSCB23_102,1.0
MSCB23,MSCB23_102,MSCB23_50,0.0
MSCB23,MSCB23_102,MSCB23_51,0.0
MSCB23,MSCB23_50,MSCB23_102,0.0
MSCB23,MSCB23_50,MSCB23_50,1.0
MSCB23,MSCB23_50,MSCB23_51,0.0
MSCB23,MSCB23_51,MSCB23_102,0.0
MSCB23,MSCB23_51,MSCB23_50,0.0
MSCB23,MSCB23_51,MSCB23_51,1.0
MSCB24,MSCB24_101,MSCB24_101,1.0
MSCB24,MSCB24_101,MSCB24_101_2,0.0
MSCB24,MSCB24_101,MSCB24_101_3,0.0
MSCB24,MSCB24_101,MSCB24_95,0.0
MSCB24,MSCB24_101,MSCB24_95_2,0.0
MSCB24,MSCB24_101,MSCB24_95_3,0.0
MSCB24,MSCB24_101,MSCB24_98,0.0
MSCB24,MSCB24_101,MSCB24_98_2,0.0
MSCB24,MSCB24_101,MSCB24_98_3,0.0
MSCB24,MSCB24_101,MSCB24_98_4,0.0
MSCB24,MSCB24_101_2,MSCB24_101,0.0
MSCB24,MSCB24_101_2,MSCB24_101_2,1.0
MSCB24,MSCB24_101_2,MSCB24_101_3,0.0
MSCB24,MSCB24_101_2,MSCB24_95,0.0
MSCB24,MSCB24_101_2,MSCB24_95_2,0.0
MSCB24,MSCB24_101_2,MSCB24_95_3,0.0
MSCB24,MSCB24_101_2,MSCB24_98,0.0
MSCB24,MSCB24_101_2,MSCB24_98_2,0.0
MSCB24,MSCB24_101_2,MSCB24_98_3,0.0
MSCB24,MSCB24_101_2,MSCB24_98_4,0.0
MSCB24,MSCB24_101_3,MSCB24_101,0.0
MSCB24,MSCB24_101_3,MSCB24_101_2,0.0
MSCB24,MSCB24_101_3,MSCB24_101_3,1.0
MSCB24,MSCB24_101_3,MSCB24_95,0.0
MSCB24,MSCB24_101_3,MSCB24_95_2,0.0
MSCB24,MSCB24_101_3,MSCB24_95_3,0.0
MSCB24,MSCB24_101_3,MSCB24_98,0.0
MSCB24,MSCB24_101_3,MSCB24_98_2,0.1
MSCB24,MSCB24_101_3,MSCB24_98_3,0.0
MSCB24,MSCB24_101_3,MSCB24_98_4,0.0
MSCB24,MSCB24_95,MSCB24_101,0.0
MSCB24,MSCB24_95,MSCB24_101_2,0.0
MSCB24,MSCB24_95,MSCB24_101_3,0.0
MSCB24,MSCB24_95,MSCB24_95,1.0
MSCB24,MSCB24_95,MSCB24_95_2,0.0
MSCB24,MSCB24_95,MSCB24_95_3,0.0
MSCB24,MSCB24_95,MSCB24_98,0.0
MSCB24,MSCB24_95,MSCB24_98_2,0.0
MSCB24,MSCB24_95,MSCB24_98_3,0.0
MSCB24,MSCB24_95,MSCB24_98_4,0.0
MSCB24,MSCB24_95_2,MSCB24_101,0.0
MSCB24,MSCB24_95_2,MSCB24_101_2,0.0
MSCB24,MSCB24_95_2,MSCB24_101_3,0.0
MSCB24,MSCB24_95_2,MSCB24_95,0.0
MSCB24,MSCB24_95_2,MSCB24_95_2,1.0
MSCB24,MSCB24_95_2,MSCB24_95_3,0.0
MSCB24,MSCB24_95_2,MSCB24_98,0.0
MSCB24,MSCB24_95_2,MSCB24_98_2,0.0
MSCB24,MSCB24_95_2,MSCB24_98_3,0.0
MSCB24,MSCB24_95_2,MSCB24_98_4,0.0
MSCB24,MSCB24_95_3,MSCB24_101,0.0
MSCB24,MSCB24_95_3,MSCB24_101_2,0.0
MSCB24,MSCB24_95_3,MSCB24_101_3,0.0
MSCB24,MSCB24_95_3,MSCB24_95,0.0
MSCB24,MSCB24_95_3,MSCB24_95_2,0.0
MSCB24,MSCB24_95_3,MSCB24_95_3,1.0
MSCB24,MSCB24_95_3,MSCB24_98,0.0
MSCB24,MSCB24_95_3,MSCB24_98_2,0.0
MSCB24,MSCB24_95_3,MSCB24_98_3,0.5
MSCB24,MSCB24_95_3,MSCB24_98_4,0.0
MSCB24,MSCB24_98,MSCB24_101,0.0
MSCB24,MSCB24_98,MSCB24_101_2,0.0
MSCB24,MSCB24_98,MSCB24_101_3,0.0
MSCB24,MSCB24_98,MSCB24_95,0.0
MSCB24,MSCB24_98,MSCB24_95_2,0.0
MSCB24,MSCB24_98,MSCB24_95_3,0.0
MSCB24,MSCB24_98,MSCB24_98,1.0
MSCB24,MSCB24_98,MSCB24_98_2,0.0
MSCB24,MSCB24_98,MSCB24_98_3,0.0
MSCB24,MSCB24_98,MSCB24_98_4,0.0
MSCB24,MSCB24_98_2,MSCB24_101,0.0
MSCB24,MSCB24_98_2,MSCB24_101_2,0.0
MSCB24,MSCB24_98_2,MSCB24_101_3,0.5
MSCB24,MSCB24_98_2,MSCB24_95,0.0
MSCB24,MSCB24_98_2,MSCB24_95_2,0.0
MSCB24,MSCB24_98_2,MSCB24_95_3,0.0
MSCB24,MSCB24_98_2,MSCB24_98,0.0
MSCB24,MSCB24_98_2,MSCB24_98_2,1.0
MSCB24,MSCB24_98_2,MSCB24_98_3,0.0
MSCB24,MSCB24_98_2,MSCB24_98_4,0.0
MSCB24,MSCB24_98_3,MSCB24_101,0.0
MSCB24,MSCB24_98_3,MSCB24_101_2,0.0
MSCB24,MSCB24_98_3,MSCB24_101_3,0.0
MSCB24,MSCB24_98_3,MSCB24_95,0.0
MSCB24,MSCB24_98_3,MSCB24_95_2,0.0
MSCB24,MSCB24_98_3,MSCB24_95_3,0.1
MSCB24,MSCB24_98_3,MSCB24_98,0.0
MSCB24,MSCB24_98_3,MSCB24_98_2,0.0
MSCB24,MSCB24_98_3,MSCB24_98_3,1.0
MSCB24,MSCB24_98_3,MSCB24_98_4,0.0
MSCB24,MSCB24_98_4,MSCB24_101,0.0
MSCB24,MSCB24_98_4,MSCB24_101_2,0.0
MSCB24,MSCB24_98_4,MSCB24_101_3,0.0
MSCB24,MSCB24_98_4,MSCB24_95,0.0
MSCB24,MSCB24_98_4,MSCB24_95_2,0.0
MSCB24,MSCB24_98_4,MSCB24_95_3,0.0
MSCB24,MSCB24_98_4,MSCB24_98,0.0
MSCB24,MSCB24_98_4,MSCB24_98_2,0.0
MSCB24,MSCB24_98_4,MSCB24_98_3,0.0
MSCB24,MSCB24_98_4,MSCB24_98_4,1.0
MSCB25,MSCB25_47,MSCB25_47,1.0
MSCB25,MSCB25_47,MSCB25_59,0.0
MSCB25,MSCB25_47,MSCB25_62,0.0
MSCB25,MSCB25_59,MSCB25_47,0.0
MSCB25,MSCB25_59,MSCB25_59,1.0
MSCB25,MSCB25_59,MSCB25_62,0.5
MSCB25,MSCB25_62,MSCB25_47,0.0
MSCB25,MSCB25_62,MSCB25_59,0.1
MSCB25,MSCB25_62,MSCB25_62,1.0
MSCB26,MSCB26_71,MSCB26_71,1.0
MSCB26,MSCB26_71,MSCB26_71_2,0.0
MSCB26,MSCB26_71,MSCB26_71_3,0.0
MSCB26,MSCB26_71,MSCB26_71_4,0.0
MSCB26,MSCB26_71,MSCB26_71_5,0.0
MSCB26,MSCB26_71,MSCB26_74,0.0
MSCB26,MSCB26_71,MSCB26_9,0.0
MSCB26,MSCB26_71_2,MSCB26_71,0.0
MSCB26,MSCB26_71_2,MSCB26_71_2,1.0
MSCB26,MSCB26_71_2,MSCB26_71_3,0.0
MSCB26,MSCB26_71_2,MSCB26_71_4,0.0
MSCB26,MSCB26_71_2,MSCB26_71_5,0.0
MSCB26,MSCB26_71_2,MSCB26_74,0.0
MSCB26,MSCB26_71_2,MSCB26_9,0.0
MSCB26,MSCB26_71_3,MSCB26_71,0.0
MSCB26,MSCB26_71_3,MSCB26_71_2,0.0
MSCB26,MSCB26_71_3,MSCB26_71_3,1.0
MSCB26,MSCB26_71_3,MSCB26_71_4,0.0
MSCB26,MSCB26_71_3,MSCB26_71_5,0.0
MSCB26,MSCB26_71_3,MSCB26_74,0.0
MSCB26,MSCB26_71_3,MSCB26_9,0.0
MSCB26,MSCB26_71_4,MSCB26_71,0.0
MSCB26,MSCB26_71_4,MSCB26_71_2,0.0
MSCB26,MSCB26_71_4,MSCB26_71_3,0.0
MSCB26,MSCB26_71_4,MSCB26_71_4,1.0
MSCB26,MSCB26_71_4,MSCB26_71_5,0.0
MSCB26,MSCB26_71_4,MSCB26_74,0.5
MSCB26,MSCB26_71_4,MSCB26_9,0.0
MSCB26,MSCB26_71_5,MSCB26_71,0.0
MSCB26,MSCB26_71_5,MSCB26_71_2,0.0
MSCB26,MSCB26_71_5,MSCB26_71_3,0.0
MSCB26,MSCB26_71_5,MSCB26_71_4,0.0
MSCB26,MSCB26_71_5,MSCB26_71_5,1.0
MSCB26,MSCB26_71_5,MSCB26_74,0.0
MSCB26,MSCB26_71_5,MSCB26_9,0.0
MSCB26,MSCB26_74,MSCB26_71,0.0
MSCB26,MSCB26_74,MSCB26_71_2,0.0
MSCB26,MSCB26_74,MSCB26_71_3,0.0
MSCB26,MSCB26_74,MSCB26_71_4,0.1
MSCB26,MSCB26_74,MSCB26_71_5,0.0
MSCB26,MSCB26_74,MSCB26_74,1.0
MSCB26,MSCB26_74,MSCB26_9,0.0
MSCB26,MSCB26_9,MSCB26_71,0.0
MSCB26,MSCB26_9,MSCB26_71_2,0.0
MSCB26,MSCB26_9,MSCB26_71_3,0.0
MSCB26,MSCB26_9,MSCB26_71_4,0.0
MSCB26,MSCB26_9,MSCB26_71_5,0.0
MSCB26,MSCB26_9,MSCB26_74,0.0
MSCB26,MSCB26_9,MSCB26_9,1.0
MSCB27,MSCB27_46,MSCB27_46,1.0
MSCB27,MSCB27_46,MSCB27_46_2,0.0
MSCB27,MSCB27_46,MSCB27_48,0.0
MSCB27,MSCB27_46,MSCB27_48_2,0.0
MSCB27,MSCB27_46,MSCB27_50,0.0
MSCB27,MSCB27_46,MSCB27_52,0.0
MSCB27,MSCB27_46,MSCB27_54,0.0
MSCB27,MSCB27_46,MSCB27_56,0.0
MSCB27,MSCB27_46_2,MSCB27_46,0.0
MSCB27,MSCB27_46_2,MSCB27_46_2,1.0
MSCB27,MSCB27_46_2,MSCB27_48,0.0
MSCB27,MSCB27_46_2,MSCB27_48_2,0.0
MSCB27,MSCB27_46_2,MSCB27_50,0.0
MSCB27,MSCB27_46_2,MSCB27_52,0.0
MSCB27,MSCB27_46_2,MSCB27_54,0.0
MSCB27,MSCB27_46_2,MSCB27_56,0.0
MSCB27,MSCB27_48,MSCB27_46,0.0
MSCB27,MSCB27_48,MSCB27_46_2,0.0
MSCB27,MSCB27_48,MSCB27_48,1.0
MSCB27,MSCB27_48,MSCB27_48_2,0.0
MSCB27,MSCB27_48,MSCB27_50,0.5
MSCB27,MSCB27_48,MSCB27_52,0.1
MSCB27,MSCB27_48,MSCB27_54,0.0
MSCB27,MSCB27_48,MSCB27_56,0.0
MSCB27,MSCB27_48_2,MSCB27_46,0.0
MSCB27,MSCB27_48_2,MSCB27_46_2,0.0
MSCB27,MSCB27_48_2,MSCB27_48,0.0
MSCB27,MSCB27_48_2,MSCB27_48_2,1.0
MSCB27,MSCB27_48_2,MSCB27_50,0.0
MSCB27,MSCB27_48_2,MSCB27_52,0.0
MSCB27,MSCB27_48_2,MSCB27_54,0.0
MSCB27,MSCB27_48_2,MSCB27_56,0.0
MSCB27,MSCB27_50,MSCB27_46,0.0
MSCB27,MSCB27_50,MSCB27_46_2,0.0
MSCB27,MSCB27_50,MSCB27_48,0.1
MSCB27,MSCB27_50,MSCB27_48_2,0.0
MSCB27,MSCB27_50,MSCB27_50,1.0
MSCB27,MSCB27_50,MSCB27_52,0.5
MSCB27,MSCB27_50,MSCB27_54,0.1
MSCB27,MSCB27_50,MSCB27_56,0.0
MSCB27,MSCB27_52,MSCB27_46,0.0
MSCB27,MSCB27_52,MSCB27_46_2,0.0
MSCB27,MSCB27_52,MSCB27_48,0.1
MSCB27,MSCB27_52,MSCB27_48_2,0.0
MSCB27,MSCB27_52,MSCB27_50,0.1
MSCB27,MSCB27_52,MSCB27_52,1.0
MSCB27,MSCB27_52,MSCB27_54,0.5
MSCB27,MSCB27_52,MSCB27_56,0.1
MSCB27,MSCB27_54,MSCB27_46,0.0
MSCB27,MSCB27_54,MSCB27_46_2,0.0
MSCB27,MSCB27_54,MSCB27_48,0.0
MSCB27,MSCB27_54,MSCB27_48_2,0.0
MSCB27,MSCB27_54,MSCB27_50,0.1
MSCB27,MSCB27_54,MSCB27_52,0.1
MSCB27,MSCB27_54,MSCB27_54,1.0
MSCB27,MSCB27_54,MSCB27_56,0.5
MSCB27,MSCB27_56,MSCB27_46,0.0
MSCB27,MSCB27_56,MSCB27_46_2,0.0
MSCB27,MSCB27_56,MSCB27_48,0.0
MSCB27,MSCB27_56,MSCB27_48_2,0.0
MSCB27,MSCB27_56,MSCB27_50,0.0
MSCB27,MSCB27_56,MSCB27_52,0.1
MSCB27,MSCB27_56,MSCB27_54,0.1
MSCB27,MSCB27_56,MSCB27_56,1.0
MSCB28,MSCB28_84,MSCB28_84,1.0
MSCB28,MSCB28_84,MSCB28_84_2,0.0
MSCB28,MSCB28_84,MSCB28_86,0.0
MSCB28,MSCB28_84,MSCB28_86_2,0.0
MSCB28,MSCB28_84,MSCB28_88,0.0
MSCB28,MSCB28_84,MSCB28_88_2,0.0
MSCB28,MSCB28_84,MSCB28_88_3,0.0
MSCB28,MSCB28_84,MSCB28_88_4,0.0
MSCB28,MSCB28_84,MSCB28_89,0.0
MSCB28,MSCB28_84,MSCB28_90,0.0
MSCB28,MSCB28_84,MSCB28_90_2,0.0
MSCB28,MSCB28_84,MSCB28_94,0.0
MSCB28,MSCB28_84,MSCB28_94_2,0.0
MSCB28,MSCB28_84_2,MSCB28_84,0.0
MSCB28,MSCB28_84_2,MSCB28_84_2,1.0
MSCB28,MSCB28_84_2,MSCB28_86,0.0
MSCB28,MSCB28_84_2,MSCB28_86_2,0.5
MSCB28,MSCB28_84_2,MSCB28_88,0.0
MSCB28,MSCB28_84_2,MSCB28_88_2,0.0
MSCB28,MSCB28_84_2,MSCB28_88_3,0.0
MSCB28,MSCB28_84_2,MSCB28_88_4,0.1
MSCB28,MSCB28_84_2,MSCB28_89,0.0
MSCB28,MSCB28_84_2,MSCB28_90,0.0
MSCB28,MSCB28_84_2,MSCB28_90_2,0.0
MSCB28,MSCB28_84_2,MSCB28_94,0.0
MSCB28,MSCB28_84_2,MSCB28_94_2,0.0
MSCB28,MSCB28_86,MSCB28_84,0.0
MSCB28,MSCB28_86,MSCB28_84_2,0.0
MSCB28,MSCB28_86,MSCB28_86,1.0
MSCB28,MSCB28_86,MSCB28_86_2,0.0
MSCB28,MSCB28_86,MSCB28_88,0.0
MSCB28,MSCB28_86,MSCB28_88_2,0.0
MSCB28,MSCB28_86,MSCB28_88_3,0.0
MSCB28,MSCB28_86,MSCB28_88_4,0.0
MSCB28,MSCB28_86,MSCB28_89,0.0
MSCB28,MSCB28_86,MSCB28_90,0.0
MSCB28,MSCB28_86,MSCB28_90_2,0.0
MSCB28,MSCB28_86,MSCB28_94,0.0
MSCB28,MSCB28_86,MSCB28_94_2,0.0
MSCB28,MSCB28_86_2,MSCB28_84,0.0
MSCB28,MSCB28_86_2,MSCB28_84_2,0.1
MSCB28,MSCB28_86_2,MSCB28_86,0.0
MSCB28,MSCB28_86_2,MSCB28_86_2,1.0
MSCB28,MSCB28_86_2,MSCB28_88,0.0
MSCB28,MSCB28_86_2,MSCB28_88_2,0.0
MSCB28,MSCB28_86_2,MSCB28_88_3,0.0
MSCB28,MSCB28_86_2,MSCB28_88_4,0.5
MSCB28,MSCB28_86_2,MSCB28_89,0.0
MSCB28,MSCB28_86_2,MSCB28_90,0.0
MSCB28,MSCB28_86_2,MSCB28_90_2,0.0
MSCB28,MSCB28_86_2,MSCB28_94,0.0
MSCB28,MSCB28_86_2,MSCB28_94_2,0.0
MSCB28,MSCB28_88,MSCB28_84,0.0
MSCB28,MSCB28_88,MSCB28_84_2,0.0
MSCB28,MSCB28_88,MSCB28_86,0.0
MSCB28,MSCB28_88,MSCB28_86_2,0.0
MSCB28,MSCB28_88,MSCB28_88,1.0
MSCB28,MSCB28_88,MSCB28_88_2,0.0
MSCB28,MSCB28_88,MSCB28_88_3,0.0
MSCB28,MSCB28_88,MSCB28_88_4,0.0
MSCB28,MSCB28_88,MSCB28_89,0.0
MSCB28,MSCB28_88,MSCB28_90,0.5
MSCB28,MSCB28_88,MSCB28_90_2,0.0
MSCB28,MSCB28_88,MSCB28_94,0.0
MSCB28,MSCB28_88,MSCB28_94_2,0.0
MSCB28,MSCB28_88_2,MSCB28_84,0.0
MSCB28,MSCB28_88_2,MSCB28_84_2,0.0
MSCB28,MSCB28_88_2,MSCB28_86,0.0
MSCB28,MSCB28_88_2,MSCB28_86_2,0.0
MSCB28,MSCB28_88_2,MSCB28_88,0.0
MSCB28,MSCB28_88_2,MSCB28_88_2,1.0
MSCB28,MSCB28_88_2,MSCB28_88_3,0.0
MSCB28,MSCB28_88_2,MSCB28_88_4,0.0
MSCB28,MSCB28_88_2,MSCB28_89,0.0
MSCB28,MSCB28_88_2,MSCB28_90,0.0
MSCB28,MSCB28_88_2,MSCB28_90_2,0.0
MSCB28,MSCB28_88_2,MSCB28_94,0.0
MSCB28,MSCB28_88_2,MSCB28_94_2,0.0
MSCB28,MSCB28_88_3,MSCB28_84,0.0
MSCB28,MSCB28_88_3,MSCB28_84_2,0.0
MSCB28,MSCB28_88_3,MSCB28_86,0.0
MSCB28,MSCB28_88_3,MSCB28_86_2,0.0
MSCB28,MSCB28_88_3,MSCB28_88,0.0
MSCB28,MSCB28_88_3,MSCB28_88_2,0.0
MSCB28,MSCB28_88_3,MSCB28_88_3,1.0
MSCB28,MSCB28_88_3,MSCB28_88_4,0.0
MSCB28,MSCB28_88_3,MSCB28_89,0.0
MSCB28,MSCB28_88_3,MSCB28_90,0.0
MSCB28,MSCB28_88_3,MSCB28_90_2,0.0
MSCB28,MSCB28_88_3,MSCB28_94,0.0
MSCB28,MSCB28_88_3,MSCB28_94_2,0.0
MSCB28,MSCB28_88_4,MSCB28_84,0.0
MSCB28,MSCB28_88_4,MSCB28_84_2,0.1
MSCB28,MSCB28_88_4,MSCB28_86,0.0
MSCB28,MSCB28_88_4,MSCB28_86_2,0.1
MSCB28,MSCB28_88_4,MSCB28_88,0.0
MSCB28,MSCB28_88_4,MSCB28_88_2,0.0
MSCB28,MSCB28_88_4,MSCB28_88_3,0.0
MSCB28,MSCB28_88_4,MSCB28_88_4,1.0
MSCB28,MSCB28_88_4,MSCB28_89,0.0
MSCB28,MSCB28_88_4,MSCB28_90,0.0
MSCB28,MSCB28_88_4,MSCB28_90_2,0.0
MSCB28,MSCB28_88_4,MSCB28_94,0.0
MSCB28,MSCB28_88_4,MSCB28_94_2,0.0
MSCB28,MSCB28_89,MSCB28_84,0.0
MSCB28,MSCB28_89,MSCB28_84_2,0.0
MSCB28,MSCB28_89,MSCB28_86,0.0
MSCB28,MSCB28_89,MSCB28_86_2,0.0
MSCB28,MSCB28_89,MSCB28_88,0.0
MSCB28,MSCB28_89,MSCB28_88_2,0.0
MSCB28,MSCB28_89,MSCB28_88_3,0.0
MSCB28,MSCB28_89,MSCB28_88_4,0.0
MSCB28,MSCB28_89,MSCB28_89,1.0
MSCB28,MSCB28_89,MSCB28_90,0.0
MSCB28,MSCB28_89,MSCB28_90_2,0.0
MSCB28,MSCB28_89,MSCB28_94,0.0
MSCB28,MSCB28_89,MSCB28_94_2,0.0
MSCB28,MSCB28_90,MSCB28_84,0.0
MSCB28,MSCB28_90,MSCB28_84_2,0.0
MSCB28,MSCB28_90,MSCB28_86,0.0
MSCB28,MSCB28_90,MSCB28_86_2,0.0
MSCB28,MSCB28_90,MSCB28_88,0.1
MSCB28,MSCB28_90,MSCB28_88_2,0.0
MSCB28,MSCB28_90,MSCB28_88_3,0.0
MSCB28,MSCB28_90,MSCB28_88_4,0.0
MSCB28,MSCB28_90,MSCB28_89,0.0
MSCB28,MSCB28_90,MSCB28_90,1.0
MSCB28,MSCB28_90,MSCB28_90_2,0.0
MSCB28,MSCB28_90,MSCB28_94,0.0
MSCB28,MSCB28_90,MSCB28_94_2,0.0
MSCB28,MSCB28_90_2,MSCB28_84,0.0
MSCB28,MSCB28_90_2,MSCB28_84_2,0.0
MSCB28,MSCB28_90_2,MSCB28_86,0.0
MSCB28,MSCB28_90_2,MSCB28_86_2,0.0
MSCB28,MSCB28_90_2,MSCB28_88,0.0
MSCB28,MSCB28_90_2,MSCB28_88_2,0.0
MSCB28,MSCB28_90_2,MSCB28_88_3,0.0
MSCB28,MSCB28_90_2,MSCB28_88_4,0.0
MSCB28,MSCB28_90_2,MSCB28_89,0.0
MSCB28,MSCB28_90_2,MSCB28_90,0.0
MSCB28,MSCB28_90_2,MSCB28_90_2,1.0
MSCB28,MSCB28_90_2,MSCB28_94,0.1
MSCB28,MSCB28_90_2,MSCB28_94_2,0.0
MSCB28,MSCB28_94,MSCB28_84,0.0
MSCB28,MSCB28_94,MSCB28_84_2,0.0
MSCB28,MSCB28_94,MSCB28_86,0.0
MSCB28,MSCB28_94,MSCB28_86_2,0.0
MSCB28,MSCB28_94,MSCB28_88,0.0
MSCB28,MSCB28_94,MSCB28_88_2,0.0
MSCB28,MSCB28_94,MSCB28_88_3,0.0
MSCB28,MSCB28_94,MSCB28_88_4,0.0
MSCB28,MSCB28_94,MSCB28_89,0.0
MSCB28,MSCB28_94,MSCB28_90,0.0
MSCB28,MSCB28_94,MSCB28_90_2,0.1
MSCB28,MSCB28_94,MSCB28_94,1.0
MSCB28,MSCB28_94,MSCB28_94_2,0.0
MSCB28,MSCB28_94_2,MSCB28_84,0.0
MSCB28,MSCB28_94_2,MSCB28_84_2,0.0
MSCB28,MSCB28_94_2,MSCB28_86,0.0
MSCB28,MSCB28_94_2,MSCB28_86_2,0.0
MSCB28,MSCB28_94_2,MSCB28_88,0.0
MSCB28,MSCB28_94_2,MSCB28_88_2,0.0
MSCB28,MSCB28_94_2,MSCB28_88_3,0.0
MSCB28,MSCB28_94_2,MSCB28_88_4,0.0
MSCB28,MSCB28_94_2,MSCB28_89,0.0
MSCB28,MSCB28_94_2,MSCB28_90,0.0
MSCB28,MSCB28_94_2,MSCB28_90_2,0.0
MSCB28,MSCB28_94_2,MSCB28_94,0.0
MSCB28,MSCB28_94_2,MSCB28_94_2,1.0
MSCB30,MSCB30_2,MSCB30_2,1.0
MSCB30,MSCB30_2,MSCB30_4,0.0
MSCB30,MSCB30_2,MSCB30_52,0.0
MSCB30,MSCB30_2,MSCB30_6,0.0
MSCB30,MSCB30_4,MSCB30_2,0.0
MSCB30,MSCB30_4,MSCB30_4,1.0
MSCB30,MSCB30_4,MSCB30_52,0.0
MSCB30,MSCB30_4,MSCB30_6,0.0
MSCB30,MSCB30_52,MSCB30_2,0.0
MSCB30,MSCB30_52,MSCB30_4,0.0
MSCB30,MSCB30_52,MSCB30_52,1.0
MSCB30,MSCB30_52,MSCB30_6,0.0
MSCB30,MSCB30_6,MSCB30_2,0.0
MSCB30,MSCB30_6,MSCB30_4,0.0
MSCB30,MSCB30_6,MSCB30_52,0.0
MSCB30,MSCB30_6,MSCB30_6,1.0
MSCB31,MSCB31_18,MSCB31_18,1.0
MSCB31,MSCB31_18,MSCB31_24,0.0
MSCB31,MSCB31_18,MSCB31_3,0.0
MSCB31,MSCB31_18,MSCB31_54,0.0
MSCB31,MSCB31_18,MSCB31_56,0.0
MSCB31,MSCB31_18,MSCB31_7,0.0
MSCB31,MSCB31_24,MSCB31_18,0.0
MSCB31,MSCB31_24,MSCB31_24,1.0
MSCB31,MSCB31_24,MSCB31_3,0.0
MSCB31,MSCB31_24,MSCB31_54,0.0
MSCB31,MSCB31_24,MSCB31_56,0.0
MSCB31,MSCB31_24,MSCB31_7,0.0
MSCB31,MSCB31_3,MSCB31_18,0.0
MSCB31,MSCB31_3,MSCB31_24,0.0
MSCB31,MSCB31_3,MSCB31_3,1.0
MSCB31,MSCB31_3,MSCB31_54,0.0
MSCB31,MSCB31_3,MSCB31_56,0.0
MSCB31,MSCB31_3,MSCB31_7,0.0
MSCB31,MSCB31_54,MSCB31_18,0.0
MSCB31,MSCB31_54,MSCB31_24,0.0
MSCB31,MSCB31_54,MSCB31_3,0.0
MSCB31,MSCB31_54,MSCB31_54,1.0
MSCB31,MSCB31_54,MSCB31_56,0.5
MSCB31,MSCB31_54,MSCB31_7,0.0
MSCB31,MSCB31_56,MSCB31_18,0.0
MSCB31,MSCB31_56,MSCB31_24,0.0
MSCB31,MSCB31_56,MSCB31_3,0.0
MSCB31,MSCB31_56,MSCB31_54,0.1
MSCB31,MSCB31_56,MSCB31_56,1.0
MSCB31,MSCB31_56,MSCB31_7,0.0
MSCB31,MSCB31_7,MSCB31_18,0.0
MSCB31,MSCB31_7,MSCB31_24,0.0
MSCB31,MSCB31_7,MSCB31_3,0.0
MSCB31,MSCB31_7,MSCB31_54,0.0
MSCB31,MSCB31_7,MSCB31_56,0.0
MSCB31,MSCB31_7,MSCB31_7,1.0
MSCB32,MSCB32_95,MSCB32_95,1.0
MSCB32,MSCB32_95,MSCB32_95_2,0.0
MSCB32,MSCB32_95,MSCB32_97,0.0
MSCB32,MSCB32_95_2,MSCB32_95,0.0
MSCB32,MSCB32_95_2,MSCB32_95_2,1.0
MSCB32,MSCB32_95_2,MSCB32_97,0.5
MSCB32,MSCB32_97,MSCB32_95,0.0
MSCB32,MSCB32_97,MSCB32_95_2,0.1
MSCB32,MSCB32_97,MSCB32_97,1.0
MSCB33,MSCB33_43,MSCB33_43,1.0
MSCB34,MSCB34_50,MSCB34_50,1.0
MSCB34,MSCB34_50,MSCB34_50_2,0.0
MSCB34,MSCB34_50,MSCB34_53,0.0
MSCB34,MSCB34_50,MSCB34_56,0.0
MSCB34,MSCB34_50_2,MSCB34_50,0.0
MSCB34,MSCB34_50_2,MSCB34_50_2,1.0
MSCB34,MSCB34_50_2,MSCB34_53,0.5
MSCB34,MSCB34_50_2,MSCB34_56,0.1
MSCB34,MSCB34_53,MSCB34_50,0.0
MSCB34,MSCB34_53,MSCB34_50_2,0.1
MSCB34,MSCB34_53,MSCB34_53,1.0
MSCB34,MSCB34_53,MSCB34_56,0.5
MSCB34,MSCB34_56,MSCB34_50,0.0
MSCB34,MSCB34_56,MSCB34_50_2,0.1
MSCB34,MSCB34_56,MSCB34_53,0.1
MSCB34,MSCB34_56,MSCB34_56,1.0
MSCB36,MSCB36_3,MSCB36_3,1.0
MSCB36,MSCB36_3,MSCB36_81,0.0
MSCB36,MSCB36_3,MSCB36_81_2,0.0
MSCB36,MSCB36_3,MSCB36_81_3,0.0
MSCB36,MSCB36_3,MSCB36_81_4,0.0
MSCB36,MSCB36_3,MSCB36_81_5,0.0
MSCB36,MSCB36_3,MSCB36_83,0.0
MSCB36,MSCB36_81,MSCB36_3,0.0
MSCB36,MSCB36_81,MSCB36_81,1.0
MSCB36,MSCB36_81,MSCB36_81_2,0.0
MSCB36,MSCB36_81,MSCB36_81_3,0.0
MSCB36,MSCB36_81,MSCB36_81_4,0.0
MSCB36,MSCB36_81,MSCB36_81_5,0.0
MSCB36,MSCB36_81,MSCB36_83,0.0
MSCB36,MSCB36_81_2,MSCB36_3,0.0
MSCB36,MSCB36_81_2,MSCB36_81,0.0
MSCB36,MSCB36_81_2,MSCB36_81_2,1.0
MSCB36,MSCB36_81_2,MSCB36_81_3,0.0
MSCB36,MSCB36_81_2,MSCB36_81_4,0.0
MSCB36,MSCB36_81_2,MSCB36_81_5,0.0
MSCB36,MSCB36_81_2,MSCB36_83,0.0
MSCB36,MSCB36_81_3,MSCB36_3,0.0
MSCB36,MSCB36_81_3,MSCB36_81,0.0
MSCB36,MSCB36_81_3,MSCB36_81_2,0.0
MSCB36,MSCB36_81_3,MSCB36_81_3,1.0
MSCB36,MSCB36_81_3,MSCB36_81_4,0.0
MSCB36,MSCB36_81_3,MSCB36_81_5,0.0
MSCB36,MSCB36_81_3,MSCB36_83,0.0
MSCB36,MSCB36_81_4,MSCB36_3,0.0
MSCB36,MSCB36_81_4,MSCB36_81,0.0
MSCB36,MSCB36_81_4,MSCB36_81_2,0.0
MSCB36,MSCB36_81_4,MSCB36_81_3,0.0
MSCB36,MSCB36_81_4,MSCB36_81_4,1.0
MSCB36,MSCB36_81_4,MSCB36_81_5,0.0
MSCB36,MSCB36_81_4,MSCB36_83,0.0
MSCB36,MSCB36_81_5,MSCB36_3,0.0
MSCB36,MSCB36_81_5,MSCB36_81,0.0
MSCB36,MSCB36_81_5,MSCB36_81_2,0.0
MSCB36,MSCB36_81_5,MSCB36_81_3,0.0
MSCB36,MSCB36_81_5,MSCB36_81_4,0.0
MSCB36,MSCB36_81_5,MSCB36_81_5,1.0
MSCB36,MSCB36_81_5,MSCB36_83,0.0
MSCB36,MSCB36_83,MSCB36_3,0.0
MSCB36,MSCB36_83,MSCB36_81,0.0
MSCB36,MSCB36_83,MSCB36_81_2,0.0
MSCB36,MSCB36_83,MSCB36_81_3,0.0
MSCB36,MSCB36_83,MSCB36_81_4,0.0
MSCB36,MSCB36_83,MSCB36_81_5,0.0
MSCB36,MSCB36_83,MSCB36_83,1.0
MSCB37,MSCB37_47,MSCB37_47,1.0
MSCB37,MSCB37_47,MSCB37_70,0.0
MSCB37,MSCB37_47,MSCB37_70_2,0.0
MSCB37,MSCB37_47,MSCB37_72,0.0
MSCB37,MSCB37_47,MSCB37_72_2,0.0
MSCB37,MSCB37_47,MSCB37_74,0.0
MSCB37,MSCB37_47,MSCB37_74_2,0.0
MSCB37,MSCB37_47,MSCB37_76,0.0
MSCB37,MSCB37_47,MSCB37_76_2,0.0
MSCB37,MSCB37_70,MSCB37_47,0.0
MSCB37,MSCB37_70,MSCB37_70,1.0
MSCB37,MSCB37_70,MSCB37_70_2,0.0
MSCB37,MSCB37_70,MSCB37_72,0.5
MSCB37,MSCB37_70,MSCB37_72_2,0.0
MSCB37,MSCB37_70,MSCB37_74,0.1
MSCB37,MSCB37_70,MSCB37_74_2,0.0
MSCB37,MSCB37_70,MSCB37_76,0.0
MSCB37,MSCB37_70,MSCB37_76_2,0.0
MSCB37,MSCB37_70_2,MSCB37_47,0.0
MSCB37,MSCB37_70_2,MSCB37_70,0.0
MSCB37,MSCB37_70_2,MSCB37_70_2,1.0
MSCB37,MSCB37_70_2,MSCB37_72,0.0
MSCB37,MSCB37_70_2,MSCB37_72_2,0.5
MSCB37,MSCB37_70_2,MSCB37_74,0.0
MSCB37,MSCB37_70_2,MSCB37_74_2,0.1
MSCB37,MSCB37_70_2,MSCB37_76,0.0
MSCB37,MSCB37_70_2,MSCB37_76_2,0.0
MSCB37,MSCB37_72,MSCB37_47,0.0
MSCB37,MSCB37_72,MSCB37_70,0.1
MSCB37,MSCB37_72,MSCB37_70_2,0.0
MSCB37,MSCB37_72,MSCB37_72,1.0
MSCB37,MSCB37_72,MSCB37_72_2,0.0
MSCB37,MSCB37_72,MSCB37_74,0.5
MSCB37,MSCB37_72,MSCB37_74_2,0.0
MSCB37,MSCB37_72,MSCB37_76,0.1
MSCB37,MSCB37_72,MSCB37_76_2,0.0
MSCB37,MSCB37_72_2,MSCB37_47,0.0
MSCB37,MSCB37_72_2,MSCB37_70,0.0
MSCB37,MSCB37_72_2,MSCB37_70_2,0.1
MSCB37,MSCB37_72_2,MSCB37_72,0.0
MSCB37,MSCB37_72_2,MSCB37_72_2,1.0
MSCB37,MSCB37_72_2,MSCB37_74,0.0
MSCB37,MSCB37_72_2,MSCB37_74_2,0.5
MSCB37,MSCB37_72_2,MSCB37_76,0.0
MSCB37,MSCB37_72_2,MSCB37_76_2,0.1
MSCB37,MSCB37_74,MSCB37_47,0.0
MSCB37,MSCB37_74,MSCB37_70,0.1
MSCB37,MSCB37_74,MSCB37_70_2,0.0
MSCB37,MSCB37_74,MSCB37_72,0.1
MSCB37,MSCB37_74,MSCB37_72_2,0.0
MSCB37,MSCB37_74,MSCB37_74,1.0
MSCB37,MSCB37_74,MSCB37_74_2,0.0
MSCB37,MSCB37_74,MSCB37_76,0.5
MSCB37,MSCB37_74,MSCB37_76_2,0.0
MSCB37,MSCB37_74_2,MSCB37_47,0.0
MSCB37,MSCB37_74_2,MSCB37_70,0.0
MSCB37,MSCB37_74_2,MSCB37_70_2,0.1
MSCB37,MSCB37_74_2,MSCB37_72,0.0
MSCB37,MSCB37_74_2,MSCB37_72_2,0.1
MSCB37,MSCB37_74_2,MSCB37_74,0.0
MSCB37,MSCB37_74_2,MSCB37_74_2,1.0
MSCB37,MSCB37_74_2,MSCB37_76,0.0
MSCB37,MSCB37_74_2,MSCB37_76_2,0.5
MSCB37,MSCB37_76,MSCB37_47,0.0
MSCB37,MSCB37_76,MSCB37_70,0.0
MSCB37,MSCB37_76,MSCB37_70_2,0.0
MSCB37,MSCB37_76,MSCB37_72,0.1
MSCB37,MSCB37_76,MSCB37_72_2,0.0
MSCB37,MSCB37_76,MSCB37_74,0.1
MSCB37,MSCB37_76,MSCB37_74_2,0.0
MSCB37,MSCB37_76,MSCB37_76,1.0
MSCB37,MSCB37_76,MSCB37_76_2,0.0
MSCB37,MSCB37_76_2,MSCB37_47,0.0
MSCB37,MSCB37_76_2,MSCB37_70,0.0
MSCB37,MSCB37_76_2,MSCB37_70_2,0.0
MSCB37,MSCB37_76_2,MSCB37_72,0.0
MSCB37,MSCB37_76_2,MSCB37_72_2,0.1
MSCB37,MSCB37_76_2,MSCB37_74,0.0
MSCB37,MSCB37_76_2,MSCB37_74_2,0.1
MSCB37,MSCB37_76_2,MSCB37_76,0.0
MSCB37,MSCB37_76_2,MSCB37_76_2,1.0
MSCB38,MSCB38_89,MSCB38_89,1.0
MSCB38,MSCB38_89,MSCB38_89_2,0.0
MSCB38,MSCB38_89,MSCB38_91,0.5
MSCB38,MSCB38_89,MSCB38_91_2,0.0
MSCB38,MSCB38_89,MSCB38_91_3,0.0
MSCB38,MSCB38_89_2,MSCB38_89,0.0
MSCB38,MSCB38_89_2,MSCB38_89_2,1.0
MSCB38,MSCB38_89_2,MSCB38_91,0.0
MSCB38,MSCB38_89_2,MSCB38_91_2,0.0
MSCB38,MSCB38_89_2,MSCB38_91_3,0.5
MSCB38,MSCB38_91,MSCB38_89,0.1
MSCB38,MSCB38_91,MSCB38_89_2,0.0
MSCB38,MSCB38_91,MSCB38_91,1.0
MSCB38,MSCB38_91,MSCB38_91_2,0.0
MSCB38,MSCB38_91,MSCB38_91_3,0.0
MSCB38,MSCB38_91_2,MSCB38_89,0.0
MSCB38,MSCB38_91_2,MSCB38_89_2,0.0
MSCB38,MSCB38_91_2,MSCB38_91,0.0
MSCB38,MSCB38_91_2,MSCB38_91_2,1.0
MSCB38,MSCB38_91_2,MSCB38_91_3,0.0
MSCB38,MSCB38_91_3,MSCB38_89,0.0
MSCB38,MSCB38_91_3,MSCB38_89_2,0.1
MSCB38,MSCB38_91_3,MSCB38_91,0.0
MSCB38,MSCB38_91_3,MSCB38_91_2,0.0
MSCB38,MSCB38_91_3,MSCB38_91_3,1.0
