Unnamed: 0,Am-ATC-3_101,Am-ATC-3_102,Am-ATC-3_103,Am-ATC-3_104,Am-ATC-3_105,Am-ATC-3_106,Am-ATC-3_107,Am-ATC-3_108,Am-ATC-3_109,Am-ATC-3_110,Am-ATC-3_111,Am-ATC-3_112,Am-ATC-3_113,Am-ATC-3_114,Am-ATC-3_115,Am-ATC-3_116
Am-ATC-3_101,0.9166666666666666,0.0011210762331838565,0.0011210762331838565,0.0011210762331838565,0.0011210762331838565,0.0011210762331838565,0.0011210762331838565,0.0011210762331838565,0.0011210762331838565,0.0011210762331838565,0.0011210762331838565,0.0011210762331838565,0.0011210762331838565,0.0011210762331838565,0.0011210762331838565,0.0011210762331838565
Am-ATC-3_102,0.0011210762331838565,0.9166666666666666,0.012195121951219514,0.0011210762331838565,0.0011210762331838565,0.0011210762331838565,0.0011210762331838565,0.0011210762331838565,0.0011210762331838565,0.0011210762331838565,0.0011210762331838565,0.0011210762331838565,0.0011210762331838565,0.0011210762331838565,0.0011210762331838565,0.0011210762331838565
Am-ATC-3_103,0.0011210762331838565,0.1,0.9166666666666666,0.012195121951219514,0.0011210762331838565,0.0011210762331838565,0.0011210762331838565,0.0011210762331838565,0.0011210762331838565,0.0011210762331838565,0.0011210762331838565,0.0011210762331838565,0.0011210762331838565,0.0011210762331838565,0.0011210762331838565,0.0011210762331838565
Am-ATC-3_104,0.0011210762331838565,0.0011210762331838565,0.1,0.9166666666666666,0.0011210762331838565,0.0011210762331838565,0.0011210762331838565,0.0011210762331838565,0.0011210762331838565,0.0011210762331838565,0.0011210762331838565,0.0011210762331838565,0.0011210762331838565,0.0011210762331838565,0.0011210762331838565,0.0011210762331838565
Am-ATC-3_105,0.0011210762331838565,0.0011210762331838565,0.0011210762331838565,0.0011210762331838565,0.9166666666666666,0.0011210762331838565,0.0011210762331838565,0.0011210762331838565,0.0011210762331838565,0.0011210762331838565,0.0011210762331838565,0.0011210762331838565,0.0011210762331838565,0.0011210762331838565,0.0011210762331838565,0.0011210762331838565
Am-ATC-3_106,0.0011210762331838565,0.0011210762331838565,0.0011210762331838565,0.0011210762331838565,0.0011210762331838565,0.9166666666666666,0.0011210762331838565,0.0011210762331838565,0.0011210762331838565,0.0011210762331838565,0.0011210762331838565,0.0011210762331838565,0.0011210762331838565,0.0011210762331838565,0.0011210762331838565,0.0011210762331838565
Am-ATC-3_107,0.0011210762331838565,0.0011210762331838565,0.0011210762331838565,0.0011210762331838565,0.0011210762331838565,0.0011210762331838565,0.9166666666666666,0.0011210762331838565,0.0011210762331838565,0.0011210762331838565,0.0011210762331838565,0.0011210762331838565,0.0011210762331838565,0.0011210762331838565,0.0011210762331838565,0.0011210762331838565
Am-ATC-3_108,0.0011210762331838565,0.0011210762331838565,0.0011210762331838565,0.0011210762331838565,0.0011210762331838565,0.0011210762331838565,0.0011210762331838565,0.9166666666666666,0.012195121951219514,0.0011210762331838565,0.0011210762331838565,0.0011210762331838565,0.0011210762331838565,0.0011210762331838565,0.0011210762331838565,0.0011210762331838565
Am-ATC-3_109,0.0011210762331838565,0.0011210762331838565,0.0011210762331838565,0.0011210762331838565,0.0011210762331838565,0.0011210762331838565,0.0011210762331838565,0.1,0.9166666666666666,0.0011210762331838565,0.0011210762331838565,0.0011210762331838565,0.0011210762331838565,0.0011210762331838565,0.0011210762331838565,0.0011210762331838565
Am-ATC-3_110,0.0011210762331838565,0.0011210762331838565,0.0011210762331838565,0.0011210762331838565,0.0011210762331838565,0.0011210762331838565,0.0011210762331838565,0.0011210762331838565,0.0011210762331838565,0.9166666666666666,0.012195121951219514,0.0011210762331838565,0.0011210762331838565,0.0011210762331838565,0.0011210762331838565,0.0011210762331838565
Am-ATC-3_111,0.0011210762331838565,0.0011210762331838565,0.0011210762331838565,0.0011210762331838565,0.0011210762331838565,0.0011210762331838565,0.0011210762331838565,0.0011210762331838565,0.0011210762331838565,0.1,0.9166666666666666,0.012195121951219514,0.0011210762331838565,0.0011210762331838565,0.0011210762331838565,0.0011210762331838565
Am-ATC-3_112,0.0011210762331838565,0.0011210762331838565,0.0011210762331838565,0.0011210762331838565,0.0011210762331838565,0.0011210762331838565,0.0011210762331838565,0.0011210762331838565,0.0011210762331838565,0.0011210762331838565,0.1,0.9166666666666666,0.012195121951219514,0.0011210762331838565,0.0011210762331838565,0.0011210762331838565
Am-ATC-3_113,0.0011210762331838565,0.0011210762331838565,0.0011210762331838565,0.0011210762331838565,0.0011210762331838565,0.0011210762331838565,0.0011210762331838565,0.0011210762331838565,0.0011210762331838565,0.0011210762331838565,0.0011210762331838565,0.1,0.9166666666666666,0.012195121951219514,0.0011210762331838565,0.0011210762331838565
Am-ATC-3_114,0.0011210762331838565,0.0011210762331838565,0.0011210762331838565,0.0011210762331838565,0.0011210762331838565,0.0011210762331838565,0.0011210762331838565,0.0011210762331838565,0.0011210762331838565,0.0011210762331838565,0.0011210762331838565,0.0011210762331838565,0.1,0.9166666666666666,0.0011210762331838565,0.0011210762331838565
Am-ATC-3_115,0.0011210762331838565,0.0011210762331838565,0.0011210762331838565,0.0011210762331838565,0.0011210762331838565,0.0011210762331838565,0.0011210762331838565,0.0011210762331838565,0.0011210762331838565,0.0011210762331838565,0.0011210762331838565,0.0011210762331838565,0.0011210762331838565,0.0011210762331838565,0.9166666666666666,0.012195121951219514
Am-ATC-3_116,0.0011210762331838565,0.0011210762331838565,0.0011210762331838565,0.0011210762331838565,0.0011210762331838565,0.0011210762331838565,0.0011210762331838565,0.0011210762331838565,0.0011210762331838565,0.0011210762331838565,0.0011210762331838565,0.0011210762331838565,0.0011210762331838565,0.0011210762331838565,0.1,0.9166666666666666
